2026-06-29 16:35:34                      [restDemo]                      [restartedMain]                      INFO                       com.restDemo.RestDemoApplication                      - Starting RestDemoApplication using Java 23 with PID 41366 (/home/logeshkumar/Desktop/practice/restDemo/target/classes started by logeshkumar in /home/logeshkumar/Desktop/practice/restDemo)
2026-06-29 16:35:34                      [restDemo]                      [restartedMain]                      INFO                       com.restDemo.RestDemoApplication                      - No active profile set, falling back to 1 default profile: "default"
2026-06-29 16:35:34                      [restDemo]                      [restartedMain]                      INFO                       o.s.b.d.e.DevToolsPropertyDefaultsPostProcessor                      - Devtools property defaults active! Set 'spring.devtools.add-properties' to 'false' to disable
2026-06-29 16:35:34                      [restDemo]                      [restartedMain]                      INFO                       o.s.b.d.e.DevToolsPropertyDefaultsPostProcessor                      - For additional web related logging consider setting the 'logging.level.web' property to 'DEBUG'
2026-06-29 16:35:35                      [restDemo]                      [restartedMain]                      INFO                       o.s.d.r.c.RepositoryConfigurationDelegate                      - Bootstrapping Spring Data JPA repositories in DEFAULT mode.
2026-06-29 16:35:35                      [restDemo]                      [restartedMain]                      INFO                       o.s.d.r.c.RepositoryConfigurationDelegate                      - Finished Spring Data repository scanning in 45 ms. Found 1 JPA repository interface.
2026-06-29 16:35:36                      [restDemo]                      [restartedMain]                      INFO                       o.s.b.w.e.tomcat.TomcatWebServer                      - Tomcat initialized with port 8001 (http)
2026-06-29 16:35:36                      [restDemo]                      [restartedMain]                      INFO                       o.a.coyote.http11.Http11NioProtocol                      - Initializing ProtocolHandler ["http-nio-8001"]
2026-06-29 16:35:36                      [restDemo]                      [restartedMain]                      INFO                       o.a.catalina.core.StandardService                      - Starting service [Tomcat]
2026-06-29 16:35:36                      [restDemo]                      [restartedMain]                      INFO                       o.a.catalina.core.StandardEngine                      - Starting Servlet engine: [Apache Tomcat/10.1.31]
2026-06-29 16:35:36                      [restDemo]                      [restartedMain]                      INFO                       o.a.c.c.C.[Tomcat].[localhost].[/]                      - Initializing Spring embedded WebApplicationContext
2026-06-29 16:35:36                      [restDemo]                      [restartedMain]                      INFO                       o.s.b.w.s.c.ServletWebServerApplicationContext                      - Root WebApplicationContext: initialization completed in 2094 ms
2026-06-29 16:35:36                      [restDemo]                      [restartedMain]                      INFO                       com.zaxxer.hikari.HikariDataSource                      - HikariPool-1 - Starting...
2026-06-29 16:35:36                      [restDemo]                      [restartedMain]                      INFO                       com.zaxxer.hikari.pool.HikariPool                      - HikariPool-1 - Added connection conn0: url=jdbc:h2:mem:testdb user=SA
2026-06-29 16:35:36                      [restDemo]                      [restartedMain]                      INFO                       com.zaxxer.hikari.HikariDataSource                      - HikariPool-1 - Start completed.
2026-06-29 16:35:36                      [restDemo]                      [restartedMain]                      INFO                       o.s.b.a.h.H2ConsoleAutoConfiguration                      - H2 console available at '/h2-console'. Database available at 'jdbc:h2:mem:testdb'
2026-06-29 16:35:36                      [restDemo]                      [restartedMain]                      INFO                       o.h.jpa.internal.util.LogHelper                      - HHH000204: Processing PersistenceUnitInfo [name: default]
2026-06-29 16:35:36                      [restDemo]                      [restartedMain]                      INFO                       org.hibernate.Version                      - HHH000412: Hibernate ORM core version 6.5.3.Final
2026-06-29 16:35:36                      [restDemo]                      [restartedMain]                      INFO                       o.h.c.i.RegionFactoryInitiator                      - HHH000026: Second-level cache disabled
2026-06-29 16:35:37                      [restDemo]                      [restartedMain]                      INFO                       o.s.o.j.p.SpringPersistenceUnitInfo                      - No LoadTimeWeaver setup: ignoring JPA class transformer
2026-06-29 16:35:37                      [restDemo]                      [restartedMain]                      WARN                       org.hibernate.orm.deprecation                      - HHH90000025: H2Dialect does not need to be specified explicitly using 'hibernate.dialect' (remove the property setting and it will be selected by default)
2026-06-29 16:35:38                      [restDemo]                      [restartedMain]                      INFO                       o.h.e.t.j.p.i.JtaPlatformInitiator                      - HHH000489: No JTA platform available (set 'hibernate.transaction.jta.platform' to enable JTA platform integration)
2026-06-29 16:35:38                      [restDemo]                      [restartedMain]                      DEBUG                      org.hibernate.SQL                      - create table users (id bigint generated by default as identity, created_at bigint, created_by bigint, created_date timestamp(6), updated_at bigint, updated_by bigint, updated_date timestamp(6), city varchar(255), email_id varchar(255), mobile_no varchar(255), name varchar(255), password varchar(255), user_name varchar(255), primary key (id))
2026-06-29 16:35:38                      [restDemo]                      [restartedMain]                      INFO                       o.s.o.j.LocalContainerEntityManagerFactoryBean                      - Initialized JPA EntityManagerFactory for persistence unit 'default'
2026-06-29 16:35:38                      [restDemo]                      [restartedMain]                      WARN                       o.s.b.w.s.c.AnnotationConfigServletWebServerApplicationContext                      - Exception encountered during context initialization - cancelling refresh attempt: org.springframework.beans.factory.UnsatisfiedDependencyException: Error creating bean with name 'userController' defined in file [/home/logeshkumar/Desktop/practice/restDemo/target/classes/com/restDemo/controller/UserController.class]: Unsatisfied dependency expressed through constructor parameter 0: Error creating bean with name 'userService' defined in file [/home/logeshkumar/Desktop/practice/restDemo/target/classes/com/restDemo/service/UserService.class]: Unsatisfied dependency expressed through constructor parameter 0: Error creating bean with name 'userRepositoryImpl' defined in file [/home/logeshkumar/Desktop/practice/restDemo/target/classes/com/restDemo/repositoryImpl/UserRepositoryImpl.class]: Unsatisfied dependency expressed through constructor parameter 1: No qualifying bean of type 'mapper.UserMapper' available: expected at least 1 bean which qualifies as autowire candidate. Dependency annotations: {}
2026-06-29 16:35:38                      [restDemo]                      [restartedMain]                      INFO                       o.s.o.j.LocalContainerEntityManagerFactoryBean                      - Closing JPA EntityManagerFactory for persistence unit 'default'
2026-06-29 16:35:38                      [restDemo]                      [restartedMain]                      WARN                       o.s.b.f.s.DisposableBeanAdapter                      - Invocation of destroy method failed on bean with name 'inMemoryDatabaseShutdownExecutor': org.h2.jdbc.JdbcSQLNonTransientConnectionException: Database is already closed (to disable automatic closing at VM shutdown, add ";DB_CLOSE_ON_EXIT=FALSE" to the db URL) [90121-224]
2026-06-29 16:35:38                      [restDemo]                      [restartedMain]                      INFO                       com.zaxxer.hikari.HikariDataSource                      - HikariPool-1 - Shutdown initiated...
2026-06-29 16:35:38                      [restDemo]                      [restartedMain]                      INFO                       com.zaxxer.hikari.HikariDataSource                      - HikariPool-1 - Shutdown completed.
2026-06-29 16:35:38                      [restDemo]                      [restartedMain]                      INFO                       o.a.catalina.core.StandardService                      - Stopping service [Tomcat]
2026-06-29 16:35:38                      [restDemo]                      [restartedMain]                      INFO                       o.s.b.a.l.ConditionEvaluationReportLogger                      - 

Error starting ApplicationContext. To display the condition evaluation report re-run your application with 'debug' enabled.
2026-06-29 16:35:38                      [restDemo]                      [restartedMain]                      ERROR                      o.s.b.d.LoggingFailureAnalysisReporter                      - 

***************************
APPLICATION FAILED TO START
***************************

Description:

Parameter 1 of constructor in com.restDemo.repositoryImpl.UserRepositoryImpl required a bean of type 'mapper.UserMapper' that could not be found.


Action:

Consider defining a bean of type 'mapper.UserMapper' in your configuration.

2026-06-29 16:39:31                      [restDemo]                      [restartedMain]                      INFO                       com.restDemo.RestDemoApplication                      - Starting RestDemoApplication using Java 23 with PID 41858 (/home/logeshkumar/Desktop/practice/restDemo/target/classes started by logeshkumar in /home/logeshkumar/Desktop/practice/restDemo)
2026-06-29 16:39:31                      [restDemo]                      [restartedMain]                      INFO                       com.restDemo.RestDemoApplication                      - No active profile set, falling back to 1 default profile: "default"
2026-06-29 16:39:31                      [restDemo]                      [restartedMain]                      INFO                       o.s.b.d.e.DevToolsPropertyDefaultsPostProcessor                      - Devtools property defaults active! Set 'spring.devtools.add-properties' to 'false' to disable
2026-06-29 16:39:31                      [restDemo]                      [restartedMain]                      INFO                       o.s.b.d.e.DevToolsPropertyDefaultsPostProcessor                      - For additional web related logging consider setting the 'logging.level.web' property to 'DEBUG'
2026-06-29 16:39:32                      [restDemo]                      [restartedMain]                      INFO                       o.s.d.r.c.RepositoryConfigurationDelegate                      - Bootstrapping Spring Data JPA repositories in DEFAULT mode.
2026-06-29 16:39:32                      [restDemo]                      [restartedMain]                      INFO                       o.s.d.r.c.RepositoryConfigurationDelegate                      - Finished Spring Data repository scanning in 51 ms. Found 1 JPA repository interface.
2026-06-29 16:39:32                      [restDemo]                      [restartedMain]                      INFO                       o.s.b.w.e.tomcat.TomcatWebServer                      - Tomcat initialized with port 8001 (http)
2026-06-29 16:39:32                      [restDemo]                      [restartedMain]                      INFO                       o.a.coyote.http11.Http11NioProtocol                      - Initializing ProtocolHandler ["http-nio-8001"]
2026-06-29 16:39:32                      [restDemo]                      [restartedMain]                      INFO                       o.a.catalina.core.StandardService                      - Starting service [Tomcat]
2026-06-29 16:39:32                      [restDemo]                      [restartedMain]                      INFO                       o.a.catalina.core.StandardEngine                      - Starting Servlet engine: [Apache Tomcat/10.1.31]
2026-06-29 16:39:32                      [restDemo]                      [restartedMain]                      INFO                       o.a.c.c.C.[Tomcat].[localhost].[/]                      - Initializing Spring embedded WebApplicationContext
2026-06-29 16:39:32                      [restDemo]                      [restartedMain]                      INFO                       o.s.b.w.s.c.ServletWebServerApplicationContext                      - Root WebApplicationContext: initialization completed in 1494 ms
2026-06-29 16:39:32                      [restDemo]                      [restartedMain]                      INFO                       com.zaxxer.hikari.HikariDataSource                      - HikariPool-1 - Starting...
2026-06-29 16:39:32                      [restDemo]                      [restartedMain]                      INFO                       com.zaxxer.hikari.pool.HikariPool                      - HikariPool-1 - Added connection conn0: url=jdbc:h2:mem:testdb user=SA
2026-06-29 16:39:32                      [restDemo]                      [restartedMain]                      INFO                       com.zaxxer.hikari.HikariDataSource                      - HikariPool-1 - Start completed.
2026-06-29 16:39:32                      [restDemo]                      [restartedMain]                      INFO                       o.s.b.a.h.H2ConsoleAutoConfiguration                      - H2 console available at '/h2-console'. Database available at 'jdbc:h2:mem:testdb'
2026-06-29 16:39:33                      [restDemo]                      [restartedMain]                      INFO                       o.h.jpa.internal.util.LogHelper                      - HHH000204: Processing PersistenceUnitInfo [name: default]
2026-06-29 16:39:33                      [restDemo]                      [restartedMain]                      INFO                       org.hibernate.Version                      - HHH000412: Hibernate ORM core version 6.5.3.Final
2026-06-29 16:39:33                      [restDemo]                      [restartedMain]                      INFO                       o.h.c.i.RegionFactoryInitiator                      - HHH000026: Second-level cache disabled
2026-06-29 16:39:33                      [restDemo]                      [restartedMain]                      INFO                       o.s.o.j.p.SpringPersistenceUnitInfo                      - No LoadTimeWeaver setup: ignoring JPA class transformer
2026-06-29 16:39:33                      [restDemo]                      [restartedMain]                      WARN                       org.hibernate.orm.deprecation                      - HHH90000025: H2Dialect does not need to be specified explicitly using 'hibernate.dialect' (remove the property setting and it will be selected by default)
2026-06-29 16:39:34                      [restDemo]                      [restartedMain]                      INFO                       o.h.e.t.j.p.i.JtaPlatformInitiator                      - HHH000489: No JTA platform available (set 'hibernate.transaction.jta.platform' to enable JTA platform integration)
2026-06-29 16:39:34                      [restDemo]                      [restartedMain]                      DEBUG                      org.hibernate.SQL                      - create table users (id bigint generated by default as identity, created_at bigint, created_by bigint, created_date timestamp(6), updated_at bigint, updated_by bigint, updated_date timestamp(6), city varchar(255), email_id varchar(255), mobile_no varchar(255), name varchar(255), password varchar(255), user_name varchar(255), primary key (id))
2026-06-29 16:39:34                      [restDemo]                      [restartedMain]                      INFO                       o.s.o.j.LocalContainerEntityManagerFactoryBean                      - Initialized JPA EntityManagerFactory for persistence unit 'default'
2026-06-29 16:39:34                      [restDemo]                      [restartedMain]                      WARN                       o.s.b.a.o.j.JpaBaseConfiguration$JpaWebConfiguration                      - spring.jpa.open-in-view is enabled by default. Therefore, database queries may be performed during view rendering. Explicitly configure spring.jpa.open-in-view to disable this warning
2026-06-29 16:39:34                      [restDemo]                      [restartedMain]                      WARN                       o.s.b.a.s.s.UserDetailsServiceAutoConfiguration                      - 

Using generated security password: 157c1081-2967-486e-b1a2-eca8a1c855ee

This generated password is for development use only. Your security configuration must be updated before running your application in production.

2026-06-29 16:39:34                      [restDemo]                      [restartedMain]                      INFO                       o.s.s.c.a.a.c.InitializeUserDetailsBeanManagerConfigurer$InitializeUserDetailsManagerConfigurer                      - Global AuthenticationManager configured with UserDetailsService bean with name inMemoryUserDetailsManager
2026-06-29 16:39:35                      [restDemo]                      [restartedMain]                      INFO                       o.s.b.d.a.OptionalLiveReloadServer                      - LiveReload server is running on port 35729
2026-06-29 16:39:35                      [restDemo]                      [restartedMain]                      INFO                       o.a.coyote.http11.Http11NioProtocol                      - Starting ProtocolHandler ["http-nio-8001"]
2026-06-29 16:39:35                      [restDemo]                      [restartedMain]                      INFO                       o.s.b.w.e.tomcat.TomcatWebServer                      - Tomcat started on port 8001 (http) with context path '/'
2026-06-29 16:39:35                      [restDemo]                      [restartedMain]                      INFO                       com.restDemo.RestDemoApplication                      - Started RestDemoApplication in 4.855 seconds (process running for 5.441)
2026-06-29 16:39:55                      [restDemo]                      [http-nio-8001-exec-1]                      INFO                       o.a.c.c.C.[Tomcat].[localhost].[/]                      - Initializing Spring DispatcherServlet 'dispatcherServlet'
2026-06-29 16:39:55                      [restDemo]                      [http-nio-8001-exec-1]                      INFO                       o.s.web.servlet.DispatcherServlet                      - Initializing Servlet 'dispatcherServlet'
2026-06-29 16:39:55                      [restDemo]                      [http-nio-8001-exec-1]                      INFO                       o.s.web.servlet.DispatcherServlet                      - Completed initialization in 1 ms
2026-06-29 16:39:55                      [restDemo]                      [http-nio-8001-exec-1]                      INFO                       com.restDemo.service.UserService                      - ERROR WHILE GETTING
2026-06-29 16:41:57                      [restDemo]                      [http-nio-8001-exec-5]                      DEBUG                      org.hibernate.SQL                      - select u1_0.id,u1_0.city,u1_0.created_at,u1_0.created_by,u1_0.created_date,u1_0.email_id,u1_0.mobile_no,u1_0.name,u1_0.password,u1_0.updated_at,u1_0.updated_by,u1_0.updated_date,u1_0.user_name from users u1_0 where u1_0.user_name=?
2026-06-29 16:41:57                      [restDemo]                      [http-nio-8001-exec-5]                      DEBUG                      org.hibernate.SQL                      - select u1_0.id from users u1_0 where u1_0.email_id=? fetch first ? rows only
2026-06-29 16:41:57                      [restDemo]                      [http-nio-8001-exec-5]                      DEBUG                      org.hibernate.SQL                      - insert into users (city,created_at,created_by,created_date,email_id,mobile_no,name,password,updated_at,updated_by,updated_date,user_name,id) values (?,?,?,?,?,?,?,?,?,?,?,?,default)
2026-06-29 16:42:05                      [restDemo]                      [http-nio-8001-exec-6]                      ERROR                      c.r.a.GlobalExceptionHandler                      - DB ERROR OCCURRED
2026-06-29 16:42:05                      [restDemo]                      [http-nio-8001-exec-6]                      ERROR                      c.r.a.GlobalExceptionHandler                      - Message: StatementCallback; bad SQL grammar [SELECT * FROM users]
2026-06-29 16:42:05                      [restDemo]                      [http-nio-8001-exec-6]                      ERROR                      c.r.a.GlobalExceptionHandler                      - ROOT CAUSE: Column "user_id" not found [42122-224]
2026-06-29 16:42:05                      [restDemo]                      [http-nio-8001-exec-6]                      INFO                       c.r.a.GlobalExceptionHandler                      - DB ERROR OCCURRED
CAUSE :: StatementCallback; bad SQL grammar [SELECT * FROM users] - Column "user_id" not found [42122-224]
2026-06-29 16:42:05                      [restDemo]                      [http-nio-8001-exec-6]                      WARN                       o.s.w.s.m.m.a.ExceptionHandlerExceptionResolver                      - Resolved [org.springframework.jdbc.BadSqlGrammarException: StatementCallback; bad SQL grammar [SELECT * FROM users]]
2026-06-29 16:43:49                      [restDemo]                      [SpringApplicationShutdownHook]                      INFO                       o.s.o.j.LocalContainerEntityManagerFactoryBean                      - Closing JPA EntityManagerFactory for persistence unit 'default'
2026-06-29 16:43:49                      [restDemo]                      [SpringApplicationShutdownHook]                      WARN                       o.s.b.f.s.DisposableBeanAdapter                      - Invocation of destroy method failed on bean with name 'inMemoryDatabaseShutdownExecutor': org.h2.jdbc.JdbcSQLNonTransientConnectionException: Database is already closed (to disable automatic closing at VM shutdown, add ";DB_CLOSE_ON_EXIT=FALSE" to the db URL) [90121-224]
2026-06-29 16:43:49                      [restDemo]                      [SpringApplicationShutdownHook]                      INFO                       com.zaxxer.hikari.HikariDataSource                      - HikariPool-1 - Shutdown initiated...
2026-06-29 16:43:49                      [restDemo]                      [SpringApplicationShutdownHook]                      INFO                       com.zaxxer.hikari.HikariDataSource                      - HikariPool-1 - Shutdown completed.
2026-06-29 16:43:55                      [restDemo]                      [restartedMain]                      INFO                       com.restDemo.RestDemoApplication                      - Starting RestDemoApplication using Java 23 with PID 42557 (/home/logeshkumar/Desktop/practice/restDemo/target/classes started by logeshkumar in /home/logeshkumar/Desktop/practice/restDemo)
2026-06-29 16:43:55                      [restDemo]                      [restartedMain]                      INFO                       com.restDemo.RestDemoApplication                      - No active profile set, falling back to 1 default profile: "default"
2026-06-29 16:43:55                      [restDemo]                      [restartedMain]                      INFO                       o.s.b.d.e.DevToolsPropertyDefaultsPostProcessor                      - Devtools property defaults active! Set 'spring.devtools.add-properties' to 'false' to disable
2026-06-29 16:43:55                      [restDemo]                      [restartedMain]                      INFO                       o.s.b.d.e.DevToolsPropertyDefaultsPostProcessor                      - For additional web related logging consider setting the 'logging.level.web' property to 'DEBUG'
2026-06-29 16:43:56                      [restDemo]                      [restartedMain]                      INFO                       o.s.d.r.c.RepositoryConfigurationDelegate                      - Bootstrapping Spring Data JPA repositories in DEFAULT mode.
2026-06-29 16:43:56                      [restDemo]                      [restartedMain]                      INFO                       o.s.d.r.c.RepositoryConfigurationDelegate                      - Finished Spring Data repository scanning in 67 ms. Found 1 JPA repository interface.
2026-06-29 16:43:56                      [restDemo]                      [restartedMain]                      INFO                       o.s.b.w.e.tomcat.TomcatWebServer                      - Tomcat initialized with port 8001 (http)
2026-06-29 16:43:56                      [restDemo]                      [restartedMain]                      INFO                       o.a.coyote.http11.Http11NioProtocol                      - Initializing ProtocolHandler ["http-nio-8001"]
2026-06-29 16:43:56                      [restDemo]                      [restartedMain]                      INFO                       o.a.catalina.core.StandardService                      - Starting service [Tomcat]
2026-06-29 16:43:56                      [restDemo]                      [restartedMain]                      INFO                       o.a.catalina.core.StandardEngine                      - Starting Servlet engine: [Apache Tomcat/10.1.31]
2026-06-29 16:43:56                      [restDemo]                      [restartedMain]                      INFO                       o.a.c.c.C.[Tomcat].[localhost].[/]                      - Initializing Spring embedded WebApplicationContext
2026-06-29 16:43:56                      [restDemo]                      [restartedMain]                      INFO                       o.s.b.w.s.c.ServletWebServerApplicationContext                      - Root WebApplicationContext: initialization completed in 1528 ms
2026-06-29 16:43:56                      [restDemo]                      [restartedMain]                      INFO                       com.zaxxer.hikari.HikariDataSource                      - HikariPool-1 - Starting...
2026-06-29 16:43:57                      [restDemo]                      [restartedMain]                      INFO                       com.zaxxer.hikari.pool.HikariPool                      - HikariPool-1 - Added connection conn0: url=jdbc:h2:mem:testdb user=SA
2026-06-29 16:43:57                      [restDemo]                      [restartedMain]                      INFO                       com.zaxxer.hikari.HikariDataSource                      - HikariPool-1 - Start completed.
2026-06-29 16:43:57                      [restDemo]                      [restartedMain]                      INFO                       o.s.b.a.h.H2ConsoleAutoConfiguration                      - H2 console available at '/h2-console'. Database available at 'jdbc:h2:mem:testdb'
2026-06-29 16:43:57                      [restDemo]                      [restartedMain]                      INFO                       o.h.jpa.internal.util.LogHelper                      - HHH000204: Processing PersistenceUnitInfo [name: default]
2026-06-29 16:43:57                      [restDemo]                      [restartedMain]                      INFO                       org.hibernate.Version                      - HHH000412: Hibernate ORM core version 6.5.3.Final
2026-06-29 16:43:57                      [restDemo]                      [restartedMain]                      INFO                       o.h.c.i.RegionFactoryInitiator                      - HHH000026: Second-level cache disabled
2026-06-29 16:43:57                      [restDemo]                      [restartedMain]                      INFO                       o.s.o.j.p.SpringPersistenceUnitInfo                      - No LoadTimeWeaver setup: ignoring JPA class transformer
2026-06-29 16:43:57                      [restDemo]                      [restartedMain]                      WARN                       org.hibernate.orm.deprecation                      - HHH90000025: H2Dialect does not need to be specified explicitly using 'hibernate.dialect' (remove the property setting and it will be selected by default)
2026-06-29 16:43:58                      [restDemo]                      [restartedMain]                      INFO                       o.h.e.t.j.p.i.JtaPlatformInitiator                      - HHH000489: No JTA platform available (set 'hibernate.transaction.jta.platform' to enable JTA platform integration)
2026-06-29 16:43:58                      [restDemo]                      [restartedMain]                      DEBUG                      org.hibernate.SQL                      - create table users (id bigint generated by default as identity, created_at bigint, created_by bigint, created_date timestamp(6), updated_at bigint, updated_by bigint, updated_date timestamp(6), city varchar(255), email_id varchar(255), mobile_no varchar(255), name varchar(255), password varchar(255), user_id varchar(255), user_name varchar(255), primary key (id))
2026-06-29 16:43:58                      [restDemo]                      [restartedMain]                      INFO                       o.s.o.j.LocalContainerEntityManagerFactoryBean                      - Initialized JPA EntityManagerFactory for persistence unit 'default'
2026-06-29 16:43:58                      [restDemo]                      [restartedMain]                      WARN                       o.s.b.a.o.j.JpaBaseConfiguration$JpaWebConfiguration                      - spring.jpa.open-in-view is enabled by default. Therefore, database queries may be performed during view rendering. Explicitly configure spring.jpa.open-in-view to disable this warning
2026-06-29 16:43:58                      [restDemo]                      [restartedMain]                      WARN                       o.s.b.a.s.s.UserDetailsServiceAutoConfiguration                      - 

Using generated security password: 92cf8312-6271-4542-9d8d-bd389eeaaf67

This generated password is for development use only. Your security configuration must be updated before running your application in production.

2026-06-29 16:43:58                      [restDemo]                      [restartedMain]                      INFO                       o.s.s.c.a.a.c.InitializeUserDetailsBeanManagerConfigurer$InitializeUserDetailsManagerConfigurer                      - Global AuthenticationManager configured with UserDetailsService bean with name inMemoryUserDetailsManager
2026-06-29 16:43:59                      [restDemo]                      [restartedMain]                      INFO                       o.s.b.d.a.OptionalLiveReloadServer                      - LiveReload server is running on port 35729
2026-06-29 16:43:59                      [restDemo]                      [restartedMain]                      INFO                       o.a.coyote.http11.Http11NioProtocol                      - Starting ProtocolHandler ["http-nio-8001"]
2026-06-29 16:43:59                      [restDemo]                      [restartedMain]                      INFO                       o.s.b.w.e.tomcat.TomcatWebServer                      - Tomcat started on port 8001 (http) with context path '/'
2026-06-29 16:43:59                      [restDemo]                      [restartedMain]                      INFO                       com.restDemo.RestDemoApplication                      - Started RestDemoApplication in 4.82 seconds (process running for 5.43)
2026-06-29 16:44:08                      [restDemo]                      [SpringApplicationShutdownHook]                      INFO                       o.s.o.j.LocalContainerEntityManagerFactoryBean                      - Closing JPA EntityManagerFactory for persistence unit 'default'
2026-06-29 16:44:08                      [restDemo]                      [SpringApplicationShutdownHook]                      WARN                       o.s.b.f.s.DisposableBeanAdapter                      - Invocation of destroy method failed on bean with name 'inMemoryDatabaseShutdownExecutor': org.h2.jdbc.JdbcSQLNonTransientConnectionException: Database is already closed (to disable automatic closing at VM shutdown, add ";DB_CLOSE_ON_EXIT=FALSE" to the db URL) [90121-224]
2026-06-29 16:44:08                      [restDemo]                      [SpringApplicationShutdownHook]                      INFO                       com.zaxxer.hikari.HikariDataSource                      - HikariPool-1 - Shutdown initiated...
2026-06-29 16:44:08                      [restDemo]                      [SpringApplicationShutdownHook]                      INFO                       com.zaxxer.hikari.HikariDataSource                      - HikariPool-1 - Shutdown completed.
2026-06-29 16:44:12                      [restDemo]                      [restartedMain]                      INFO                       com.restDemo.RestDemoApplication                      - Starting RestDemoApplication using Java 23 with PID 42672 (/home/logeshkumar/Desktop/practice/restDemo/target/classes started by logeshkumar in /home/logeshkumar/Desktop/practice/restDemo)
2026-06-29 16:44:12                      [restDemo]                      [restartedMain]                      INFO                       com.restDemo.RestDemoApplication                      - No active profile set, falling back to 1 default profile: "default"
2026-06-29 16:44:12                      [restDemo]                      [restartedMain]                      INFO                       o.s.b.d.e.DevToolsPropertyDefaultsPostProcessor                      - Devtools property defaults active! Set 'spring.devtools.add-properties' to 'false' to disable
2026-06-29 16:44:12                      [restDemo]                      [restartedMain]                      INFO                       o.s.b.d.e.DevToolsPropertyDefaultsPostProcessor                      - For additional web related logging consider setting the 'logging.level.web' property to 'DEBUG'
2026-06-29 16:44:13                      [restDemo]                      [restartedMain]                      INFO                       o.s.d.r.c.RepositoryConfigurationDelegate                      - Bootstrapping Spring Data JPA repositories in DEFAULT mode.
2026-06-29 16:44:13                      [restDemo]                      [restartedMain]                      INFO                       o.s.d.r.c.RepositoryConfigurationDelegate                      - Finished Spring Data repository scanning in 52 ms. Found 1 JPA repository interface.
2026-06-29 16:44:14                      [restDemo]                      [restartedMain]                      INFO                       o.s.b.w.e.tomcat.TomcatWebServer                      - Tomcat initialized with port 8001 (http)
2026-06-29 16:44:14                      [restDemo]                      [restartedMain]                      INFO                       o.a.coyote.http11.Http11NioProtocol                      - Initializing ProtocolHandler ["http-nio-8001"]
2026-06-29 16:44:14                      [restDemo]                      [restartedMain]                      INFO                       o.a.catalina.core.StandardService                      - Starting service [Tomcat]
2026-06-29 16:44:14                      [restDemo]                      [restartedMain]                      INFO                       o.a.catalina.core.StandardEngine                      - Starting Servlet engine: [Apache Tomcat/10.1.31]
2026-06-29 16:44:14                      [restDemo]                      [restartedMain]                      INFO                       o.a.c.c.C.[Tomcat].[localhost].[/]                      - Initializing Spring embedded WebApplicationContext
2026-06-29 16:44:14                      [restDemo]                      [restartedMain]                      INFO                       o.s.b.w.s.c.ServletWebServerApplicationContext                      - Root WebApplicationContext: initialization completed in 1459 ms
2026-06-29 16:44:14                      [restDemo]                      [restartedMain]                      INFO                       com.zaxxer.hikari.HikariDataSource                      - HikariPool-1 - Starting...
2026-06-29 16:44:14                      [restDemo]                      [restartedMain]                      INFO                       com.zaxxer.hikari.pool.HikariPool                      - HikariPool-1 - Added connection conn0: url=jdbc:h2:mem:testdb user=SA
2026-06-29 16:44:14                      [restDemo]                      [restartedMain]                      INFO                       com.zaxxer.hikari.HikariDataSource                      - HikariPool-1 - Start completed.
2026-06-29 16:44:14                      [restDemo]                      [restartedMain]                      INFO                       o.s.b.a.h.H2ConsoleAutoConfiguration                      - H2 console available at '/h2-console'. Database available at 'jdbc:h2:mem:testdb'
2026-06-29 16:44:14                      [restDemo]                      [restartedMain]                      INFO                       o.h.jpa.internal.util.LogHelper                      - HHH000204: Processing PersistenceUnitInfo [name: default]
2026-06-29 16:44:14                      [restDemo]                      [restartedMain]                      INFO                       org.hibernate.Version                      - HHH000412: Hibernate ORM core version 6.5.3.Final
2026-06-29 16:44:14                      [restDemo]                      [restartedMain]                      INFO                       o.h.c.i.RegionFactoryInitiator                      - HHH000026: Second-level cache disabled
2026-06-29 16:44:15                      [restDemo]                      [restartedMain]                      INFO                       o.s.o.j.p.SpringPersistenceUnitInfo                      - No LoadTimeWeaver setup: ignoring JPA class transformer
2026-06-29 16:44:15                      [restDemo]                      [restartedMain]                      WARN                       org.hibernate.orm.deprecation                      - HHH90000025: H2Dialect does not need to be specified explicitly using 'hibernate.dialect' (remove the property setting and it will be selected by default)
2026-06-29 16:44:15                      [restDemo]                      [restartedMain]                      INFO                       o.h.e.t.j.p.i.JtaPlatformInitiator                      - HHH000489: No JTA platform available (set 'hibernate.transaction.jta.platform' to enable JTA platform integration)
2026-06-29 16:44:15                      [restDemo]                      [restartedMain]                      DEBUG                      org.hibernate.SQL                      - create table users (id bigint generated by default as identity, created_at bigint, created_by bigint, created_date timestamp(6), updated_at bigint, updated_by bigint, updated_date timestamp(6), city varchar(255), email_id varchar(255), mobile_no varchar(255), name varchar(255), password varchar(255), user_id varchar(255), user_name varchar(255), primary key (id))
2026-06-29 16:44:15                      [restDemo]                      [restartedMain]                      INFO                       o.s.o.j.LocalContainerEntityManagerFactoryBean                      - Initialized JPA EntityManagerFactory for persistence unit 'default'
2026-06-29 16:44:16                      [restDemo]                      [restartedMain]                      WARN                       o.s.b.a.o.j.JpaBaseConfiguration$JpaWebConfiguration                      - spring.jpa.open-in-view is enabled by default. Therefore, database queries may be performed during view rendering. Explicitly configure spring.jpa.open-in-view to disable this warning
2026-06-29 16:44:16                      [restDemo]                      [restartedMain]                      WARN                       o.s.b.a.s.s.UserDetailsServiceAutoConfiguration                      - 

Using generated security password: 6ed183d2-f398-40c7-860f-842fb76e335d

This generated password is for development use only. Your security configuration must be updated before running your application in production.

2026-06-29 16:44:16                      [restDemo]                      [restartedMain]                      INFO                       o.s.s.c.a.a.c.InitializeUserDetailsBeanManagerConfigurer$InitializeUserDetailsManagerConfigurer                      - Global AuthenticationManager configured with UserDetailsService bean with name inMemoryUserDetailsManager
2026-06-29 16:44:16                      [restDemo]                      [restartedMain]                      INFO                       o.s.b.d.a.OptionalLiveReloadServer                      - LiveReload server is running on port 35729
2026-06-29 16:44:16                      [restDemo]                      [restartedMain]                      INFO                       o.a.coyote.http11.Http11NioProtocol                      - Starting ProtocolHandler ["http-nio-8001"]
2026-06-29 16:44:16                      [restDemo]                      [restartedMain]                      INFO                       o.s.b.w.e.tomcat.TomcatWebServer                      - Tomcat started on port 8001 (http) with context path '/'
2026-06-29 16:44:16                      [restDemo]                      [restartedMain]                      INFO                       com.restDemo.RestDemoApplication                      - Started RestDemoApplication in 4.73 seconds (process running for 5.283)
2026-06-29 16:44:25                      [restDemo]                      [http-nio-8001-exec-1]                      INFO                       o.a.c.c.C.[Tomcat].[localhost].[/]                      - Initializing Spring DispatcherServlet 'dispatcherServlet'
2026-06-29 16:44:25                      [restDemo]                      [http-nio-8001-exec-1]                      INFO                       o.s.web.servlet.DispatcherServlet                      - Initializing Servlet 'dispatcherServlet'
2026-06-29 16:44:25                      [restDemo]                      [http-nio-8001-exec-1]                      INFO                       o.s.web.servlet.DispatcherServlet                      - Completed initialization in 2 ms
2026-06-29 16:44:26                      [restDemo]                      [http-nio-8001-exec-1]                      DEBUG                      org.hibernate.SQL                      - select u1_0.id,u1_0.city,u1_0.created_at,u1_0.created_by,u1_0.created_date,u1_0.email_id,u1_0.mobile_no,u1_0.name,u1_0.password,u1_0.updated_at,u1_0.updated_by,u1_0.updated_date,u1_0.user_id,u1_0.user_name from users u1_0 where u1_0.user_name=?
2026-06-29 16:44:26                      [restDemo]                      [http-nio-8001-exec-1]                      DEBUG                      org.hibernate.SQL                      - select u1_0.id from users u1_0 where u1_0.email_id=? fetch first ? rows only
2026-06-29 16:44:26                      [restDemo]                      [http-nio-8001-exec-1]                      DEBUG                      org.hibernate.SQL                      - insert into users (city,created_at,created_by,created_date,email_id,mobile_no,name,password,updated_at,updated_by,updated_date,user_id,user_name,id) values (?,?,?,?,?,?,?,?,?,?,?,?,?,default)
2026-06-29 16:44:30                      [restDemo]                      [http-nio-8001-exec-3]                      INFO                       com.restDemo.service.UserService                      - ERROR WHILE GETTING
2026-06-29 16:46:18                      [restDemo]                      [SpringApplicationShutdownHook]                      INFO                       o.s.o.j.LocalContainerEntityManagerFactoryBean                      - Closing JPA EntityManagerFactory for persistence unit 'default'
2026-06-29 16:46:18                      [restDemo]                      [SpringApplicationShutdownHook]                      WARN                       o.s.b.f.s.DisposableBeanAdapter                      - Invocation of destroy method failed on bean with name 'inMemoryDatabaseShutdownExecutor': org.h2.jdbc.JdbcSQLNonTransientConnectionException: Database is already closed (to disable automatic closing at VM shutdown, add ";DB_CLOSE_ON_EXIT=FALSE" to the db URL) [90121-224]
2026-06-29 16:46:18                      [restDemo]                      [SpringApplicationShutdownHook]                      INFO                       com.zaxxer.hikari.HikariDataSource                      - HikariPool-1 - Shutdown initiated...
2026-06-29 16:46:18                      [restDemo]                      [SpringApplicationShutdownHook]                      INFO                       com.zaxxer.hikari.HikariDataSource                      - HikariPool-1 - Shutdown completed.
2026-06-29 19:09:13                      [restDemo]                      [restartedMain]                      INFO                       com.restDemo.RestDemoApplication                      - Starting RestDemoApplication using Java 23 with PID 56173 (/home/logeshkumar/Desktop/practice/restDemo/target/classes started by logeshkumar in /home/logeshkumar/Desktop/practice/restDemo)
2026-06-29 19:09:13                      [restDemo]                      [restartedMain]                      INFO                       com.restDemo.RestDemoApplication                      - No active profile set, falling back to 1 default profile: "default"
2026-06-29 19:09:13                      [restDemo]                      [restartedMain]                      INFO                       o.s.b.d.e.DevToolsPropertyDefaultsPostProcessor                      - Devtools property defaults active! Set 'spring.devtools.add-properties' to 'false' to disable
2026-06-29 19:09:13                      [restDemo]                      [restartedMain]                      INFO                       o.s.b.d.e.DevToolsPropertyDefaultsPostProcessor                      - For additional web related logging consider setting the 'logging.level.web' property to 'DEBUG'
2026-06-29 19:09:14                      [restDemo]                      [restartedMain]                      INFO                       o.s.d.r.c.RepositoryConfigurationDelegate                      - Bootstrapping Spring Data JPA repositories in DEFAULT mode.
2026-06-29 19:09:14                      [restDemo]                      [restartedMain]                      INFO                       o.s.d.r.c.RepositoryConfigurationDelegate                      - Finished Spring Data repository scanning in 63 ms. Found 1 JPA repository interface.
2026-06-29 19:09:15                      [restDemo]                      [restartedMain]                      INFO                       o.s.b.w.e.tomcat.TomcatWebServer                      - Tomcat initialized with port 8001 (http)
2026-06-29 19:09:15                      [restDemo]                      [restartedMain]                      INFO                       o.a.coyote.http11.Http11NioProtocol                      - Initializing ProtocolHandler ["http-nio-8001"]
2026-06-29 19:09:15                      [restDemo]                      [restartedMain]                      INFO                       o.a.catalina.core.StandardService                      - Starting service [Tomcat]
2026-06-29 19:09:15                      [restDemo]                      [restartedMain]                      INFO                       o.a.catalina.core.StandardEngine                      - Starting Servlet engine: [Apache Tomcat/10.1.31]
2026-06-29 19:09:16                      [restDemo]                      [restartedMain]                      INFO                       o.a.c.c.C.[Tomcat].[localhost].[/]                      - Initializing Spring embedded WebApplicationContext
2026-06-29 19:09:16                      [restDemo]                      [restartedMain]                      INFO                       o.s.b.w.s.c.ServletWebServerApplicationContext                      - Root WebApplicationContext: initialization completed in 2464 ms
2026-06-29 19:09:16                      [restDemo]                      [restartedMain]                      INFO                       com.zaxxer.hikari.HikariDataSource                      - HikariPool-1 - Starting...
2026-06-29 19:09:16                      [restDemo]                      [restartedMain]                      INFO                       com.zaxxer.hikari.pool.HikariPool                      - HikariPool-1 - Added connection conn0: url=jdbc:h2:mem:testdb user=SA
2026-06-29 19:09:16                      [restDemo]                      [restartedMain]                      INFO                       com.zaxxer.hikari.HikariDataSource                      - HikariPool-1 - Start completed.
2026-06-29 19:09:16                      [restDemo]                      [restartedMain]                      INFO                       o.s.b.a.h.H2ConsoleAutoConfiguration                      - H2 console available at '/h2-console'. Database available at 'jdbc:h2:mem:testdb'
2026-06-29 19:09:16                      [restDemo]                      [restartedMain]                      INFO                       o.h.jpa.internal.util.LogHelper                      - HHH000204: Processing PersistenceUnitInfo [name: default]
2026-06-29 19:09:16                      [restDemo]                      [restartedMain]                      INFO                       org.hibernate.Version                      - HHH000412: Hibernate ORM core version 6.5.3.Final
2026-06-29 19:09:16                      [restDemo]                      [restartedMain]                      INFO                       o.h.c.i.RegionFactoryInitiator                      - HHH000026: Second-level cache disabled
2026-06-29 19:09:16                      [restDemo]                      [restartedMain]                      INFO                       o.s.o.j.p.SpringPersistenceUnitInfo                      - No LoadTimeWeaver setup: ignoring JPA class transformer
2026-06-29 19:09:16                      [restDemo]                      [restartedMain]                      WARN                       org.hibernate.orm.deprecation                      - HHH90000025: H2Dialect does not need to be specified explicitly using 'hibernate.dialect' (remove the property setting and it will be selected by default)
2026-06-29 19:09:17                      [restDemo]                      [restartedMain]                      INFO                       o.h.e.t.j.p.i.JtaPlatformInitiator                      - HHH000489: No JTA platform available (set 'hibernate.transaction.jta.platform' to enable JTA platform integration)
2026-06-29 19:09:17                      [restDemo]                      [restartedMain]                      DEBUG                      org.hibernate.SQL                      - create table users (id bigint generated by default as identity, created_at bigint, created_by bigint, created_date timestamp(6), updated_at bigint, updated_by bigint, updated_date timestamp(6), city varchar(255), email_id varchar(255), mobile_no varchar(255), name varchar(255), password varchar(255), user_id varchar(255), user_name varchar(255), primary key (id))
2026-06-29 19:09:17                      [restDemo]                      [restartedMain]                      INFO                       o.s.o.j.LocalContainerEntityManagerFactoryBean                      - Initialized JPA EntityManagerFactory for persistence unit 'default'
2026-06-29 19:09:18                      [restDemo]                      [restartedMain]                      WARN                       o.s.b.a.o.j.JpaBaseConfiguration$JpaWebConfiguration                      - spring.jpa.open-in-view is enabled by default. Therefore, database queries may be performed during view rendering. Explicitly configure spring.jpa.open-in-view to disable this warning
2026-06-29 19:09:18                      [restDemo]                      [restartedMain]                      WARN                       o.s.b.a.s.s.UserDetailsServiceAutoConfiguration                      - 

Using generated security password: c915a374-24fc-4a89-a50a-dd6d374956ba

This generated password is for development use only. Your security configuration must be updated before running your application in production.

2026-06-29 19:09:18                      [restDemo]                      [restartedMain]                      INFO                       o.s.s.c.a.a.c.InitializeUserDetailsBeanManagerConfigurer$InitializeUserDetailsManagerConfigurer                      - Global AuthenticationManager configured with UserDetailsService bean with name inMemoryUserDetailsManager
2026-06-29 19:09:18                      [restDemo]                      [restartedMain]                      INFO                       o.s.b.d.a.OptionalLiveReloadServer                      - LiveReload server is running on port 35729
2026-06-29 19:09:18                      [restDemo]                      [restartedMain]                      INFO                       o.a.coyote.http11.Http11NioProtocol                      - Starting ProtocolHandler ["http-nio-8001"]
2026-06-29 19:09:18                      [restDemo]                      [restartedMain]                      INFO                       o.s.b.w.e.tomcat.TomcatWebServer                      - Tomcat started on port 8001 (http) with context path '/'
2026-06-29 19:09:18                      [restDemo]                      [restartedMain]                      INFO                       com.restDemo.RestDemoApplication                      - Started RestDemoApplication in 6.182 seconds (process running for 7.024)
2026-06-29 19:09:40                      [restDemo]                      [SpringApplicationShutdownHook]                      INFO                       o.s.o.j.LocalContainerEntityManagerFactoryBean                      - Closing JPA EntityManagerFactory for persistence unit 'default'
2026-06-29 19:09:40                      [restDemo]                      [SpringApplicationShutdownHook]                      WARN                       o.s.b.f.s.DisposableBeanAdapter                      - Invocation of destroy method failed on bean with name 'inMemoryDatabaseShutdownExecutor': org.h2.jdbc.JdbcSQLNonTransientConnectionException: Database is already closed (to disable automatic closing at VM shutdown, add ";DB_CLOSE_ON_EXIT=FALSE" to the db URL) [90121-224]
2026-06-29 19:09:40                      [restDemo]                      [SpringApplicationShutdownHook]                      INFO                       com.zaxxer.hikari.HikariDataSource                      - HikariPool-1 - Shutdown initiated...
2026-06-29 19:09:40                      [restDemo]                      [SpringApplicationShutdownHook]                      INFO                       com.zaxxer.hikari.HikariDataSource                      - HikariPool-1 - Shutdown completed.
2026-06-29 19:09:44                      [restDemo]                      [restartedMain]                      INFO                       com.restDemo.RestDemoApplication                      - Starting RestDemoApplication using Java 23 with PID 56330 (/home/logeshkumar/Desktop/practice/restDemo/target/classes started by logeshkumar in /home/logeshkumar/Desktop/practice/restDemo)
2026-06-29 19:09:44                      [restDemo]                      [restartedMain]                      INFO                       com.restDemo.RestDemoApplication                      - No active profile set, falling back to 1 default profile: "default"
2026-06-29 19:09:44                      [restDemo]                      [restartedMain]                      INFO                       o.s.b.d.e.DevToolsPropertyDefaultsPostProcessor                      - Devtools property defaults active! Set 'spring.devtools.add-properties' to 'false' to disable
2026-06-29 19:09:44                      [restDemo]                      [restartedMain]                      INFO                       o.s.b.d.e.DevToolsPropertyDefaultsPostProcessor                      - For additional web related logging consider setting the 'logging.level.web' property to 'DEBUG'
2026-06-29 19:09:45                      [restDemo]                      [restartedMain]                      INFO                       o.s.d.r.c.RepositoryConfigurationDelegate                      - Bootstrapping Spring Data JPA repositories in DEFAULT mode.
2026-06-29 19:09:45                      [restDemo]                      [restartedMain]                      INFO                       o.s.d.r.c.RepositoryConfigurationDelegate                      - Finished Spring Data repository scanning in 48 ms. Found 1 JPA repository interface.
2026-06-29 19:09:45                      [restDemo]                      [restartedMain]                      INFO                       o.s.b.w.e.tomcat.TomcatWebServer                      - Tomcat initialized with port 8001 (http)
2026-06-29 19:09:45                      [restDemo]                      [restartedMain]                      INFO                       o.a.coyote.http11.Http11NioProtocol                      - Initializing ProtocolHandler ["http-nio-8001"]
2026-06-29 19:09:45                      [restDemo]                      [restartedMain]                      INFO                       o.a.catalina.core.StandardService                      - Starting service [Tomcat]
2026-06-29 19:09:45                      [restDemo]                      [restartedMain]                      INFO                       o.a.catalina.core.StandardEngine                      - Starting Servlet engine: [Apache Tomcat/10.1.31]
2026-06-29 19:09:45                      [restDemo]                      [restartedMain]                      INFO                       o.a.c.c.C.[Tomcat].[localhost].[/]                      - Initializing Spring embedded WebApplicationContext
2026-06-29 19:09:45                      [restDemo]                      [restartedMain]                      INFO                       o.s.b.w.s.c.ServletWebServerApplicationContext                      - Root WebApplicationContext: initialization completed in 1572 ms
2026-06-29 19:09:46                      [restDemo]                      [restartedMain]                      INFO                       com.zaxxer.hikari.HikariDataSource                      - HikariPool-1 - Starting...
2026-06-29 19:09:46                      [restDemo]                      [restartedMain]                      INFO                       com.zaxxer.hikari.pool.HikariPool                      - HikariPool-1 - Added connection conn0: url=jdbc:h2:mem:testdb user=SA
2026-06-29 19:09:46                      [restDemo]                      [restartedMain]                      INFO                       com.zaxxer.hikari.HikariDataSource                      - HikariPool-1 - Start completed.
2026-06-29 19:09:46                      [restDemo]                      [restartedMain]                      INFO                       o.s.b.a.h.H2ConsoleAutoConfiguration                      - H2 console available at '/h2-console'. Database available at 'jdbc:h2:mem:testdb'
2026-06-29 19:09:46                      [restDemo]                      [restartedMain]                      INFO                       o.h.jpa.internal.util.LogHelper                      - HHH000204: Processing PersistenceUnitInfo [name: default]
2026-06-29 19:09:46                      [restDemo]                      [restartedMain]                      INFO                       org.hibernate.Version                      - HHH000412: Hibernate ORM core version 6.5.3.Final
2026-06-29 19:09:46                      [restDemo]                      [restartedMain]                      INFO                       o.h.c.i.RegionFactoryInitiator                      - HHH000026: Second-level cache disabled
2026-06-29 19:09:46                      [restDemo]                      [restartedMain]                      INFO                       o.s.o.j.p.SpringPersistenceUnitInfo                      - No LoadTimeWeaver setup: ignoring JPA class transformer
2026-06-29 19:09:46                      [restDemo]                      [restartedMain]                      WARN                       org.hibernate.orm.deprecation                      - HHH90000025: H2Dialect does not need to be specified explicitly using 'hibernate.dialect' (remove the property setting and it will be selected by default)
2026-06-29 19:09:47                      [restDemo]                      [restartedMain]                      INFO                       o.h.e.t.j.p.i.JtaPlatformInitiator                      - HHH000489: No JTA platform available (set 'hibernate.transaction.jta.platform' to enable JTA platform integration)
2026-06-29 19:09:47                      [restDemo]                      [restartedMain]                      DEBUG                      org.hibernate.SQL                      - create table users (id bigint generated by default as identity, created_at bigint, created_by bigint, created_date timestamp(6), updated_at bigint, updated_by bigint, updated_date timestamp(6), city varchar(255), email_id varchar(255), mobile_no varchar(255), name varchar(255), password varchar(255), user_id varchar(255), user_name varchar(255), primary key (id))
2026-06-29 19:09:47                      [restDemo]                      [restartedMain]                      INFO                       o.s.o.j.LocalContainerEntityManagerFactoryBean                      - Initialized JPA EntityManagerFactory for persistence unit 'default'
2026-06-29 19:09:48                      [restDemo]                      [restartedMain]                      WARN                       o.s.b.a.o.j.JpaBaseConfiguration$JpaWebConfiguration                      - spring.jpa.open-in-view is enabled by default. Therefore, database queries may be performed during view rendering. Explicitly configure spring.jpa.open-in-view to disable this warning
2026-06-29 19:09:48                      [restDemo]                      [restartedMain]                      WARN                       o.s.b.a.s.s.UserDetailsServiceAutoConfiguration                      - 

Using generated security password: 8e4ed8ba-d05c-454d-bc70-ab3c548b50e8

This generated password is for development use only. Your security configuration must be updated before running your application in production.

2026-06-29 19:09:48                      [restDemo]                      [restartedMain]                      INFO                       o.s.s.c.a.a.c.InitializeUserDetailsBeanManagerConfigurer$InitializeUserDetailsManagerConfigurer                      - Global AuthenticationManager configured with UserDetailsService bean with name inMemoryUserDetailsManager
2026-06-29 19:09:48                      [restDemo]                      [restartedMain]                      INFO                       o.s.b.d.a.OptionalLiveReloadServer                      - LiveReload server is running on port 35729
2026-06-29 19:09:48                      [restDemo]                      [restartedMain]                      INFO                       o.a.coyote.http11.Http11NioProtocol                      - Starting ProtocolHandler ["http-nio-8001"]
2026-06-29 19:09:48                      [restDemo]                      [restartedMain]                      INFO                       o.s.b.w.e.tomcat.TomcatWebServer                      - Tomcat started on port 8001 (http) with context path '/'
2026-06-29 19:09:48                      [restDemo]                      [restartedMain]                      INFO                       com.restDemo.RestDemoApplication                      - Started RestDemoApplication in 4.879 seconds (process running for 5.489)
2026-06-29 19:09:55                      [restDemo]                      [http-nio-8001-exec-1]                      INFO                       o.a.c.c.C.[Tomcat].[localhost].[/]                      - Initializing Spring DispatcherServlet 'dispatcherServlet'
2026-06-29 19:09:55                      [restDemo]                      [http-nio-8001-exec-1]                      INFO                       o.s.web.servlet.DispatcherServlet                      - Initializing Servlet 'dispatcherServlet'
2026-06-29 19:09:55                      [restDemo]                      [http-nio-8001-exec-1]                      INFO                       o.s.web.servlet.DispatcherServlet                      - Completed initialization in 1 ms
2026-06-29 19:09:56                      [restDemo]                      [http-nio-8001-exec-1]                      DEBUG                      org.hibernate.SQL                      - select u1_0.id,u1_0.city,u1_0.created_at,u1_0.created_by,u1_0.created_date,u1_0.email_id,u1_0.mobile_no,u1_0.name,u1_0.password,u1_0.updated_at,u1_0.updated_by,u1_0.updated_date,u1_0.user_id,u1_0.user_name from users u1_0 where u1_0.user_name=?
2026-06-29 19:09:56                      [restDemo]                      [http-nio-8001-exec-1]                      DEBUG                      org.hibernate.SQL                      - select u1_0.id from users u1_0 where u1_0.email_id=? fetch first ? rows only
2026-06-29 19:09:56                      [restDemo]                      [http-nio-8001-exec-1]                      DEBUG                      org.hibernate.SQL                      - insert into users (city,created_at,created_by,created_date,email_id,mobile_no,name,password,updated_at,updated_by,updated_date,user_id,user_name,id) values (?,?,?,?,?,?,?,?,?,?,?,?,?,default)
2026-06-29 19:10:05                      [restDemo]                      [http-nio-8001-exec-3]                      ERROR                      c.r.a.GlobalExceptionHandler                      - Application Error
org.springframework.jdbc.BadSqlGrammarException: StatementCallback; bad SQL grammar [SELECT * FROM users]
	at org.springframework.jdbc.support.SQLExceptionSubclassTranslator.doTranslate(SQLExceptionSubclassTranslator.java:103)
	at org.springframework.jdbc.support.AbstractFallbackSQLExceptionTranslator.translate(AbstractFallbackSQLExceptionTranslator.java:107)
	at org.springframework.jdbc.core.JdbcTemplate.translateException(JdbcTemplate.java:1548)
	at org.springframework.jdbc.core.JdbcTemplate.execute(JdbcTemplate.java:408)
	at org.springframework.jdbc.core.JdbcTemplate.query(JdbcTemplate.java:476)
	at org.springframework.jdbc.core.JdbcTemplate.query(JdbcTemplate.java:486)
	at com.restDemo.repositoryImpl.UserRepositoryImpl.getUsers(UserRepositoryImpl.java:19)
	at com.restDemo.service.UserService.getAllUserDTO(UserService.java:73)
	at com.restDemo.controller.UserController.getAllUsersDTO(UserController.java:66)
	at java.base/jdk.internal.reflect.DirectMethodHandleAccessor.invoke(DirectMethodHandleAccessor.java:103)
	at java.base/java.lang.reflect.Method.invoke(Method.java:580)
	at org.springframework.web.method.support.InvocableHandlerMethod.doInvoke(InvocableHandlerMethod.java:255)
	at org.springframework.web.method.support.InvocableHandlerMethod.invokeForRequest(InvocableHandlerMethod.java:188)
	at org.springframework.web.servlet.mvc.method.annotation.ServletInvocableHandlerMethod.invokeAndHandle(ServletInvocableHandlerMethod.java:118)
	at org.springframework.web.servlet.mvc.method.annotation.RequestMappingHandlerAdapter.invokeHandlerMethod(RequestMappingHandlerAdapter.java:926)
	at org.springframework.web.servlet.mvc.method.annotation.RequestMappingHandlerAdapter.handleInternal(RequestMappingHandlerAdapter.java:831)
	at org.springframework.web.servlet.mvc.method.AbstractHandlerMethodAdapter.handle(AbstractHandlerMethodAdapter.java:87)
	at org.springframework.web.servlet.DispatcherServlet.doDispatch(DispatcherServlet.java:1089)
	at org.springframework.web.servlet.DispatcherServlet.doService(DispatcherServlet.java:979)
	at org.springframework.web.servlet.FrameworkServlet.processRequest(FrameworkServlet.java:1014)
	at org.springframework.web.servlet.FrameworkServlet.doGet(FrameworkServlet.java:903)
	at jakarta.servlet.http.HttpServlet.service(HttpServlet.java:564)
	at org.springframework.web.servlet.FrameworkServlet.service(FrameworkServlet.java:885)
	at jakarta.servlet.http.HttpServlet.service(HttpServlet.java:658)
	at org.apache.catalina.core.ApplicationFilterChain.internalDoFilter(ApplicationFilterChain.java:195)
	at org.apache.catalina.core.ApplicationFilterChain.doFilter(ApplicationFilterChain.java:140)
	at org.apache.tomcat.websocket.server.WsFilter.doFilter(WsFilter.java:51)
	at org.apache.catalina.core.ApplicationFilterChain.internalDoFilter(ApplicationFilterChain.java:164)
	at org.apache.catalina.core.ApplicationFilterChain.doFilter(ApplicationFilterChain.java:140)
	at org.springframework.web.filter.CompositeFilter$VirtualFilterChain.doFilter(CompositeFilter.java:108)
	at org.springframework.security.web.FilterChainProxy.lambda$doFilterInternal$3(FilterChainProxy.java:231)
	at org.springframework.security.web.FilterChainProxy$VirtualFilterChain.doFilter(FilterChainProxy.java:365)
	at org.springframework.security.web.access.intercept.AuthorizationFilter.doFilter(AuthorizationFilter.java:100)
	at org.springframework.security.web.FilterChainProxy$VirtualFilterChain.doFilter(FilterChainProxy.java:374)
	at org.springframework.security.web.access.ExceptionTranslationFilter.doFilter(ExceptionTranslationFilter.java:126)
	at org.springframework.security.web.access.ExceptionTranslationFilter.doFilter(ExceptionTranslationFilter.java:120)
	at org.springframework.security.web.FilterChainProxy$VirtualFilterChain.doFilter(FilterChainProxy.java:374)
	at org.springframework.security.web.authentication.AnonymousAuthenticationFilter.doFilter(AnonymousAuthenticationFilter.java:100)
	at org.springframework.security.web.FilterChainProxy$VirtualFilterChain.doFilter(FilterChainProxy.java:374)
	at org.springframework.security.web.servletapi.SecurityContextHolderAwareRequestFilter.doFilter(SecurityContextHolderAwareRequestFilter.java:179)
	at org.springframework.security.web.FilterChainProxy$VirtualFilterChain.doFilter(FilterChainProxy.java:374)
	at org.springframework.security.web.savedrequest.RequestCacheAwareFilter.doFilter(RequestCacheAwareFilter.java:63)
	at org.springframework.security.web.FilterChainProxy$VirtualFilterChain.doFilter(FilterChainProxy.java:374)
	at org.springframework.security.web.authentication.logout.LogoutFilter.doFilter(LogoutFilter.java:107)
	at org.springframework.security.web.authentication.logout.LogoutFilter.doFilter(LogoutFilter.java:93)
	at org.springframework.security.web.FilterChainProxy$VirtualFilterChain.doFilter(FilterChainProxy.java:374)
	at org.springframework.security.web.header.HeaderWriterFilter.doHeadersAfter(HeaderWriterFilter.java:90)
	at org.springframework.security.web.header.HeaderWriterFilter.doFilterInternal(HeaderWriterFilter.java:75)
	at org.springframework.web.filter.OncePerRequestFilter.doFilter(OncePerRequestFilter.java:116)
	at org.springframework.security.web.FilterChainProxy$VirtualFilterChain.doFilter(FilterChainProxy.java:374)
	at org.springframework.security.web.context.SecurityContextHolderFilter.doFilter(SecurityContextHolderFilter.java:82)
	at org.springframework.security.web.context.SecurityContextHolderFilter.doFilter(SecurityContextHolderFilter.java:69)
	at org.springframework.security.web.FilterChainProxy$VirtualFilterChain.doFilter(FilterChainProxy.java:374)
	at org.springframework.security.web.context.request.async.WebAsyncManagerIntegrationFilter.doFilterInternal(WebAsyncManagerIntegrationFilter.java:62)
	at org.springframework.web.filter.OncePerRequestFilter.doFilter(OncePerRequestFilter.java:116)
	at org.springframework.security.web.FilterChainProxy$VirtualFilterChain.doFilter(FilterChainProxy.java:374)
	at org.springframework.security.web.session.DisableEncodeUrlFilter.doFilterInternal(DisableEncodeUrlFilter.java:42)
	at org.springframework.web.filter.OncePerRequestFilter.doFilter(OncePerRequestFilter.java:116)
	at org.springframework.security.web.FilterChainProxy$VirtualFilterChain.doFilter(FilterChainProxy.java:374)
	at org.springframework.security.web.FilterChainProxy.doFilterInternal(FilterChainProxy.java:233)
	at org.springframework.security.web.FilterChainProxy.doFilter(FilterChainProxy.java:191)
	at org.springframework.web.filter.CompositeFilter$VirtualFilterChain.doFilter(CompositeFilter.java:113)
	at org.springframework.web.servlet.handler.HandlerMappingIntrospector.lambda$createCacheFilter$3(HandlerMappingIntrospector.java:195)
	at org.springframework.web.filter.CompositeFilter$VirtualFilterChain.doFilter(CompositeFilter.java:113)
	at org.springframework.web.filter.CompositeFilter.doFilter(CompositeFilter.java:74)
	at org.springframework.security.config.annotation.web.configuration.WebMvcSecurityConfiguration$CompositeFilterChainProxy.doFilter(WebMvcSecurityConfiguration.java:230)
	at org.springframework.web.filter.DelegatingFilterProxy.invokeDelegate(DelegatingFilterProxy.java:362)
	at org.springframework.web.filter.DelegatingFilterProxy.doFilter(DelegatingFilterProxy.java:278)
	at org.apache.catalina.core.ApplicationFilterChain.internalDoFilter(ApplicationFilterChain.java:164)
	at org.apache.catalina.core.ApplicationFilterChain.doFilter(ApplicationFilterChain.java:140)
	at org.springframework.web.filter.RequestContextFilter.doFilterInternal(RequestContextFilter.java:100)
	at org.springframework.web.filter.OncePerRequestFilter.doFilter(OncePerRequestFilter.java:116)
	at org.apache.catalina.core.ApplicationFilterChain.internalDoFilter(ApplicationFilterChain.java:164)
	at org.apache.catalina.core.ApplicationFilterChain.doFilter(ApplicationFilterChain.java:140)
	at org.springframework.web.filter.FormContentFilter.doFilterInternal(FormContentFilter.java:93)
	at org.springframework.web.filter.OncePerRequestFilter.doFilter(OncePerRequestFilter.java:116)
	at org.apache.catalina.core.ApplicationFilterChain.internalDoFilter(ApplicationFilterChain.java:164)
	at org.apache.catalina.core.ApplicationFilterChain.doFilter(ApplicationFilterChain.java:140)
	at org.springframework.web.filter.CharacterEncodingFilter.doFilterInternal(CharacterEncodingFilter.java:201)
	at org.springframework.web.filter.OncePerRequestFilter.doFilter(OncePerRequestFilter.java:116)
	at org.apache.catalina.core.ApplicationFilterChain.internalDoFilter(ApplicationFilterChain.java:164)
	at org.apache.catalina.core.ApplicationFilterChain.doFilter(ApplicationFilterChain.java:140)
	at org.apache.catalina.core.StandardWrapperValve.invoke(StandardWrapperValve.java:167)
	at org.apache.catalina.core.StandardContextValve.invoke(StandardContextValve.java:90)
	at org.apache.catalina.authenticator.AuthenticatorBase.invoke(AuthenticatorBase.java:483)
	at org.apache.catalina.core.StandardHostValve.invoke(StandardHostValve.java:115)
	at org.apache.catalina.valves.ErrorReportValve.invoke(ErrorReportValve.java:93)
	at org.apache.catalina.core.StandardEngineValve.invoke(StandardEngineValve.java:74)
	at org.apache.catalina.connector.CoyoteAdapter.service(CoyoteAdapter.java:344)
	at org.apache.coyote.http11.Http11Processor.service(Http11Processor.java:384)
	at org.apache.coyote.AbstractProcessorLight.process(AbstractProcessorLight.java:63)
	at org.apache.coyote.AbstractProtocol$ConnectionHandler.process(AbstractProtocol.java:905)
	at org.apache.tomcat.util.net.NioEndpoint$SocketProcessor.doRun(NioEndpoint.java:1741)
	at org.apache.tomcat.util.net.SocketProcessorBase.run(SocketProcessorBase.java:52)
	at org.apache.tomcat.util.threads.ThreadPoolExecutor.runWorker(ThreadPoolExecutor.java:1190)
	at org.apache.tomcat.util.threads.ThreadPoolExecutor$Worker.run(ThreadPoolExecutor.java:659)
	at org.apache.tomcat.util.threads.TaskThread$WrappingRunnable.run(TaskThread.java:63)
	at java.base/java.lang.Thread.run(Thread.java:1575)
Caused by: org.h2.jdbc.JdbcSQLSyntaxErrorException: Column "updated_by_d" not found [42122-224]
	at org.h2.message.DbException.getJdbcSQLException(DbException.java:514)
	at org.h2.message.DbException.getJdbcSQLException(DbException.java:489)
	at org.h2.message.DbException.get(DbException.java:223)
	at org.h2.message.DbException.get(DbException.java:199)
	at org.h2.jdbc.JdbcResultSet.getColumnIndex(JdbcResultSet.java:3492)
	at org.h2.jdbc.JdbcResultSet.getLong(JdbcResultSet.java:745)
	at com.zaxxer.hikari.pool.HikariProxyResultSet.getLong(HikariProxyResultSet.java)
	at com.restDemo.mapper.UserMapper.mapRow(UserMapper.java:25)
	at com.restDemo.mapper.UserMapper.mapRow(UserMapper.java:10)
	at org.springframework.jdbc.core.RowMapperResultSetExtractor.extractData(RowMapperResultSetExtractor.java:94)
	at org.springframework.jdbc.core.RowMapperResultSetExtractor.extractData(RowMapperResultSetExtractor.java:61)
	at org.springframework.jdbc.core.JdbcTemplate$1QueryStatementCallback.doInStatement(JdbcTemplate.java:464)
	at org.springframework.jdbc.core.JdbcTemplate.execute(JdbcTemplate.java:393)
	... 94 common frames omitted
2026-06-29 19:10:05                      [restDemo]                      [http-nio-8001-exec-3]                      WARN                       o.s.w.s.m.m.a.ExceptionHandlerExceptionResolver                      - Resolved [org.springframework.jdbc.BadSqlGrammarException: StatementCallback; bad SQL grammar [SELECT * FROM users]]
2026-06-29 19:10:58                      [restDemo]                      [SpringApplicationShutdownHook]                      INFO                       o.s.o.j.LocalContainerEntityManagerFactoryBean                      - Closing JPA EntityManagerFactory for persistence unit 'default'
2026-06-29 19:10:58                      [restDemo]                      [SpringApplicationShutdownHook]                      WARN                       o.s.b.f.s.DisposableBeanAdapter                      - Invocation of destroy method failed on bean with name 'inMemoryDatabaseShutdownExecutor': org.h2.jdbc.JdbcSQLNonTransientConnectionException: Database is already closed (to disable automatic closing at VM shutdown, add ";DB_CLOSE_ON_EXIT=FALSE" to the db URL) [90121-224]
2026-06-29 19:10:58                      [restDemo]                      [SpringApplicationShutdownHook]                      INFO                       com.zaxxer.hikari.HikariDataSource                      - HikariPool-1 - Shutdown initiated...
2026-06-29 19:10:58                      [restDemo]                      [SpringApplicationShutdownHook]                      INFO                       com.zaxxer.hikari.HikariDataSource                      - HikariPool-1 - Shutdown completed.
2026-06-29 19:17:57                      [restDemo]                      [restartedMain]                      INFO                       com.restDemo.RestDemoApplication                      - Starting RestDemoApplication using Java 23 with PID 57120 (/home/logeshkumar/Desktop/practice/restDemo/target/classes started by logeshkumar in /home/logeshkumar/Desktop/practice/restDemo)
2026-06-29 19:17:57                      [restDemo]                      [restartedMain]                      INFO                       com.restDemo.RestDemoApplication                      - No active profile set, falling back to 1 default profile: "default"
2026-06-29 19:17:57                      [restDemo]                      [restartedMain]                      INFO                       o.s.b.d.e.DevToolsPropertyDefaultsPostProcessor                      - Devtools property defaults active! Set 'spring.devtools.add-properties' to 'false' to disable
2026-06-29 19:17:57                      [restDemo]                      [restartedMain]                      INFO                       o.s.b.d.e.DevToolsPropertyDefaultsPostProcessor                      - For additional web related logging consider setting the 'logging.level.web' property to 'DEBUG'
2026-06-29 19:17:58                      [restDemo]                      [restartedMain]                      INFO                       o.s.d.r.c.RepositoryConfigurationDelegate                      - Bootstrapping Spring Data JPA repositories in DEFAULT mode.
2026-06-29 19:17:59                      [restDemo]                      [restartedMain]                      INFO                       o.s.d.r.c.RepositoryConfigurationDelegate                      - Finished Spring Data repository scanning in 59 ms. Found 1 JPA repository interface.
2026-06-29 19:17:59                      [restDemo]                      [restartedMain]                      INFO                       o.s.b.w.e.tomcat.TomcatWebServer                      - Tomcat initialized with port 8001 (http)
2026-06-29 19:17:59                      [restDemo]                      [restartedMain]                      INFO                       o.a.coyote.http11.Http11NioProtocol                      - Initializing ProtocolHandler ["http-nio-8001"]
2026-06-29 19:17:59                      [restDemo]                      [restartedMain]                      INFO                       o.a.catalina.core.StandardService                      - Starting service [Tomcat]
2026-06-29 19:17:59                      [restDemo]                      [restartedMain]                      INFO                       o.a.catalina.core.StandardEngine                      - Starting Servlet engine: [Apache Tomcat/10.1.31]
2026-06-29 19:18:00                      [restDemo]                      [restartedMain]                      INFO                       o.a.c.c.C.[Tomcat].[localhost].[/]                      - Initializing Spring embedded WebApplicationContext
2026-06-29 19:18:00                      [restDemo]                      [restartedMain]                      INFO                       o.s.b.w.s.c.ServletWebServerApplicationContext                      - Root WebApplicationContext: initialization completed in 2098 ms
2026-06-29 19:18:00                      [restDemo]                      [restartedMain]                      INFO                       com.zaxxer.hikari.HikariDataSource                      - HikariPool-1 - Starting...
2026-06-29 19:18:00                      [restDemo]                      [restartedMain]                      INFO                       com.zaxxer.hikari.pool.HikariPool                      - HikariPool-1 - Added connection conn0: url=jdbc:h2:mem:testdb user=SA
2026-06-29 19:18:00                      [restDemo]                      [restartedMain]                      INFO                       com.zaxxer.hikari.HikariDataSource                      - HikariPool-1 - Start completed.
2026-06-29 19:18:00                      [restDemo]                      [restartedMain]                      INFO                       o.s.b.a.h.H2ConsoleAutoConfiguration                      - H2 console available at '/h2-console'. Database available at 'jdbc:h2:mem:testdb'
2026-06-29 19:18:00                      [restDemo]                      [restartedMain]                      INFO                       o.h.jpa.internal.util.LogHelper                      - HHH000204: Processing PersistenceUnitInfo [name: default]
2026-06-29 19:18:00                      [restDemo]                      [restartedMain]                      INFO                       org.hibernate.Version                      - HHH000412: Hibernate ORM core version 6.5.3.Final
2026-06-29 19:18:00                      [restDemo]                      [restartedMain]                      INFO                       o.h.c.i.RegionFactoryInitiator                      - HHH000026: Second-level cache disabled
2026-06-29 19:18:00                      [restDemo]                      [restartedMain]                      INFO                       o.s.o.j.p.SpringPersistenceUnitInfo                      - No LoadTimeWeaver setup: ignoring JPA class transformer
2026-06-29 19:18:00                      [restDemo]                      [restartedMain]                      WARN                       org.hibernate.orm.deprecation                      - HHH90000025: H2Dialect does not need to be specified explicitly using 'hibernate.dialect' (remove the property setting and it will be selected by default)
2026-06-29 19:18:01                      [restDemo]                      [restartedMain]                      INFO                       o.h.e.t.j.p.i.JtaPlatformInitiator                      - HHH000489: No JTA platform available (set 'hibernate.transaction.jta.platform' to enable JTA platform integration)
2026-06-29 19:18:01                      [restDemo]                      [restartedMain]                      DEBUG                      org.hibernate.SQL                      - create table users (id bigint generated by default as identity, created_at bigint, created_by bigint, created_date timestamp(6), updated_at bigint, updated_by bigint, updated_date timestamp(6), city varchar(255), email_id varchar(255), mobile_no varchar(255), name varchar(255), password varchar(255), user_id varchar(255), user_name varchar(255), primary key (id))
2026-06-29 19:18:01                      [restDemo]                      [restartedMain]                      INFO                       o.s.o.j.LocalContainerEntityManagerFactoryBean                      - Initialized JPA EntityManagerFactory for persistence unit 'default'
2026-06-29 19:18:02                      [restDemo]                      [restartedMain]                      WARN                       o.s.b.a.o.j.JpaBaseConfiguration$JpaWebConfiguration                      - spring.jpa.open-in-view is enabled by default. Therefore, database queries may be performed during view rendering. Explicitly configure spring.jpa.open-in-view to disable this warning
2026-06-29 19:18:02                      [restDemo]                      [restartedMain]                      WARN                       o.s.b.a.s.s.UserDetailsServiceAutoConfiguration                      - 

Using generated security password: 8026db6f-5bad-4042-a9ea-9307e29c703f

This generated password is for development use only. Your security configuration must be updated before running your application in production.

2026-06-29 19:18:02                      [restDemo]                      [restartedMain]                      INFO                       o.s.s.c.a.a.c.InitializeUserDetailsBeanManagerConfigurer$InitializeUserDetailsManagerConfigurer                      - Global AuthenticationManager configured with UserDetailsService bean with name inMemoryUserDetailsManager
2026-06-29 19:18:03                      [restDemo]                      [restartedMain]                      INFO                       o.s.b.d.a.OptionalLiveReloadServer                      - LiveReload server is running on port 35729
2026-06-29 19:18:03                      [restDemo]                      [restartedMain]                      INFO                       o.a.coyote.http11.Http11NioProtocol                      - Starting ProtocolHandler ["http-nio-8001"]
2026-06-29 19:18:03                      [restDemo]                      [restartedMain]                      INFO                       o.s.b.w.e.tomcat.TomcatWebServer                      - Tomcat started on port 8001 (http) with context path '/'
2026-06-29 19:18:03                      [restDemo]                      [restartedMain]                      INFO                       com.restDemo.RestDemoApplication                      - Started RestDemoApplication in 5.95 seconds (process running for 6.662)
2026-06-29 19:18:21                      [restDemo]                      [SpringApplicationShutdownHook]                      INFO                       o.s.o.j.LocalContainerEntityManagerFactoryBean                      - Closing JPA EntityManagerFactory for persistence unit 'default'
2026-06-29 19:18:21                      [restDemo]                      [SpringApplicationShutdownHook]                      WARN                       o.s.b.f.s.DisposableBeanAdapter                      - Invocation of destroy method failed on bean with name 'inMemoryDatabaseShutdownExecutor': org.h2.jdbc.JdbcSQLNonTransientConnectionException: Database is already closed (to disable automatic closing at VM shutdown, add ";DB_CLOSE_ON_EXIT=FALSE" to the db URL) [90121-224]
2026-06-29 19:18:21                      [restDemo]                      [SpringApplicationShutdownHook]                      INFO                       com.zaxxer.hikari.HikariDataSource                      - HikariPool-1 - Shutdown initiated...
2026-06-29 19:18:21                      [restDemo]                      [SpringApplicationShutdownHook]                      INFO                       com.zaxxer.hikari.HikariDataSource                      - HikariPool-1 - Shutdown completed.
2026-06-29 19:18:26                      [restDemo]                      [restartedMain]                      INFO                       com.restDemo.RestDemoApplication                      - Starting RestDemoApplication using Java 23 with PID 57270 (/home/logeshkumar/Desktop/practice/restDemo/target/classes started by logeshkumar in /home/logeshkumar/Desktop/practice/restDemo)
2026-06-29 19:18:26                      [restDemo]                      [restartedMain]                      INFO                       com.restDemo.RestDemoApplication                      - No active profile set, falling back to 1 default profile: "default"
2026-06-29 19:18:26                      [restDemo]                      [restartedMain]                      INFO                       o.s.b.d.e.DevToolsPropertyDefaultsPostProcessor                      - Devtools property defaults active! Set 'spring.devtools.add-properties' to 'false' to disable
2026-06-29 19:18:26                      [restDemo]                      [restartedMain]                      INFO                       o.s.b.d.e.DevToolsPropertyDefaultsPostProcessor                      - For additional web related logging consider setting the 'logging.level.web' property to 'DEBUG'
2026-06-29 19:18:27                      [restDemo]                      [restartedMain]                      INFO                       o.s.d.r.c.RepositoryConfigurationDelegate                      - Bootstrapping Spring Data JPA repositories in DEFAULT mode.
2026-06-29 19:18:27                      [restDemo]                      [restartedMain]                      INFO                       o.s.d.r.c.RepositoryConfigurationDelegate                      - Finished Spring Data repository scanning in 55 ms. Found 1 JPA repository interface.
2026-06-29 19:18:28                      [restDemo]                      [restartedMain]                      INFO                       o.s.b.w.e.tomcat.TomcatWebServer                      - Tomcat initialized with port 8001 (http)
2026-06-29 19:18:28                      [restDemo]                      [restartedMain]                      INFO                       o.a.coyote.http11.Http11NioProtocol                      - Initializing ProtocolHandler ["http-nio-8001"]
2026-06-29 19:18:28                      [restDemo]                      [restartedMain]                      INFO                       o.a.catalina.core.StandardService                      - Starting service [Tomcat]
2026-06-29 19:18:28                      [restDemo]                      [restartedMain]                      INFO                       o.a.catalina.core.StandardEngine                      - Starting Servlet engine: [Apache Tomcat/10.1.31]
2026-06-29 19:18:28                      [restDemo]                      [restartedMain]                      INFO                       o.a.c.c.C.[Tomcat].[localhost].[/]                      - Initializing Spring embedded WebApplicationContext
2026-06-29 19:18:28                      [restDemo]                      [restartedMain]                      INFO                       o.s.b.w.s.c.ServletWebServerApplicationContext                      - Root WebApplicationContext: initialization completed in 1696 ms
2026-06-29 19:18:28                      [restDemo]                      [restartedMain]                      INFO                       com.zaxxer.hikari.HikariDataSource                      - HikariPool-1 - Starting...
2026-06-29 19:18:28                      [restDemo]                      [restartedMain]                      INFO                       com.zaxxer.hikari.pool.HikariPool                      - HikariPool-1 - Added connection conn0: url=jdbc:h2:mem:testdb user=SA
2026-06-29 19:18:28                      [restDemo]                      [restartedMain]                      INFO                       com.zaxxer.hikari.HikariDataSource                      - HikariPool-1 - Start completed.
2026-06-29 19:18:28                      [restDemo]                      [restartedMain]                      INFO                       o.s.b.a.h.H2ConsoleAutoConfiguration                      - H2 console available at '/h2-console'. Database available at 'jdbc:h2:mem:testdb'
2026-06-29 19:18:28                      [restDemo]                      [restartedMain]                      INFO                       o.h.jpa.internal.util.LogHelper                      - HHH000204: Processing PersistenceUnitInfo [name: default]
2026-06-29 19:18:28                      [restDemo]                      [restartedMain]                      INFO                       org.hibernate.Version                      - HHH000412: Hibernate ORM core version 6.5.3.Final
2026-06-29 19:18:28                      [restDemo]                      [restartedMain]                      INFO                       o.h.c.i.RegionFactoryInitiator                      - HHH000026: Second-level cache disabled
2026-06-29 19:18:29                      [restDemo]                      [restartedMain]                      INFO                       o.s.o.j.p.SpringPersistenceUnitInfo                      - No LoadTimeWeaver setup: ignoring JPA class transformer
2026-06-29 19:18:29                      [restDemo]                      [restartedMain]                      WARN                       org.hibernate.orm.deprecation                      - HHH90000025: H2Dialect does not need to be specified explicitly using 'hibernate.dialect' (remove the property setting and it will be selected by default)
2026-06-29 19:18:29                      [restDemo]                      [restartedMain]                      INFO                       o.h.e.t.j.p.i.JtaPlatformInitiator                      - HHH000489: No JTA platform available (set 'hibernate.transaction.jta.platform' to enable JTA platform integration)
2026-06-29 19:18:29                      [restDemo]                      [restartedMain]                      DEBUG                      org.hibernate.SQL                      - create table users (id bigint generated by default as identity, created_at bigint, created_by bigint, created_date timestamp(6), updated_at bigint, updated_by bigint, updated_date timestamp(6), city varchar(255), email_id varchar(255), mobile_no varchar(255), name varchar(255), password varchar(255), user_id varchar(255), user_name varchar(255), primary key (id))
2026-06-29 19:18:29                      [restDemo]                      [restartedMain]                      INFO                       o.s.o.j.LocalContainerEntityManagerFactoryBean                      - Initialized JPA EntityManagerFactory for persistence unit 'default'
2026-06-29 19:18:30                      [restDemo]                      [restartedMain]                      WARN                       o.s.b.a.o.j.JpaBaseConfiguration$JpaWebConfiguration                      - spring.jpa.open-in-view is enabled by default. Therefore, database queries may be performed during view rendering. Explicitly configure spring.jpa.open-in-view to disable this warning
2026-06-29 19:18:30                      [restDemo]                      [restartedMain]                      WARN                       o.s.b.a.s.s.UserDetailsServiceAutoConfiguration                      - 

Using generated security password: 43dc8884-7955-495d-9bd3-7235ecbf550c

This generated password is for development use only. Your security configuration must be updated before running your application in production.

2026-06-29 19:18:30                      [restDemo]                      [restartedMain]                      INFO                       o.s.s.c.a.a.c.InitializeUserDetailsBeanManagerConfigurer$InitializeUserDetailsManagerConfigurer                      - Global AuthenticationManager configured with UserDetailsService bean with name inMemoryUserDetailsManager
2026-06-29 19:18:30                      [restDemo]                      [restartedMain]                      INFO                       o.s.b.d.a.OptionalLiveReloadServer                      - LiveReload server is running on port 35729
2026-06-29 19:18:31                      [restDemo]                      [restartedMain]                      INFO                       o.a.coyote.http11.Http11NioProtocol                      - Starting ProtocolHandler ["http-nio-8001"]
2026-06-29 19:18:31                      [restDemo]                      [restartedMain]                      INFO                       o.s.b.w.e.tomcat.TomcatWebServer                      - Tomcat started on port 8001 (http) with context path '/'
2026-06-29 19:18:31                      [restDemo]                      [restartedMain]                      INFO                       com.restDemo.RestDemoApplication                      - Started RestDemoApplication in 4.899 seconds (process running for 5.529)
2026-06-29 19:18:39                      [restDemo]                      [http-nio-8001-exec-1]                      INFO                       o.a.c.c.C.[Tomcat].[localhost].[/]                      - Initializing Spring DispatcherServlet 'dispatcherServlet'
2026-06-29 19:18:39                      [restDemo]                      [http-nio-8001-exec-1]                      INFO                       o.s.web.servlet.DispatcherServlet                      - Initializing Servlet 'dispatcherServlet'
2026-06-29 19:18:39                      [restDemo]                      [http-nio-8001-exec-1]                      INFO                       o.s.web.servlet.DispatcherServlet                      - Completed initialization in 1 ms
2026-06-29 19:18:40                      [restDemo]                      [http-nio-8001-exec-1]                      DEBUG                      org.hibernate.SQL                      - select u1_0.id,u1_0.city,u1_0.created_at,u1_0.created_by,u1_0.created_date,u1_0.email_id,u1_0.mobile_no,u1_0.name,u1_0.password,u1_0.updated_at,u1_0.updated_by,u1_0.updated_date,u1_0.user_id,u1_0.user_name from users u1_0 where u1_0.user_name=?
2026-06-29 19:18:40                      [restDemo]                      [http-nio-8001-exec-1]                      DEBUG                      org.hibernate.SQL                      - select u1_0.id from users u1_0 where u1_0.email_id=? fetch first ? rows only
2026-06-29 19:18:40                      [restDemo]                      [http-nio-8001-exec-1]                      DEBUG                      org.hibernate.SQL                      - insert into users (city,created_at,created_by,created_date,email_id,mobile_no,name,password,updated_at,updated_by,updated_date,user_id,user_name,id) values (?,?,?,?,?,?,?,?,?,?,?,?,?,default)
2026-06-29 19:18:44                      [restDemo]                      [http-nio-8001-exec-3]                      ERROR                      c.r.a.GlobalExceptionHandler                      - Origin: com.restDemo.repositoryImpl.UserRepositoryImpl.getUsers():19
2026-06-29 19:18:44                      [restDemo]                      [http-nio-8001-exec-3]                      WARN                       o.s.w.s.m.m.a.ExceptionHandlerExceptionResolver                      - Resolved [org.springframework.jdbc.BadSqlGrammarException: StatementCallback; bad SQL grammar [SELECT * FROM users]]
2026-06-29 19:19:03                      [restDemo]                      [http-nio-8001-exec-5]                      ERROR                      c.r.a.GlobalExceptionHandler                      - Origin: com.restDemo.repositoryImpl.UserRepositoryImpl.getUsers():19
2026-06-29 19:19:03                      [restDemo]                      [http-nio-8001-exec-5]                      WARN                       o.s.w.s.m.m.a.ExceptionHandlerExceptionResolver                      - Resolved [org.springframework.jdbc.BadSqlGrammarException: StatementCallback; bad SQL grammar [SELECT * FROM users]]
2026-06-29 19:20:09                      [restDemo]                      [SpringApplicationShutdownHook]                      INFO                       o.s.o.j.LocalContainerEntityManagerFactoryBean                      - Closing JPA EntityManagerFactory for persistence unit 'default'
2026-06-29 19:20:09                      [restDemo]                      [SpringApplicationShutdownHook]                      WARN                       o.s.b.f.s.DisposableBeanAdapter                      - Invocation of destroy method failed on bean with name 'inMemoryDatabaseShutdownExecutor': org.h2.jdbc.JdbcSQLNonTransientConnectionException: Database is already closed (to disable automatic closing at VM shutdown, add ";DB_CLOSE_ON_EXIT=FALSE" to the db URL) [90121-224]
2026-06-29 19:20:09                      [restDemo]                      [SpringApplicationShutdownHook]                      INFO                       com.zaxxer.hikari.HikariDataSource                      - HikariPool-1 - Shutdown initiated...
2026-06-29 19:20:09                      [restDemo]                      [SpringApplicationShutdownHook]                      INFO                       com.zaxxer.hikari.HikariDataSource                      - HikariPool-1 - Shutdown completed.
2026-06-29 19:20:13                      [restDemo]                      [restartedMain]                      INFO                       com.restDemo.RestDemoApplication                      - Starting RestDemoApplication using Java 23 with PID 57540 (/home/logeshkumar/Desktop/practice/restDemo/target/classes started by logeshkumar in /home/logeshkumar/Desktop/practice/restDemo)
2026-06-29 19:20:13                      [restDemo]                      [restartedMain]                      INFO                       com.restDemo.RestDemoApplication                      - No active profile set, falling back to 1 default profile: "default"
2026-06-29 19:20:13                      [restDemo]                      [restartedMain]                      INFO                       o.s.b.d.e.DevToolsPropertyDefaultsPostProcessor                      - Devtools property defaults active! Set 'spring.devtools.add-properties' to 'false' to disable
2026-06-29 19:20:13                      [restDemo]                      [restartedMain]                      INFO                       o.s.b.d.e.DevToolsPropertyDefaultsPostProcessor                      - For additional web related logging consider setting the 'logging.level.web' property to 'DEBUG'
2026-06-29 19:20:14                      [restDemo]                      [restartedMain]                      INFO                       o.s.d.r.c.RepositoryConfigurationDelegate                      - Bootstrapping Spring Data JPA repositories in DEFAULT mode.
2026-06-29 19:20:14                      [restDemo]                      [restartedMain]                      INFO                       o.s.d.r.c.RepositoryConfigurationDelegate                      - Finished Spring Data repository scanning in 47 ms. Found 1 JPA repository interface.
2026-06-29 19:20:14                      [restDemo]                      [restartedMain]                      INFO                       o.s.b.w.e.tomcat.TomcatWebServer                      - Tomcat initialized with port 8001 (http)
2026-06-29 19:20:14                      [restDemo]                      [restartedMain]                      INFO                       o.a.coyote.http11.Http11NioProtocol                      - Initializing ProtocolHandler ["http-nio-8001"]
2026-06-29 19:20:14                      [restDemo]                      [restartedMain]                      INFO                       o.a.catalina.core.StandardService                      - Starting service [Tomcat]
2026-06-29 19:20:14                      [restDemo]                      [restartedMain]                      INFO                       o.a.catalina.core.StandardEngine                      - Starting Servlet engine: [Apache Tomcat/10.1.31]
2026-06-29 19:20:14                      [restDemo]                      [restartedMain]                      INFO                       o.a.c.c.C.[Tomcat].[localhost].[/]                      - Initializing Spring embedded WebApplicationContext
2026-06-29 19:20:14                      [restDemo]                      [restartedMain]                      INFO                       o.s.b.w.s.c.ServletWebServerApplicationContext                      - Root WebApplicationContext: initialization completed in 1530 ms
2026-06-29 19:20:14                      [restDemo]                      [restartedMain]                      INFO                       com.zaxxer.hikari.HikariDataSource                      - HikariPool-1 - Starting...
2026-06-29 19:20:15                      [restDemo]                      [restartedMain]                      INFO                       com.zaxxer.hikari.pool.HikariPool                      - HikariPool-1 - Added connection conn0: url=jdbc:h2:mem:testdb user=SA
2026-06-29 19:20:15                      [restDemo]                      [restartedMain]                      INFO                       com.zaxxer.hikari.HikariDataSource                      - HikariPool-1 - Start completed.
2026-06-29 19:20:15                      [restDemo]                      [restartedMain]                      INFO                       o.s.b.a.h.H2ConsoleAutoConfiguration                      - H2 console available at '/h2-console'. Database available at 'jdbc:h2:mem:testdb'
2026-06-29 19:20:15                      [restDemo]                      [restartedMain]                      INFO                       o.h.jpa.internal.util.LogHelper                      - HHH000204: Processing PersistenceUnitInfo [name: default]
2026-06-29 19:20:15                      [restDemo]                      [restartedMain]                      INFO                       org.hibernate.Version                      - HHH000412: Hibernate ORM core version 6.5.3.Final
2026-06-29 19:20:15                      [restDemo]                      [restartedMain]                      INFO                       o.h.c.i.RegionFactoryInitiator                      - HHH000026: Second-level cache disabled
2026-06-29 19:20:15                      [restDemo]                      [restartedMain]                      INFO                       o.s.o.j.p.SpringPersistenceUnitInfo                      - No LoadTimeWeaver setup: ignoring JPA class transformer
2026-06-29 19:20:15                      [restDemo]                      [restartedMain]                      WARN                       org.hibernate.orm.deprecation                      - HHH90000025: H2Dialect does not need to be specified explicitly using 'hibernate.dialect' (remove the property setting and it will be selected by default)
2026-06-29 19:20:16                      [restDemo]                      [restartedMain]                      INFO                       o.h.e.t.j.p.i.JtaPlatformInitiator                      - HHH000489: No JTA platform available (set 'hibernate.transaction.jta.platform' to enable JTA platform integration)
2026-06-29 19:20:16                      [restDemo]                      [restartedMain]                      DEBUG                      org.hibernate.SQL                      - create table users (id bigint generated by default as identity, created_at bigint, created_by bigint, created_date timestamp(6), updated_at bigint, updated_by bigint, updated_date timestamp(6), city varchar(255), email_id varchar(255), mobile_no varchar(255), name varchar(255), password varchar(255), user_id varchar(255), user_name varchar(255), primary key (id))
2026-06-29 19:20:16                      [restDemo]                      [restartedMain]                      INFO                       o.s.o.j.LocalContainerEntityManagerFactoryBean                      - Initialized JPA EntityManagerFactory for persistence unit 'default'
2026-06-29 19:20:16                      [restDemo]                      [restartedMain]                      WARN                       o.s.b.a.o.j.JpaBaseConfiguration$JpaWebConfiguration                      - spring.jpa.open-in-view is enabled by default. Therefore, database queries may be performed during view rendering. Explicitly configure spring.jpa.open-in-view to disable this warning
2026-06-29 19:20:16                      [restDemo]                      [restartedMain]                      WARN                       o.s.b.a.s.s.UserDetailsServiceAutoConfiguration                      - 

Using generated security password: a998edb0-f46c-46e1-8fe5-88fd484f042f

This generated password is for development use only. Your security configuration must be updated before running your application in production.

2026-06-29 19:20:16                      [restDemo]                      [restartedMain]                      INFO                       o.s.s.c.a.a.c.InitializeUserDetailsBeanManagerConfigurer$InitializeUserDetailsManagerConfigurer                      - Global AuthenticationManager configured with UserDetailsService bean with name inMemoryUserDetailsManager
2026-06-29 19:20:17                      [restDemo]                      [restartedMain]                      INFO                       o.s.b.d.a.OptionalLiveReloadServer                      - LiveReload server is running on port 35729
2026-06-29 19:20:17                      [restDemo]                      [restartedMain]                      INFO                       o.a.coyote.http11.Http11NioProtocol                      - Starting ProtocolHandler ["http-nio-8001"]
2026-06-29 19:20:17                      [restDemo]                      [restartedMain]                      INFO                       o.s.b.w.e.tomcat.TomcatWebServer                      - Tomcat started on port 8001 (http) with context path '/'
2026-06-29 19:20:17                      [restDemo]                      [restartedMain]                      INFO                       com.restDemo.RestDemoApplication                      - Started RestDemoApplication in 4.768 seconds (process running for 5.428)
2026-06-29 19:20:25                      [restDemo]                      [http-nio-8001-exec-2]                      INFO                       o.a.c.c.C.[Tomcat].[localhost].[/]                      - Initializing Spring DispatcherServlet 'dispatcherServlet'
2026-06-29 19:20:25                      [restDemo]                      [http-nio-8001-exec-2]                      INFO                       o.s.web.servlet.DispatcherServlet                      - Initializing Servlet 'dispatcherServlet'
2026-06-29 19:20:25                      [restDemo]                      [http-nio-8001-exec-2]                      INFO                       o.s.web.servlet.DispatcherServlet                      - Completed initialization in 1 ms
2026-06-29 19:20:25                      [restDemo]                      [http-nio-8001-exec-2]                      DEBUG                      org.hibernate.SQL                      - select u1_0.id,u1_0.city,u1_0.created_at,u1_0.created_by,u1_0.created_date,u1_0.email_id,u1_0.mobile_no,u1_0.name,u1_0.password,u1_0.updated_at,u1_0.updated_by,u1_0.updated_date,u1_0.user_id,u1_0.user_name from users u1_0 where u1_0.user_name=?
2026-06-29 19:20:25                      [restDemo]                      [http-nio-8001-exec-2]                      DEBUG                      org.hibernate.SQL                      - select u1_0.id from users u1_0 where u1_0.email_id=? fetch first ? rows only
2026-06-29 19:20:25                      [restDemo]                      [http-nio-8001-exec-2]                      DEBUG                      org.hibernate.SQL                      - insert into users (city,created_at,created_by,created_date,email_id,mobile_no,name,password,updated_at,updated_by,updated_date,user_id,user_name,id) values (?,?,?,?,?,?,?,?,?,?,?,?,?,default)
2026-06-29 19:20:30                      [restDemo]                      [http-nio-8001-exec-3]                      ERROR                      c.r.a.GlobalExceptionHandler                      - com.restDemo.repositoryImpl.UserRepositoryImpl.getUsers(UserRepositoryImpl.java:19)
2026-06-29 19:20:30                      [restDemo]                      [http-nio-8001-exec-3]                      WARN                       o.s.w.s.m.m.a.ExceptionHandlerExceptionResolver                      - Resolved [org.springframework.jdbc.BadSqlGrammarException: StatementCallback; bad SQL grammar [SELECT * FROM users]]
2026-06-29 19:23:06                      [restDemo]                      [SpringApplicationShutdownHook]                      INFO                       o.s.o.j.LocalContainerEntityManagerFactoryBean                      - Closing JPA EntityManagerFactory for persistence unit 'default'
2026-06-29 19:23:06                      [restDemo]                      [SpringApplicationShutdownHook]                      WARN                       o.s.b.f.s.DisposableBeanAdapter                      - Invocation of destroy method failed on bean with name 'inMemoryDatabaseShutdownExecutor': org.h2.jdbc.JdbcSQLNonTransientConnectionException: Database is already closed (to disable automatic closing at VM shutdown, add ";DB_CLOSE_ON_EXIT=FALSE" to the db URL) [90121-224]
2026-06-29 19:23:06                      [restDemo]                      [SpringApplicationShutdownHook]                      INFO                       com.zaxxer.hikari.HikariDataSource                      - HikariPool-1 - Shutdown initiated...
2026-06-29 19:23:06                      [restDemo]                      [SpringApplicationShutdownHook]                      INFO                       com.zaxxer.hikari.HikariDataSource                      - HikariPool-1 - Shutdown completed.
2026-06-29 19:23:11                      [restDemo]                      [restartedMain]                      INFO                       com.restDemo.RestDemoApplication                      - Starting RestDemoApplication using Java 23 with PID 58057 (/home/logeshkumar/Desktop/practice/restDemo/target/classes started by logeshkumar in /home/logeshkumar/Desktop/practice/restDemo)
2026-06-29 19:23:11                      [restDemo]                      [restartedMain]                      INFO                       com.restDemo.RestDemoApplication                      - No active profile set, falling back to 1 default profile: "default"
2026-06-29 19:23:11                      [restDemo]                      [restartedMain]                      INFO                       o.s.b.d.e.DevToolsPropertyDefaultsPostProcessor                      - Devtools property defaults active! Set 'spring.devtools.add-properties' to 'false' to disable
2026-06-29 19:23:11                      [restDemo]                      [restartedMain]                      INFO                       o.s.b.d.e.DevToolsPropertyDefaultsPostProcessor                      - For additional web related logging consider setting the 'logging.level.web' property to 'DEBUG'
2026-06-29 19:23:12                      [restDemo]                      [restartedMain]                      INFO                       o.s.d.r.c.RepositoryConfigurationDelegate                      - Bootstrapping Spring Data JPA repositories in DEFAULT mode.
2026-06-29 19:23:12                      [restDemo]                      [restartedMain]                      INFO                       o.s.d.r.c.RepositoryConfigurationDelegate                      - Finished Spring Data repository scanning in 60 ms. Found 1 JPA repository interface.
2026-06-29 19:23:12                      [restDemo]                      [restartedMain]                      INFO                       o.s.b.w.e.tomcat.TomcatWebServer                      - Tomcat initialized with port 8001 (http)
2026-06-29 19:23:12                      [restDemo]                      [restartedMain]                      INFO                       o.a.coyote.http11.Http11NioProtocol                      - Initializing ProtocolHandler ["http-nio-8001"]
2026-06-29 19:23:12                      [restDemo]                      [restartedMain]                      INFO                       o.a.catalina.core.StandardService                      - Starting service [Tomcat]
2026-06-29 19:23:12                      [restDemo]                      [restartedMain]                      INFO                       o.a.catalina.core.StandardEngine                      - Starting Servlet engine: [Apache Tomcat/10.1.31]
2026-06-29 19:23:12                      [restDemo]                      [restartedMain]                      INFO                       o.a.c.c.C.[Tomcat].[localhost].[/]                      - Initializing Spring embedded WebApplicationContext
2026-06-29 19:23:12                      [restDemo]                      [restartedMain]                      INFO                       o.s.b.w.s.c.ServletWebServerApplicationContext                      - Root WebApplicationContext: initialization completed in 1574 ms
2026-06-29 19:23:12                      [restDemo]                      [restartedMain]                      INFO                       com.zaxxer.hikari.HikariDataSource                      - HikariPool-1 - Starting...
2026-06-29 19:23:12                      [restDemo]                      [restartedMain]                      INFO                       com.zaxxer.hikari.pool.HikariPool                      - HikariPool-1 - Added connection conn0: url=jdbc:h2:mem:testdb user=SA
2026-06-29 19:23:12                      [restDemo]                      [restartedMain]                      INFO                       com.zaxxer.hikari.HikariDataSource                      - HikariPool-1 - Start completed.
2026-06-29 19:23:12                      [restDemo]                      [restartedMain]                      INFO                       o.s.b.a.h.H2ConsoleAutoConfiguration                      - H2 console available at '/h2-console'. Database available at 'jdbc:h2:mem:testdb'
2026-06-29 19:23:13                      [restDemo]                      [restartedMain]                      INFO                       o.h.jpa.internal.util.LogHelper                      - HHH000204: Processing PersistenceUnitInfo [name: default]
2026-06-29 19:23:13                      [restDemo]                      [restartedMain]                      INFO                       org.hibernate.Version                      - HHH000412: Hibernate ORM core version 6.5.3.Final
2026-06-29 19:23:13                      [restDemo]                      [restartedMain]                      INFO                       o.h.c.i.RegionFactoryInitiator                      - HHH000026: Second-level cache disabled
2026-06-29 19:23:13                      [restDemo]                      [restartedMain]                      INFO                       o.s.o.j.p.SpringPersistenceUnitInfo                      - No LoadTimeWeaver setup: ignoring JPA class transformer
2026-06-29 19:23:13                      [restDemo]                      [restartedMain]                      WARN                       org.hibernate.orm.deprecation                      - HHH90000025: H2Dialect does not need to be specified explicitly using 'hibernate.dialect' (remove the property setting and it will be selected by default)
2026-06-29 19:23:14                      [restDemo]                      [restartedMain]                      INFO                       o.h.e.t.j.p.i.JtaPlatformInitiator                      - HHH000489: No JTA platform available (set 'hibernate.transaction.jta.platform' to enable JTA platform integration)
2026-06-29 19:23:14                      [restDemo]                      [restartedMain]                      DEBUG                      org.hibernate.SQL                      - create table users (id bigint generated by default as identity, created_at bigint, created_by bigint, created_date timestamp(6), updated_at bigint, updated_by bigint, updated_date timestamp(6), city varchar(255), email_id varchar(255), mobile_no varchar(255), name varchar(255), password varchar(255), user_id varchar(255), user_name varchar(255), primary key (id))
2026-06-29 19:23:14                      [restDemo]                      [restartedMain]                      INFO                       o.s.o.j.LocalContainerEntityManagerFactoryBean                      - Initialized JPA EntityManagerFactory for persistence unit 'default'
2026-06-29 19:23:14                      [restDemo]                      [restartedMain]                      WARN                       o.s.b.a.o.j.JpaBaseConfiguration$JpaWebConfiguration                      - spring.jpa.open-in-view is enabled by default. Therefore, database queries may be performed during view rendering. Explicitly configure spring.jpa.open-in-view to disable this warning
2026-06-29 19:23:14                      [restDemo]                      [restartedMain]                      WARN                       o.s.b.a.s.s.UserDetailsServiceAutoConfiguration                      - 

Using generated security password: 49a23048-e42a-445b-872f-b0d690e11330

This generated password is for development use only. Your security configuration must be updated before running your application in production.

2026-06-29 19:23:14                      [restDemo]                      [restartedMain]                      INFO                       o.s.s.c.a.a.c.InitializeUserDetailsBeanManagerConfigurer$InitializeUserDetailsManagerConfigurer                      - Global AuthenticationManager configured with UserDetailsService bean with name inMemoryUserDetailsManager
2026-06-29 19:23:15                      [restDemo]                      [restartedMain]                      INFO                       o.s.b.d.a.OptionalLiveReloadServer                      - LiveReload server is running on port 35729
2026-06-29 19:23:15                      [restDemo]                      [restartedMain]                      INFO                       o.a.coyote.http11.Http11NioProtocol                      - Starting ProtocolHandler ["http-nio-8001"]
2026-06-29 19:23:15                      [restDemo]                      [restartedMain]                      INFO                       o.s.b.w.e.tomcat.TomcatWebServer                      - Tomcat started on port 8001 (http) with context path '/'
2026-06-29 19:23:15                      [restDemo]                      [restartedMain]                      INFO                       com.restDemo.RestDemoApplication                      - Started RestDemoApplication in 5.04 seconds (process running for 5.599)
2026-06-29 19:23:24                      [restDemo]                      [http-nio-8001-exec-2]                      INFO                       o.a.c.c.C.[Tomcat].[localhost].[/]                      - Initializing Spring DispatcherServlet 'dispatcherServlet'
2026-06-29 19:23:24                      [restDemo]                      [http-nio-8001-exec-2]                      INFO                       o.s.web.servlet.DispatcherServlet                      - Initializing Servlet 'dispatcherServlet'
2026-06-29 19:23:24                      [restDemo]                      [http-nio-8001-exec-2]                      INFO                       o.s.web.servlet.DispatcherServlet                      - Completed initialization in 1 ms
2026-06-29 19:23:24                      [restDemo]                      [http-nio-8001-exec-2]                      DEBUG                      org.hibernate.SQL                      - select u1_0.id,u1_0.city,u1_0.created_at,u1_0.created_by,u1_0.created_date,u1_0.email_id,u1_0.mobile_no,u1_0.name,u1_0.password,u1_0.updated_at,u1_0.updated_by,u1_0.updated_date,u1_0.user_id,u1_0.user_name from users u1_0 where u1_0.user_name=?
2026-06-29 19:23:24                      [restDemo]                      [http-nio-8001-exec-2]                      DEBUG                      org.hibernate.SQL                      - select u1_0.id from users u1_0 where u1_0.email_id=? fetch first ? rows only
2026-06-29 19:23:24                      [restDemo]                      [http-nio-8001-exec-2]                      DEBUG                      org.hibernate.SQL                      - insert into users (city,created_at,created_by,created_date,email_id,mobile_no,name,password,updated_at,updated_by,updated_date,user_id,user_name,id) values (?,?,?,?,?,?,?,?,?,?,?,?,?,default)
2026-06-29 19:23:26                      [restDemo]                      [http-nio-8001-exec-3]                      DEBUG                      org.hibernate.SQL                      - select u1_0.id,u1_0.city,u1_0.created_at,u1_0.created_by,u1_0.created_date,u1_0.email_id,u1_0.mobile_no,u1_0.name,u1_0.password,u1_0.updated_at,u1_0.updated_by,u1_0.updated_date,u1_0.user_id,u1_0.user_name from users u1_0 where u1_0.user_name=?
2026-06-29 19:23:26                      [restDemo]                      [http-nio-8001-exec-3]                      DEBUG                      org.hibernate.SQL                      - select u1_0.id from users u1_0 where u1_0.email_id=? fetch first ? rows only
2026-06-29 19:23:26                      [restDemo]                      [http-nio-8001-exec-3]                      ERROR                      c.r.a.GlobalExceptionHandler                      - at com.restDemo.service.UserService.insert(UserService.java:37)
2026-06-29 19:23:26                      [restDemo]                      [http-nio-8001-exec-3]                      ERROR                      c.r.a.GlobalExceptionHandler                      - at com.restDemo.controller.UserController.insert(UserController.java:41)
2026-06-29 19:23:26                      [restDemo]                      [http-nio-8001-exec-3]                      WARN                       o.s.w.s.m.m.a.ExceptionHandlerExceptionResolver                      - Resolved [com.restDemo.apiexceptions.ApiException: Email id Already Exist]
2026-06-29 19:23:57                      [restDemo]                      [http-nio-8001-exec-5]                      ERROR                      c.r.a.GlobalExceptionHandler                      - at com.restDemo.repositoryImpl.UserRepositoryImpl.getUsers(UserRepositoryImpl.java:19)
2026-06-29 19:23:57                      [restDemo]                      [http-nio-8001-exec-5]                      ERROR                      c.r.a.GlobalExceptionHandler                      - at com.restDemo.service.UserService.getAllUserDTO(UserService.java:73)
2026-06-29 19:23:57                      [restDemo]                      [http-nio-8001-exec-5]                      ERROR                      c.r.a.GlobalExceptionHandler                      - at com.restDemo.controller.UserController.getAllUsersDTO(UserController.java:66)
2026-06-29 19:23:57                      [restDemo]                      [http-nio-8001-exec-5]                      WARN                       o.s.w.s.m.m.a.ExceptionHandlerExceptionResolver                      - Resolved [org.springframework.jdbc.BadSqlGrammarException: StatementCallback; bad SQL grammar [SELECT * FROM users]]
2026-06-29 19:35:01                      [restDemo]                      [SpringApplicationShutdownHook]                      INFO                       o.s.o.j.LocalContainerEntityManagerFactoryBean                      - Closing JPA EntityManagerFactory for persistence unit 'default'
2026-06-29 19:35:01                      [restDemo]                      [SpringApplicationShutdownHook]                      WARN                       o.s.b.f.s.DisposableBeanAdapter                      - Invocation of destroy method failed on bean with name 'inMemoryDatabaseShutdownExecutor': org.h2.jdbc.JdbcSQLNonTransientConnectionException: Database is already closed (to disable automatic closing at VM shutdown, add ";DB_CLOSE_ON_EXIT=FALSE" to the db URL) [90121-224]
2026-06-29 19:35:01                      [restDemo]                      [SpringApplicationShutdownHook]                      INFO                       com.zaxxer.hikari.HikariDataSource                      - HikariPool-1 - Shutdown initiated...
2026-06-29 19:35:01                      [restDemo]                      [SpringApplicationShutdownHook]                      INFO                       com.zaxxer.hikari.HikariDataSource                      - HikariPool-1 - Shutdown completed.
2026-06-29 19:35:06                      [restDemo]                      [restartedMain]                      INFO                       com.restDemo.RestDemoApplication                      - Starting RestDemoApplication using Java 23 with PID 59158 (/home/logeshkumar/Desktop/practice/restDemo/target/classes started by logeshkumar in /home/logeshkumar/Desktop/practice/restDemo)
2026-06-29 19:35:06                      [restDemo]                      [restartedMain]                      INFO                       com.restDemo.RestDemoApplication                      - No active profile set, falling back to 1 default profile: "default"
2026-06-29 19:35:06                      [restDemo]                      [restartedMain]                      INFO                       o.s.b.d.e.DevToolsPropertyDefaultsPostProcessor                      - Devtools property defaults active! Set 'spring.devtools.add-properties' to 'false' to disable
2026-06-29 19:35:06                      [restDemo]                      [restartedMain]                      INFO                       o.s.b.d.e.DevToolsPropertyDefaultsPostProcessor                      - For additional web related logging consider setting the 'logging.level.web' property to 'DEBUG'
2026-06-29 19:35:07                      [restDemo]                      [restartedMain]                      INFO                       o.s.d.r.c.RepositoryConfigurationDelegate                      - Bootstrapping Spring Data JPA repositories in DEFAULT mode.
2026-06-29 19:35:07                      [restDemo]                      [restartedMain]                      INFO                       o.s.d.r.c.RepositoryConfigurationDelegate                      - Finished Spring Data repository scanning in 57 ms. Found 1 JPA repository interface.
2026-06-29 19:35:08                      [restDemo]                      [restartedMain]                      INFO                       o.s.b.w.e.tomcat.TomcatWebServer                      - Tomcat initialized with port 8001 (http)
2026-06-29 19:35:08                      [restDemo]                      [restartedMain]                      INFO                       o.a.coyote.http11.Http11NioProtocol                      - Initializing ProtocolHandler ["http-nio-8001"]
2026-06-29 19:35:08                      [restDemo]                      [restartedMain]                      INFO                       o.a.catalina.core.StandardService                      - Starting service [Tomcat]
2026-06-29 19:35:08                      [restDemo]                      [restartedMain]                      INFO                       o.a.catalina.core.StandardEngine                      - Starting Servlet engine: [Apache Tomcat/10.1.31]
2026-06-29 19:35:08                      [restDemo]                      [restartedMain]                      INFO                       o.a.c.c.C.[Tomcat].[localhost].[/]                      - Initializing Spring embedded WebApplicationContext
2026-06-29 19:35:08                      [restDemo]                      [restartedMain]                      INFO                       o.s.b.w.s.c.ServletWebServerApplicationContext                      - Root WebApplicationContext: initialization completed in 1564 ms
2026-06-29 19:35:08                      [restDemo]                      [restartedMain]                      INFO                       com.zaxxer.hikari.HikariDataSource                      - HikariPool-1 - Starting...
2026-06-29 19:35:08                      [restDemo]                      [restartedMain]                      INFO                       com.zaxxer.hikari.pool.HikariPool                      - HikariPool-1 - Added connection conn0: url=jdbc:h2:mem:testdb user=SA
2026-06-29 19:35:08                      [restDemo]                      [restartedMain]                      INFO                       com.zaxxer.hikari.HikariDataSource                      - HikariPool-1 - Start completed.
2026-06-29 19:35:08                      [restDemo]                      [restartedMain]                      INFO                       o.s.b.a.h.H2ConsoleAutoConfiguration                      - H2 console available at '/h2-console'. Database available at 'jdbc:h2:mem:testdb'
2026-06-29 19:35:08                      [restDemo]                      [restartedMain]                      INFO                       o.h.jpa.internal.util.LogHelper                      - HHH000204: Processing PersistenceUnitInfo [name: default]
2026-06-29 19:35:08                      [restDemo]                      [restartedMain]                      INFO                       org.hibernate.Version                      - HHH000412: Hibernate ORM core version 6.5.3.Final
2026-06-29 19:35:08                      [restDemo]                      [restartedMain]                      INFO                       o.h.c.i.RegionFactoryInitiator                      - HHH000026: Second-level cache disabled
2026-06-29 19:35:08                      [restDemo]                      [restartedMain]                      INFO                       o.s.o.j.p.SpringPersistenceUnitInfo                      - No LoadTimeWeaver setup: ignoring JPA class transformer
2026-06-29 19:35:08                      [restDemo]                      [restartedMain]                      WARN                       org.hibernate.orm.deprecation                      - HHH90000025: H2Dialect does not need to be specified explicitly using 'hibernate.dialect' (remove the property setting and it will be selected by default)
2026-06-29 19:35:09                      [restDemo]                      [restartedMain]                      INFO                       o.h.e.t.j.p.i.JtaPlatformInitiator                      - HHH000489: No JTA platform available (set 'hibernate.transaction.jta.platform' to enable JTA platform integration)
2026-06-29 19:35:09                      [restDemo]                      [restartedMain]                      DEBUG                      org.hibernate.SQL                      - create table users (id bigint generated by default as identity, created_at bigint, created_by bigint, created_date timestamp(6), updated_at bigint, updated_by bigint, updated_date timestamp(6), city varchar(255), email_id varchar(255), mobile_no varchar(255), name varchar(255), password varchar(255), user_id varchar(255), user_name varchar(255), primary key (id))
2026-06-29 19:35:09                      [restDemo]                      [restartedMain]                      INFO                       o.s.o.j.LocalContainerEntityManagerFactoryBean                      - Initialized JPA EntityManagerFactory for persistence unit 'default'
2026-06-29 19:35:10                      [restDemo]                      [restartedMain]                      WARN                       o.s.b.a.o.j.JpaBaseConfiguration$JpaWebConfiguration                      - spring.jpa.open-in-view is enabled by default. Therefore, database queries may be performed during view rendering. Explicitly configure spring.jpa.open-in-view to disable this warning
2026-06-29 19:35:10                      [restDemo]                      [restartedMain]                      WARN                       o.s.b.a.s.s.UserDetailsServiceAutoConfiguration                      - 

Using generated security password: 727d88df-4f4a-4616-8e1b-23891d84b7d8

This generated password is for development use only. Your security configuration must be updated before running your application in production.

2026-06-29 19:35:10                      [restDemo]                      [restartedMain]                      INFO                       o.s.s.c.a.a.c.InitializeUserDetailsBeanManagerConfigurer$InitializeUserDetailsManagerConfigurer                      - Global AuthenticationManager configured with UserDetailsService bean with name inMemoryUserDetailsManager
2026-06-29 19:35:10                      [restDemo]                      [restartedMain]                      INFO                       o.s.b.d.a.OptionalLiveReloadServer                      - LiveReload server is running on port 35729
2026-06-29 19:35:10                      [restDemo]                      [restartedMain]                      INFO                       o.a.coyote.http11.Http11NioProtocol                      - Starting ProtocolHandler ["http-nio-8001"]
2026-06-29 19:35:10                      [restDemo]                      [restartedMain]                      INFO                       o.s.b.w.e.tomcat.TomcatWebServer                      - Tomcat started on port 8001 (http) with context path '/'
2026-06-29 19:35:10                      [restDemo]                      [restartedMain]                      INFO                       com.restDemo.RestDemoApplication                      - Started RestDemoApplication in 4.84 seconds (process running for 5.526)
2026-06-29 19:35:17                      [restDemo]                      [http-nio-8001-exec-2]                      INFO                       o.a.c.c.C.[Tomcat].[localhost].[/]                      - Initializing Spring DispatcherServlet 'dispatcherServlet'
2026-06-29 19:35:17                      [restDemo]                      [http-nio-8001-exec-2]                      INFO                       o.s.web.servlet.DispatcherServlet                      - Initializing Servlet 'dispatcherServlet'
2026-06-29 19:35:17                      [restDemo]                      [http-nio-8001-exec-2]                      INFO                       o.s.web.servlet.DispatcherServlet                      - Completed initialization in 2 ms
2026-06-29 19:35:18                      [restDemo]                      [http-nio-8001-exec-2]                      DEBUG                      org.hibernate.SQL                      - select u1_0.id,u1_0.city,u1_0.created_at,u1_0.created_by,u1_0.created_date,u1_0.email_id,u1_0.mobile_no,u1_0.name,u1_0.password,u1_0.updated_at,u1_0.updated_by,u1_0.updated_date,u1_0.user_id,u1_0.user_name from users u1_0 where u1_0.user_name=?
2026-06-29 19:35:18                      [restDemo]                      [http-nio-8001-exec-2]                      ERROR                      c.r.a.GlobalExceptionHandler                      - APPLICATION ERROR
java.lang.NumberFormatException: Cannot parse null string
	at java.base/java.lang.Long.parseLong(Long.java:580)
	at java.base/java.lang.Long.parseLong(Long.java:722)
	at com.restDemo.service.UserService.insert(UserService.java:36)
	at com.restDemo.controller.UserController.insert(UserController.java:41)
	at java.base/jdk.internal.reflect.DirectMethodHandleAccessor.invoke(DirectMethodHandleAccessor.java:103)
	at java.base/java.lang.reflect.Method.invoke(Method.java:580)
	at org.springframework.web.method.support.InvocableHandlerMethod.doInvoke(InvocableHandlerMethod.java:255)
	at org.springframework.web.method.support.InvocableHandlerMethod.invokeForRequest(InvocableHandlerMethod.java:188)
	at org.springframework.web.servlet.mvc.method.annotation.ServletInvocableHandlerMethod.invokeAndHandle(ServletInvocableHandlerMethod.java:118)
	at org.springframework.web.servlet.mvc.method.annotation.RequestMappingHandlerAdapter.invokeHandlerMethod(RequestMappingHandlerAdapter.java:926)
	at org.springframework.web.servlet.mvc.method.annotation.RequestMappingHandlerAdapter.handleInternal(RequestMappingHandlerAdapter.java:831)
	at org.springframework.web.servlet.mvc.method.AbstractHandlerMethodAdapter.handle(AbstractHandlerMethodAdapter.java:87)
	at org.springframework.web.servlet.DispatcherServlet.doDispatch(DispatcherServlet.java:1089)
	at org.springframework.web.servlet.DispatcherServlet.doService(DispatcherServlet.java:979)
	at org.springframework.web.servlet.FrameworkServlet.processRequest(FrameworkServlet.java:1014)
	at org.springframework.web.servlet.FrameworkServlet.doPost(FrameworkServlet.java:914)
	at jakarta.servlet.http.HttpServlet.service(HttpServlet.java:590)
	at org.springframework.web.servlet.FrameworkServlet.service(FrameworkServlet.java:885)
	at jakarta.servlet.http.HttpServlet.service(HttpServlet.java:658)
	at org.apache.catalina.core.ApplicationFilterChain.internalDoFilter(ApplicationFilterChain.java:195)
	at org.apache.catalina.core.ApplicationFilterChain.doFilter(ApplicationFilterChain.java:140)
	at org.apache.tomcat.websocket.server.WsFilter.doFilter(WsFilter.java:51)
	at org.apache.catalina.core.ApplicationFilterChain.internalDoFilter(ApplicationFilterChain.java:164)
	at org.apache.catalina.core.ApplicationFilterChain.doFilter(ApplicationFilterChain.java:140)
	at org.springframework.web.filter.CompositeFilter$VirtualFilterChain.doFilter(CompositeFilter.java:108)
	at org.springframework.security.web.FilterChainProxy.lambda$doFilterInternal$3(FilterChainProxy.java:231)
	at org.springframework.security.web.FilterChainProxy$VirtualFilterChain.doFilter(FilterChainProxy.java:365)
	at org.springframework.security.web.access.intercept.AuthorizationFilter.doFilter(AuthorizationFilter.java:100)
	at org.springframework.security.web.FilterChainProxy$VirtualFilterChain.doFilter(FilterChainProxy.java:374)
	at org.springframework.security.web.access.ExceptionTranslationFilter.doFilter(ExceptionTranslationFilter.java:126)
	at org.springframework.security.web.access.ExceptionTranslationFilter.doFilter(ExceptionTranslationFilter.java:120)
	at org.springframework.security.web.FilterChainProxy$VirtualFilterChain.doFilter(FilterChainProxy.java:374)
	at org.springframework.security.web.authentication.AnonymousAuthenticationFilter.doFilter(AnonymousAuthenticationFilter.java:100)
	at org.springframework.security.web.FilterChainProxy$VirtualFilterChain.doFilter(FilterChainProxy.java:374)
	at org.springframework.security.web.servletapi.SecurityContextHolderAwareRequestFilter.doFilter(SecurityContextHolderAwareRequestFilter.java:179)
	at org.springframework.security.web.FilterChainProxy$VirtualFilterChain.doFilter(FilterChainProxy.java:374)
	at org.springframework.security.web.savedrequest.RequestCacheAwareFilter.doFilter(RequestCacheAwareFilter.java:63)
	at org.springframework.security.web.FilterChainProxy$VirtualFilterChain.doFilter(FilterChainProxy.java:374)
	at org.springframework.security.web.authentication.logout.LogoutFilter.doFilter(LogoutFilter.java:107)
	at org.springframework.security.web.authentication.logout.LogoutFilter.doFilter(LogoutFilter.java:93)
	at org.springframework.security.web.FilterChainProxy$VirtualFilterChain.doFilter(FilterChainProxy.java:374)
	at org.springframework.security.web.header.HeaderWriterFilter.doHeadersAfter(HeaderWriterFilter.java:90)
	at org.springframework.security.web.header.HeaderWriterFilter.doFilterInternal(HeaderWriterFilter.java:75)
	at org.springframework.web.filter.OncePerRequestFilter.doFilter(OncePerRequestFilter.java:116)
	at org.springframework.security.web.FilterChainProxy$VirtualFilterChain.doFilter(FilterChainProxy.java:374)
	at org.springframework.security.web.context.SecurityContextHolderFilter.doFilter(SecurityContextHolderFilter.java:82)
	at org.springframework.security.web.context.SecurityContextHolderFilter.doFilter(SecurityContextHolderFilter.java:69)
	at org.springframework.security.web.FilterChainProxy$VirtualFilterChain.doFilter(FilterChainProxy.java:374)
	at org.springframework.security.web.context.request.async.WebAsyncManagerIntegrationFilter.doFilterInternal(WebAsyncManagerIntegrationFilter.java:62)
	at org.springframework.web.filter.OncePerRequestFilter.doFilter(OncePerRequestFilter.java:116)
	at org.springframework.security.web.FilterChainProxy$VirtualFilterChain.doFilter(FilterChainProxy.java:374)
	at org.springframework.security.web.session.DisableEncodeUrlFilter.doFilterInternal(DisableEncodeUrlFilter.java:42)
	at org.springframework.web.filter.OncePerRequestFilter.doFilter(OncePerRequestFilter.java:116)
	at org.springframework.security.web.FilterChainProxy$VirtualFilterChain.doFilter(FilterChainProxy.java:374)
	at org.springframework.security.web.FilterChainProxy.doFilterInternal(FilterChainProxy.java:233)
	at org.springframework.security.web.FilterChainProxy.doFilter(FilterChainProxy.java:191)
	at org.springframework.web.filter.CompositeFilter$VirtualFilterChain.doFilter(CompositeFilter.java:113)
	at org.springframework.web.servlet.handler.HandlerMappingIntrospector.lambda$createCacheFilter$3(HandlerMappingIntrospector.java:195)
	at org.springframework.web.filter.CompositeFilter$VirtualFilterChain.doFilter(CompositeFilter.java:113)
	at org.springframework.web.filter.CompositeFilter.doFilter(CompositeFilter.java:74)
	at org.springframework.security.config.annotation.web.configuration.WebMvcSecurityConfiguration$CompositeFilterChainProxy.doFilter(WebMvcSecurityConfiguration.java:230)
	at org.springframework.web.filter.DelegatingFilterProxy.invokeDelegate(DelegatingFilterProxy.java:362)
	at org.springframework.web.filter.DelegatingFilterProxy.doFilter(DelegatingFilterProxy.java:278)
	at org.apache.catalina.core.ApplicationFilterChain.internalDoFilter(ApplicationFilterChain.java:164)
	at org.apache.catalina.core.ApplicationFilterChain.doFilter(ApplicationFilterChain.java:140)
	at org.springframework.web.filter.RequestContextFilter.doFilterInternal(RequestContextFilter.java:100)
	at org.springframework.web.filter.OncePerRequestFilter.doFilter(OncePerRequestFilter.java:116)
	at org.apache.catalina.core.ApplicationFilterChain.internalDoFilter(ApplicationFilterChain.java:164)
	at org.apache.catalina.core.ApplicationFilterChain.doFilter(ApplicationFilterChain.java:140)
	at org.springframework.web.filter.FormContentFilter.doFilterInternal(FormContentFilter.java:93)
	at org.springframework.web.filter.OncePerRequestFilter.doFilter(OncePerRequestFilter.java:116)
	at org.apache.catalina.core.ApplicationFilterChain.internalDoFilter(ApplicationFilterChain.java:164)
	at org.apache.catalina.core.ApplicationFilterChain.doFilter(ApplicationFilterChain.java:140)
	at org.springframework.web.filter.CharacterEncodingFilter.doFilterInternal(CharacterEncodingFilter.java:201)
	at org.springframework.web.filter.OncePerRequestFilter.doFilter(OncePerRequestFilter.java:116)
	at org.apache.catalina.core.ApplicationFilterChain.internalDoFilter(ApplicationFilterChain.java:164)
	at org.apache.catalina.core.ApplicationFilterChain.doFilter(ApplicationFilterChain.java:140)
	at org.apache.catalina.core.StandardWrapperValve.invoke(StandardWrapperValve.java:167)
	at org.apache.catalina.core.StandardContextValve.invoke(StandardContextValve.java:90)
	at org.apache.catalina.authenticator.AuthenticatorBase.invoke(AuthenticatorBase.java:483)
	at org.apache.catalina.core.StandardHostValve.invoke(StandardHostValve.java:115)
	at org.apache.catalina.valves.ErrorReportValve.invoke(ErrorReportValve.java:93)
	at org.apache.catalina.core.StandardEngineValve.invoke(StandardEngineValve.java:74)
	at org.apache.catalina.connector.CoyoteAdapter.service(CoyoteAdapter.java:344)
	at org.apache.coyote.http11.Http11Processor.service(Http11Processor.java:384)
	at org.apache.coyote.AbstractProcessorLight.process(AbstractProcessorLight.java:63)
	at org.apache.coyote.AbstractProtocol$ConnectionHandler.process(AbstractProtocol.java:905)
	at org.apache.tomcat.util.net.NioEndpoint$SocketProcessor.doRun(NioEndpoint.java:1741)
	at org.apache.tomcat.util.net.SocketProcessorBase.run(SocketProcessorBase.java:52)
	at org.apache.tomcat.util.threads.ThreadPoolExecutor.runWorker(ThreadPoolExecutor.java:1190)
	at org.apache.tomcat.util.threads.ThreadPoolExecutor$Worker.run(ThreadPoolExecutor.java:659)
	at org.apache.tomcat.util.threads.TaskThread$WrappingRunnable.run(TaskThread.java:63)
	at java.base/java.lang.Thread.run(Thread.java:1575)
2026-06-29 19:35:18                      [restDemo]                      [http-nio-8001-exec-2]                      WARN                       o.s.w.s.m.m.a.ExceptionHandlerExceptionResolver                      - Resolved [java.lang.NumberFormatException: Cannot parse null string]
2026-06-29 19:35:46                      [restDemo]                      [SpringApplicationShutdownHook]                      INFO                       o.s.o.j.LocalContainerEntityManagerFactoryBean                      - Closing JPA EntityManagerFactory for persistence unit 'default'
2026-06-29 19:35:46                      [restDemo]                      [SpringApplicationShutdownHook]                      WARN                       o.s.b.f.s.DisposableBeanAdapter                      - Invocation of destroy method failed on bean with name 'inMemoryDatabaseShutdownExecutor': org.h2.jdbc.JdbcSQLNonTransientConnectionException: Database is already closed (to disable automatic closing at VM shutdown, add ";DB_CLOSE_ON_EXIT=FALSE" to the db URL) [90121-224]
2026-06-29 19:35:46                      [restDemo]                      [SpringApplicationShutdownHook]                      INFO                       com.zaxxer.hikari.HikariDataSource                      - HikariPool-1 - Shutdown initiated...
2026-06-29 19:35:46                      [restDemo]                      [SpringApplicationShutdownHook]                      INFO                       com.zaxxer.hikari.HikariDataSource                      - HikariPool-1 - Shutdown completed.
2026-06-29 19:37:39                      [restDemo]                      [restartedMain]                      INFO                       com.restDemo.RestDemoApplication                      - Starting RestDemoApplication using Java 23 with PID 59592 (/home/logeshkumar/Desktop/practice/restDemo/target/classes started by logeshkumar in /home/logeshkumar/Desktop/practice/restDemo)
2026-06-29 19:37:39                      [restDemo]                      [restartedMain]                      INFO                       com.restDemo.RestDemoApplication                      - No active profile set, falling back to 1 default profile: "default"
2026-06-29 19:37:39                      [restDemo]                      [restartedMain]                      INFO                       o.s.b.d.e.DevToolsPropertyDefaultsPostProcessor                      - Devtools property defaults active! Set 'spring.devtools.add-properties' to 'false' to disable
2026-06-29 19:37:39                      [restDemo]                      [restartedMain]                      INFO                       o.s.b.d.e.DevToolsPropertyDefaultsPostProcessor                      - For additional web related logging consider setting the 'logging.level.web' property to 'DEBUG'
2026-06-29 19:37:41                      [restDemo]                      [restartedMain]                      INFO                       o.s.d.r.c.RepositoryConfigurationDelegate                      - Bootstrapping Spring Data JPA repositories in DEFAULT mode.
2026-06-29 19:37:41                      [restDemo]                      [restartedMain]                      INFO                       o.s.d.r.c.RepositoryConfigurationDelegate                      - Finished Spring Data repository scanning in 55 ms. Found 1 JPA repository interface.
2026-06-29 19:37:41                      [restDemo]                      [restartedMain]                      INFO                       o.s.b.w.e.tomcat.TomcatWebServer                      - Tomcat initialized with port 8001 (http)
2026-06-29 19:37:41                      [restDemo]                      [restartedMain]                      INFO                       o.a.coyote.http11.Http11NioProtocol                      - Initializing ProtocolHandler ["http-nio-8001"]
2026-06-29 19:37:41                      [restDemo]                      [restartedMain]                      INFO                       o.a.catalina.core.StandardService                      - Starting service [Tomcat]
2026-06-29 19:37:41                      [restDemo]                      [restartedMain]                      INFO                       o.a.catalina.core.StandardEngine                      - Starting Servlet engine: [Apache Tomcat/10.1.31]
2026-06-29 19:37:41                      [restDemo]                      [restartedMain]                      INFO                       o.a.c.c.C.[Tomcat].[localhost].[/]                      - Initializing Spring embedded WebApplicationContext
2026-06-29 19:37:41                      [restDemo]                      [restartedMain]                      INFO                       o.s.b.w.s.c.ServletWebServerApplicationContext                      - Root WebApplicationContext: initialization completed in 1915 ms
2026-06-29 19:37:41                      [restDemo]                      [restartedMain]                      INFO                       com.zaxxer.hikari.HikariDataSource                      - HikariPool-1 - Starting...
2026-06-29 19:37:41                      [restDemo]                      [restartedMain]                      INFO                       com.zaxxer.hikari.pool.HikariPool                      - HikariPool-1 - Added connection conn0: url=jdbc:h2:mem:testdb user=SA
2026-06-29 19:37:41                      [restDemo]                      [restartedMain]                      INFO                       com.zaxxer.hikari.HikariDataSource                      - HikariPool-1 - Start completed.
2026-06-29 19:37:42                      [restDemo]                      [restartedMain]                      INFO                       o.s.b.a.h.H2ConsoleAutoConfiguration                      - H2 console available at '/h2-console'. Database available at 'jdbc:h2:mem:testdb'
2026-06-29 19:37:42                      [restDemo]                      [restartedMain]                      INFO                       o.h.jpa.internal.util.LogHelper                      - HHH000204: Processing PersistenceUnitInfo [name: default]
2026-06-29 19:37:42                      [restDemo]                      [restartedMain]                      INFO                       org.hibernate.Version                      - HHH000412: Hibernate ORM core version 6.5.3.Final
2026-06-29 19:37:42                      [restDemo]                      [restartedMain]                      INFO                       o.h.c.i.RegionFactoryInitiator                      - HHH000026: Second-level cache disabled
2026-06-29 19:37:42                      [restDemo]                      [restartedMain]                      INFO                       o.s.o.j.p.SpringPersistenceUnitInfo                      - No LoadTimeWeaver setup: ignoring JPA class transformer
2026-06-29 19:37:42                      [restDemo]                      [restartedMain]                      WARN                       org.hibernate.orm.deprecation                      - HHH90000025: H2Dialect does not need to be specified explicitly using 'hibernate.dialect' (remove the property setting and it will be selected by default)
2026-06-29 19:37:43                      [restDemo]                      [restartedMain]                      INFO                       o.h.e.t.j.p.i.JtaPlatformInitiator                      - HHH000489: No JTA platform available (set 'hibernate.transaction.jta.platform' to enable JTA platform integration)
2026-06-29 19:37:43                      [restDemo]                      [restartedMain]                      DEBUG                      org.hibernate.SQL                      - create table users (id bigint generated by default as identity, created_at bigint, created_by bigint, created_date timestamp(6), updated_at bigint, updated_by bigint, updated_date timestamp(6), city varchar(255), email_id varchar(255), mobile_no varchar(255), name varchar(255), password varchar(255), user_id varchar(255), user_name varchar(255), primary key (id))
2026-06-29 19:37:43                      [restDemo]                      [restartedMain]                      INFO                       o.s.o.j.LocalContainerEntityManagerFactoryBean                      - Initialized JPA EntityManagerFactory for persistence unit 'default'
2026-06-29 19:37:43                      [restDemo]                      [restartedMain]                      WARN                       o.s.b.a.o.j.JpaBaseConfiguration$JpaWebConfiguration                      - spring.jpa.open-in-view is enabled by default. Therefore, database queries may be performed during view rendering. Explicitly configure spring.jpa.open-in-view to disable this warning
2026-06-29 19:37:43                      [restDemo]                      [restartedMain]                      WARN                       o.s.b.a.s.s.UserDetailsServiceAutoConfiguration                      - 

Using generated security password: 0cd4bffc-5b43-497c-9a15-04c5f54dc4fc

This generated password is for development use only. Your security configuration must be updated before running your application in production.

2026-06-29 19:37:43                      [restDemo]                      [restartedMain]                      INFO                       o.s.s.c.a.a.c.InitializeUserDetailsBeanManagerConfigurer$InitializeUserDetailsManagerConfigurer                      - Global AuthenticationManager configured with UserDetailsService bean with name inMemoryUserDetailsManager
2026-06-29 19:37:44                      [restDemo]                      [restartedMain]                      INFO                       o.s.b.d.a.OptionalLiveReloadServer                      - LiveReload server is running on port 35729
2026-06-29 19:37:44                      [restDemo]                      [restartedMain]                      INFO                       o.a.coyote.http11.Http11NioProtocol                      - Starting ProtocolHandler ["http-nio-8001"]
2026-06-29 19:37:44                      [restDemo]                      [restartedMain]                      INFO                       o.s.b.w.e.tomcat.TomcatWebServer                      - Tomcat started on port 8001 (http) with context path '/'
2026-06-29 19:37:44                      [restDemo]                      [restartedMain]                      INFO                       com.restDemo.RestDemoApplication                      - Started RestDemoApplication in 5.393 seconds (process running for 6.174)
2026-06-29 19:38:27                      [restDemo]                      [http-nio-8001-exec-1]                      INFO                       o.a.c.c.C.[Tomcat].[localhost].[/]                      - Initializing Spring DispatcherServlet 'dispatcherServlet'
2026-06-29 19:38:27                      [restDemo]                      [http-nio-8001-exec-1]                      INFO                       o.s.web.servlet.DispatcherServlet                      - Initializing Servlet 'dispatcherServlet'
2026-06-29 19:38:27                      [restDemo]                      [http-nio-8001-exec-1]                      INFO                       o.s.web.servlet.DispatcherServlet                      - Completed initialization in 2 ms
2026-06-29 19:38:27                      [restDemo]                      [http-nio-8001-exec-1]                      DEBUG                      org.hibernate.SQL                      - select u1_0.id,u1_0.city,u1_0.created_at,u1_0.created_by,u1_0.created_date,u1_0.email_id,u1_0.mobile_no,u1_0.name,u1_0.password,u1_0.updated_at,u1_0.updated_by,u1_0.updated_date,u1_0.user_id,u1_0.user_name from users u1_0 where u1_0.user_name=?
2026-06-29 19:38:27                      [restDemo]                      [http-nio-8001-exec-1]                      DEBUG                      org.hibernate.SQL                      - select u1_0.id from users u1_0 where u1_0.email_id=? fetch first ? rows only
2026-06-29 19:38:27                      [restDemo]                      [http-nio-8001-exec-1]                      DEBUG                      org.hibernate.SQL                      - insert into users (city,created_at,created_by,created_date,email_id,mobile_no,name,password,updated_at,updated_by,updated_date,user_id,user_name,id) values (?,?,?,?,?,?,?,?,?,?,?,?,?,default)
2026-06-29 19:38:28                      [restDemo]                      [http-nio-8001-exec-4]                      DEBUG                      org.hibernate.SQL                      - select u1_0.id,u1_0.city,u1_0.created_at,u1_0.created_by,u1_0.created_date,u1_0.email_id,u1_0.mobile_no,u1_0.name,u1_0.password,u1_0.updated_at,u1_0.updated_by,u1_0.updated_date,u1_0.user_id,u1_0.user_name from users u1_0 where u1_0.user_name=?
2026-06-29 19:38:28                      [restDemo]                      [http-nio-8001-exec-4]                      DEBUG                      org.hibernate.SQL                      - select u1_0.id from users u1_0 where u1_0.email_id=? fetch first ? rows only
2026-06-29 19:38:28                      [restDemo]                      [http-nio-8001-exec-4]                      ERROR                      c.r.a.GlobalExceptionHandler                      - ERROR: com.restDemo.apiexceptions.ApiException: Email id Already Exist
2026-06-29 19:38:28                      [restDemo]                      [http-nio-8001-exec-4]                      ERROR                      c.r.a.GlobalExceptionHandler                      - at com.restDemo.service.UserService.insert(UserService.java:37)
2026-06-29 19:38:28                      [restDemo]                      [http-nio-8001-exec-4]                      ERROR                      c.r.a.GlobalExceptionHandler                      - at com.restDemo.controller.UserController.insert(UserController.java:41)
2026-06-29 19:38:28                      [restDemo]                      [http-nio-8001-exec-4]                      WARN                       o.s.w.s.m.m.a.ExceptionHandlerExceptionResolver                      - Resolved [com.restDemo.apiexceptions.ApiException: Email id Already Exist]
2026-06-29 19:39:14                      [restDemo]                      [http-nio-8001-exec-5]                      INFO                       com.restDemo.service.UserService                      - ERROR WHILE GETTING
2026-06-29 19:47:19                      [restDemo]                      [SpringApplicationShutdownHook]                      INFO                       o.s.o.j.LocalContainerEntityManagerFactoryBean                      - Closing JPA EntityManagerFactory for persistence unit 'default'
2026-06-29 19:47:19                      [restDemo]                      [SpringApplicationShutdownHook]                      WARN                       o.s.b.f.s.DisposableBeanAdapter                      - Invocation of destroy method failed on bean with name 'inMemoryDatabaseShutdownExecutor': org.h2.jdbc.JdbcSQLNonTransientConnectionException: Database is already closed (to disable automatic closing at VM shutdown, add ";DB_CLOSE_ON_EXIT=FALSE" to the db URL) [90121-224]
2026-06-29 19:47:19                      [restDemo]                      [SpringApplicationShutdownHook]                      INFO                       com.zaxxer.hikari.HikariDataSource                      - HikariPool-1 - Shutdown initiated...
2026-06-29 19:47:19                      [restDemo]                      [SpringApplicationShutdownHook]                      INFO                       com.zaxxer.hikari.HikariDataSource                      - HikariPool-1 - Shutdown completed.
2026-06-29 19:47:26                      [restDemo]                      [restartedMain]                      INFO                       com.restDemo.RestDemoApplication                      - Starting RestDemoApplication using Java 23 with PID 61217 (/home/logeshkumar/Desktop/practice/restDemo/target/classes started by logeshkumar in /home/logeshkumar/Desktop/practice/restDemo)
2026-06-29 19:47:26                      [restDemo]                      [restartedMain]                      INFO                       com.restDemo.RestDemoApplication                      - No active profile set, falling back to 1 default profile: "default"
2026-06-29 19:47:26                      [restDemo]                      [restartedMain]                      INFO                       o.s.b.d.e.DevToolsPropertyDefaultsPostProcessor                      - Devtools property defaults active! Set 'spring.devtools.add-properties' to 'false' to disable
2026-06-29 19:47:26                      [restDemo]                      [restartedMain]                      INFO                       o.s.b.d.e.DevToolsPropertyDefaultsPostProcessor                      - For additional web related logging consider setting the 'logging.level.web' property to 'DEBUG'
2026-06-29 19:47:28                      [restDemo]                      [restartedMain]                      INFO                       o.s.d.r.c.RepositoryConfigurationDelegate                      - Bootstrapping Spring Data JPA repositories in DEFAULT mode.
2026-06-29 19:47:28                      [restDemo]                      [restartedMain]                      INFO                       o.s.d.r.c.RepositoryConfigurationDelegate                      - Finished Spring Data repository scanning in 57 ms. Found 1 JPA repository interface.
2026-06-29 19:47:29                      [restDemo]                      [restartedMain]                      INFO                       o.s.b.w.e.tomcat.TomcatWebServer                      - Tomcat initialized with port 8001 (http)
2026-06-29 19:47:29                      [restDemo]                      [restartedMain]                      INFO                       o.a.coyote.http11.Http11NioProtocol                      - Initializing ProtocolHandler ["http-nio-8001"]
2026-06-29 19:47:29                      [restDemo]                      [restartedMain]                      INFO                       o.a.catalina.core.StandardService                      - Starting service [Tomcat]
2026-06-29 19:47:29                      [restDemo]                      [restartedMain]                      INFO                       o.a.catalina.core.StandardEngine                      - Starting Servlet engine: [Apache Tomcat/10.1.31]
2026-06-29 19:47:29                      [restDemo]                      [restartedMain]                      INFO                       o.a.c.c.C.[Tomcat].[localhost].[/]                      - Initializing Spring embedded WebApplicationContext
2026-06-29 19:47:29                      [restDemo]                      [restartedMain]                      INFO                       o.s.b.w.s.c.ServletWebServerApplicationContext                      - Root WebApplicationContext: initialization completed in 2265 ms
2026-06-29 19:47:29                      [restDemo]                      [restartedMain]                      INFO                       com.zaxxer.hikari.HikariDataSource                      - HikariPool-1 - Starting...
2026-06-29 19:47:29                      [restDemo]                      [restartedMain]                      INFO                       com.zaxxer.hikari.pool.HikariPool                      - HikariPool-1 - Added connection conn0: url=jdbc:h2:mem:testdb user=SA
2026-06-29 19:47:29                      [restDemo]                      [restartedMain]                      INFO                       com.zaxxer.hikari.HikariDataSource                      - HikariPool-1 - Start completed.
2026-06-29 19:47:29                      [restDemo]                      [restartedMain]                      INFO                       o.s.b.a.h.H2ConsoleAutoConfiguration                      - H2 console available at '/h2-console'. Database available at 'jdbc:h2:mem:testdb'
2026-06-29 19:47:29                      [restDemo]                      [restartedMain]                      INFO                       o.h.jpa.internal.util.LogHelper                      - HHH000204: Processing PersistenceUnitInfo [name: default]
2026-06-29 19:47:29                      [restDemo]                      [restartedMain]                      INFO                       org.hibernate.Version                      - HHH000412: Hibernate ORM core version 6.5.3.Final
2026-06-29 19:47:29                      [restDemo]                      [restartedMain]                      INFO                       o.h.c.i.RegionFactoryInitiator                      - HHH000026: Second-level cache disabled
2026-06-29 19:47:29                      [restDemo]                      [restartedMain]                      INFO                       o.s.o.j.p.SpringPersistenceUnitInfo                      - No LoadTimeWeaver setup: ignoring JPA class transformer
2026-06-29 19:47:29                      [restDemo]                      [restartedMain]                      WARN                       org.hibernate.orm.deprecation                      - HHH90000025: H2Dialect does not need to be specified explicitly using 'hibernate.dialect' (remove the property setting and it will be selected by default)
2026-06-29 19:47:30                      [restDemo]                      [restartedMain]                      INFO                       o.h.e.t.j.p.i.JtaPlatformInitiator                      - HHH000489: No JTA platform available (set 'hibernate.transaction.jta.platform' to enable JTA platform integration)
2026-06-29 19:47:30                      [restDemo]                      [restartedMain]                      DEBUG                      org.hibernate.SQL                      - create table users (id bigint generated by default as identity, created_at bigint, created_by bigint, created_date timestamp(6), updated_at bigint, updated_by bigint, updated_date timestamp(6), city varchar(255), email_id varchar(255), mobile_no varchar(255), name varchar(255), password varchar(255), user_id varchar(255), user_name varchar(255), primary key (id))
2026-06-29 19:47:30                      [restDemo]                      [restartedMain]                      INFO                       o.s.o.j.LocalContainerEntityManagerFactoryBean                      - Initialized JPA EntityManagerFactory for persistence unit 'default'
2026-06-29 19:47:31                      [restDemo]                      [restartedMain]                      WARN                       o.s.b.a.o.j.JpaBaseConfiguration$JpaWebConfiguration                      - spring.jpa.open-in-view is enabled by default. Therefore, database queries may be performed during view rendering. Explicitly configure spring.jpa.open-in-view to disable this warning
2026-06-29 19:47:31                      [restDemo]                      [restartedMain]                      WARN                       o.s.b.a.s.s.UserDetailsServiceAutoConfiguration                      - 

Using generated security password: b5a937d9-972e-40da-80f2-c6b875e59cc7

This generated password is for development use only. Your security configuration must be updated before running your application in production.

2026-06-29 19:47:31                      [restDemo]                      [restartedMain]                      INFO                       o.s.s.c.a.a.c.InitializeUserDetailsBeanManagerConfigurer$InitializeUserDetailsManagerConfigurer                      - Global AuthenticationManager configured with UserDetailsService bean with name inMemoryUserDetailsManager
2026-06-29 19:47:32                      [restDemo]                      [restartedMain]                      INFO                       o.s.b.d.a.OptionalLiveReloadServer                      - LiveReload server is running on port 35729
2026-06-29 19:47:32                      [restDemo]                      [restartedMain]                      INFO                       o.a.coyote.http11.Http11NioProtocol                      - Starting ProtocolHandler ["http-nio-8001"]
2026-06-29 19:47:32                      [restDemo]                      [restartedMain]                      INFO                       o.s.b.w.e.tomcat.TomcatWebServer                      - Tomcat started on port 8001 (http) with context path '/'
2026-06-29 19:47:32                      [restDemo]                      [restartedMain]                      INFO                       com.restDemo.RestDemoApplication                      - Started RestDemoApplication in 7.401 seconds (process running for 8.987)
2026-06-29 19:48:03                      [restDemo]                      [http-nio-8001-exec-2]                      INFO                       o.a.c.c.C.[Tomcat].[localhost].[/]                      - Initializing Spring DispatcherServlet 'dispatcherServlet'
2026-06-29 19:48:03                      [restDemo]                      [http-nio-8001-exec-2]                      INFO                       o.s.web.servlet.DispatcherServlet                      - Initializing Servlet 'dispatcherServlet'
2026-06-29 19:48:03                      [restDemo]                      [http-nio-8001-exec-2]                      INFO                       o.s.web.servlet.DispatcherServlet                      - Completed initialization in 2 ms
2026-06-29 19:48:04                      [restDemo]                      [http-nio-8001-exec-2]                      INFO                       com.restDemo.service.UserService                      - ERROR WHILE GETTING
2026-06-29 19:48:12                      [restDemo]                      [http-nio-8001-exec-3]                      DEBUG                      org.hibernate.SQL                      - select u1_0.id,u1_0.city,u1_0.created_at,u1_0.created_by,u1_0.created_date,u1_0.email_id,u1_0.mobile_no,u1_0.name,u1_0.password,u1_0.updated_at,u1_0.updated_by,u1_0.updated_date,u1_0.user_id,u1_0.user_name from users u1_0 where u1_0.user_name=?
2026-06-29 19:48:12                      [restDemo]                      [http-nio-8001-exec-3]                      DEBUG                      org.hibernate.SQL                      - select u1_0.id from users u1_0 where u1_0.email_id=? fetch first ? rows only
2026-06-29 19:48:12                      [restDemo]                      [http-nio-8001-exec-3]                      DEBUG                      org.hibernate.SQL                      - insert into users (city,created_at,created_by,created_date,email_id,mobile_no,name,password,updated_at,updated_by,updated_date,user_id,user_name,id) values (?,?,?,?,?,?,?,?,?,?,?,?,?,default)
2026-06-29 19:48:13                      [restDemo]                      [http-nio-8001-exec-4]                      DEBUG                      org.hibernate.SQL                      - select u1_0.id,u1_0.city,u1_0.created_at,u1_0.created_by,u1_0.created_date,u1_0.email_id,u1_0.mobile_no,u1_0.name,u1_0.password,u1_0.updated_at,u1_0.updated_by,u1_0.updated_date,u1_0.user_id,u1_0.user_name from users u1_0 where u1_0.user_name=?
2026-06-29 19:48:13                      [restDemo]                      [http-nio-8001-exec-4]                      DEBUG                      org.hibernate.SQL                      - select u1_0.id from users u1_0 where u1_0.email_id=? fetch first ? rows only
2026-06-29 19:48:13                      [restDemo]                      [http-nio-8001-exec-4]                      ERROR                      c.r.a.GlobalExceptionHandler                      - ERROR: com.restDemo.apiexceptions.ApiException: Email id Already Exist
2026-06-29 19:48:14                      [restDemo]                      [http-nio-8001-exec-4]                      ERROR                      c.r.a.GlobalExceptionHandler                      - at com.restDemo.service.UserService.insert(UserService.java:37)
2026-06-29 19:48:14                      [restDemo]                      [http-nio-8001-exec-4]                      ERROR                      c.r.a.GlobalExceptionHandler                      - at com.restDemo.controller.UserController.insert(UserController.java:41)
2026-06-29 19:48:14                      [restDemo]                      [http-nio-8001-exec-4]                      WARN                       o.s.w.s.m.m.a.ExceptionHandlerExceptionResolver                      - Resolved [com.restDemo.apiexceptions.ApiException: Email id Already Exist]
2026-06-29 19:58:14                      [restDemo]                      [SpringApplicationShutdownHook]                      INFO                       o.s.o.j.LocalContainerEntityManagerFactoryBean                      - Closing JPA EntityManagerFactory for persistence unit 'default'
2026-06-29 19:58:14                      [restDemo]                      [SpringApplicationShutdownHook]                      WARN                       o.s.b.f.s.DisposableBeanAdapter                      - Invocation of destroy method failed on bean with name 'inMemoryDatabaseShutdownExecutor': org.h2.jdbc.JdbcSQLNonTransientConnectionException: Database is already closed (to disable automatic closing at VM shutdown, add ";DB_CLOSE_ON_EXIT=FALSE" to the db URL) [90121-224]
2026-06-29 19:58:14                      [restDemo]                      [SpringApplicationShutdownHook]                      INFO                       com.zaxxer.hikari.HikariDataSource                      - HikariPool-1 - Shutdown initiated...
2026-06-29 19:58:14                      [restDemo]                      [SpringApplicationShutdownHook]                      INFO                       com.zaxxer.hikari.HikariDataSource                      - HikariPool-1 - Shutdown completed.
2026-06-29 19:58:20                      [restDemo]                      [restartedMain]                      INFO                       com.restDemo.RestDemoApplication                      - Starting RestDemoApplication using Java 23 with PID 62355 (/home/logeshkumar/Desktop/practice/restDemo/target/classes started by logeshkumar in /home/logeshkumar/Desktop/practice/restDemo)
2026-06-29 19:58:20                      [restDemo]                      [restartedMain]                      INFO                       com.restDemo.RestDemoApplication                      - No active profile set, falling back to 1 default profile: "default"
2026-06-29 19:58:20                      [restDemo]                      [restartedMain]                      INFO                       o.s.b.d.e.DevToolsPropertyDefaultsPostProcessor                      - Devtools property defaults active! Set 'spring.devtools.add-properties' to 'false' to disable
2026-06-29 19:58:20                      [restDemo]                      [restartedMain]                      INFO                       o.s.b.d.e.DevToolsPropertyDefaultsPostProcessor                      - For additional web related logging consider setting the 'logging.level.web' property to 'DEBUG'
2026-06-29 19:58:21                      [restDemo]                      [restartedMain]                      INFO                       o.s.d.r.c.RepositoryConfigurationDelegate                      - Bootstrapping Spring Data JPA repositories in DEFAULT mode.
2026-06-29 19:58:21                      [restDemo]                      [restartedMain]                      INFO                       o.s.d.r.c.RepositoryConfigurationDelegate                      - Finished Spring Data repository scanning in 52 ms. Found 1 JPA repository interface.
2026-06-29 19:58:21                      [restDemo]                      [restartedMain]                      INFO                       o.s.b.w.e.tomcat.TomcatWebServer                      - Tomcat initialized with port 8001 (http)
2026-06-29 19:58:21                      [restDemo]                      [restartedMain]                      INFO                       o.a.coyote.http11.Http11NioProtocol                      - Initializing ProtocolHandler ["http-nio-8001"]
2026-06-29 19:58:21                      [restDemo]                      [restartedMain]                      INFO                       o.a.catalina.core.StandardService                      - Starting service [Tomcat]
2026-06-29 19:58:21                      [restDemo]                      [restartedMain]                      INFO                       o.a.catalina.core.StandardEngine                      - Starting Servlet engine: [Apache Tomcat/10.1.31]
2026-06-29 19:58:21                      [restDemo]                      [restartedMain]                      INFO                       o.a.c.c.C.[Tomcat].[localhost].[/]                      - Initializing Spring embedded WebApplicationContext
2026-06-29 19:58:21                      [restDemo]                      [restartedMain]                      INFO                       o.s.b.w.s.c.ServletWebServerApplicationContext                      - Root WebApplicationContext: initialization completed in 1726 ms
2026-06-29 19:58:21                      [restDemo]                      [restartedMain]                      INFO                       com.zaxxer.hikari.HikariDataSource                      - HikariPool-1 - Starting...
2026-06-29 19:58:22                      [restDemo]                      [restartedMain]                      INFO                       com.zaxxer.hikari.pool.HikariPool                      - HikariPool-1 - Added connection conn0: url=jdbc:h2:mem:testdb user=SA
2026-06-29 19:58:22                      [restDemo]                      [restartedMain]                      INFO                       com.zaxxer.hikari.HikariDataSource                      - HikariPool-1 - Start completed.
2026-06-29 19:58:22                      [restDemo]                      [restartedMain]                      INFO                       o.s.b.a.h.H2ConsoleAutoConfiguration                      - H2 console available at '/h2-console'. Database available at 'jdbc:h2:mem:testdb'
2026-06-29 19:58:22                      [restDemo]                      [restartedMain]                      INFO                       o.h.jpa.internal.util.LogHelper                      - HHH000204: Processing PersistenceUnitInfo [name: default]
2026-06-29 19:58:22                      [restDemo]                      [restartedMain]                      INFO                       org.hibernate.Version                      - HHH000412: Hibernate ORM core version 6.5.3.Final
2026-06-29 19:58:22                      [restDemo]                      [restartedMain]                      INFO                       o.h.c.i.RegionFactoryInitiator                      - HHH000026: Second-level cache disabled
2026-06-29 19:58:22                      [restDemo]                      [restartedMain]                      INFO                       o.s.o.j.p.SpringPersistenceUnitInfo                      - No LoadTimeWeaver setup: ignoring JPA class transformer
2026-06-29 19:58:22                      [restDemo]                      [restartedMain]                      WARN                       org.hibernate.orm.deprecation                      - HHH90000025: H2Dialect does not need to be specified explicitly using 'hibernate.dialect' (remove the property setting and it will be selected by default)
2026-06-29 19:58:23                      [restDemo]                      [restartedMain]                      INFO                       o.h.e.t.j.p.i.JtaPlatformInitiator                      - HHH000489: No JTA platform available (set 'hibernate.transaction.jta.platform' to enable JTA platform integration)
2026-06-29 19:58:23                      [restDemo]                      [restartedMain]                      DEBUG                      org.hibernate.SQL                      - create table users (id bigint generated by default as identity, created_at bigint, created_by bigint, created_date timestamp(6), updated_at bigint, updated_by bigint, updated_date timestamp(6), city varchar(255), email_id varchar(255), mobile_no varchar(255), name varchar(255), password varchar(255), user_id varchar(255), user_name varchar(255), primary key (id))
2026-06-29 19:58:23                      [restDemo]                      [restartedMain]                      INFO                       o.s.o.j.LocalContainerEntityManagerFactoryBean                      - Initialized JPA EntityManagerFactory for persistence unit 'default'
2026-06-29 19:58:23                      [restDemo]                      [restartedMain]                      WARN                       o.s.b.a.o.j.JpaBaseConfiguration$JpaWebConfiguration                      - spring.jpa.open-in-view is enabled by default. Therefore, database queries may be performed during view rendering. Explicitly configure spring.jpa.open-in-view to disable this warning
2026-06-29 19:58:23                      [restDemo]                      [restartedMain]                      WARN                       o.s.b.a.s.s.UserDetailsServiceAutoConfiguration                      - 

Using generated security password: 06dba6b3-53ef-45c1-aa1f-18a07c1ea59e

This generated password is for development use only. Your security configuration must be updated before running your application in production.

2026-06-29 19:58:23                      [restDemo]                      [restartedMain]                      INFO                       o.s.s.c.a.a.c.InitializeUserDetailsBeanManagerConfigurer$InitializeUserDetailsManagerConfigurer                      - Global AuthenticationManager configured with UserDetailsService bean with name inMemoryUserDetailsManager
2026-06-29 19:58:24                      [restDemo]                      [restartedMain]                      INFO                       o.s.b.d.a.OptionalLiveReloadServer                      - LiveReload server is running on port 35729
2026-06-29 19:58:24                      [restDemo]                      [restartedMain]                      INFO                       o.a.coyote.http11.Http11NioProtocol                      - Starting ProtocolHandler ["http-nio-8001"]
2026-06-29 19:58:24                      [restDemo]                      [restartedMain]                      INFO                       o.s.b.w.e.tomcat.TomcatWebServer                      - Tomcat started on port 8001 (http) with context path '/'
2026-06-29 19:58:24                      [restDemo]                      [restartedMain]                      INFO                       com.restDemo.RestDemoApplication                      - Started RestDemoApplication in 4.885 seconds (process running for 5.507)
2026-06-29 19:58:31                      [restDemo]                      [http-nio-8001-exec-2]                      INFO                       o.a.c.c.C.[Tomcat].[localhost].[/]                      - Initializing Spring DispatcherServlet 'dispatcherServlet'
2026-06-29 19:58:31                      [restDemo]                      [http-nio-8001-exec-2]                      INFO                       o.s.web.servlet.DispatcherServlet                      - Initializing Servlet 'dispatcherServlet'
2026-06-29 19:58:31                      [restDemo]                      [http-nio-8001-exec-2]                      INFO                       o.s.web.servlet.DispatcherServlet                      - Completed initialization in 1 ms
2026-06-29 19:58:31                      [restDemo]                      [http-nio-8001-exec-2]                      DEBUG                      org.hibernate.SQL                      - select u1_0.id,u1_0.city,u1_0.created_at,u1_0.created_by,u1_0.created_date,u1_0.email_id,u1_0.mobile_no,u1_0.name,u1_0.password,u1_0.updated_at,u1_0.updated_by,u1_0.updated_date,u1_0.user_id,u1_0.user_name from users u1_0 where u1_0.user_name=?
2026-06-29 19:58:31                      [restDemo]                      [http-nio-8001-exec-2]                      DEBUG                      org.hibernate.SQL                      - select u1_0.id from users u1_0 where u1_0.email_id=? fetch first ? rows only
2026-06-29 19:58:31                      [restDemo]                      [http-nio-8001-exec-2]                      DEBUG                      org.hibernate.SQL                      - insert into users (city,created_at,created_by,created_date,email_id,mobile_no,name,password,updated_at,updated_by,updated_date,user_id,user_name,id) values (?,?,?,?,?,?,?,?,?,?,?,?,?,default)
2026-06-29 19:58:33                      [restDemo]                      [http-nio-8001-exec-3]                      DEBUG                      org.hibernate.SQL                      - select u1_0.id,u1_0.city,u1_0.created_at,u1_0.created_by,u1_0.created_date,u1_0.email_id,u1_0.mobile_no,u1_0.name,u1_0.password,u1_0.updated_at,u1_0.updated_by,u1_0.updated_date,u1_0.user_id,u1_0.user_name from users u1_0 where u1_0.user_name=?
2026-06-29 19:58:33                      [restDemo]                      [http-nio-8001-exec-3]                      DEBUG                      org.hibernate.SQL                      - select u1_0.id from users u1_0 where u1_0.email_id=? fetch first ? rows only
2026-06-29 19:58:33                      [restDemo]                      [http-nio-8001-exec-3]                      ERROR                      c.r.a.GlobalExceptionHandler                      - ERROR: com.restDemo.apiexceptions.ApiException: Email id Already Exist
2026-06-29 19:58:33                      [restDemo]                      [http-nio-8001-exec-3]                      ERROR                      c.r.a.GlobalExceptionHandler                      - CAUSE: {}
java.lang.IllegalStateException: Email id Already Exist
	at com.restDemo.service.UserService.insert(UserService.java:37)
	at com.restDemo.controller.UserController.insert(UserController.java:41)
	at java.base/jdk.internal.reflect.DirectMethodHandleAccessor.invoke(DirectMethodHandleAccessor.java:103)
	at java.base/java.lang.reflect.Method.invoke(Method.java:580)
	at org.springframework.web.method.support.InvocableHandlerMethod.doInvoke(InvocableHandlerMethod.java:255)
	at org.springframework.web.method.support.InvocableHandlerMethod.invokeForRequest(InvocableHandlerMethod.java:188)
	at org.springframework.web.servlet.mvc.method.annotation.ServletInvocableHandlerMethod.invokeAndHandle(ServletInvocableHandlerMethod.java:118)
	at org.springframework.web.servlet.mvc.method.annotation.RequestMappingHandlerAdapter.invokeHandlerMethod(RequestMappingHandlerAdapter.java:926)
	at org.springframework.web.servlet.mvc.method.annotation.RequestMappingHandlerAdapter.handleInternal(RequestMappingHandlerAdapter.java:831)
	at org.springframework.web.servlet.mvc.method.AbstractHandlerMethodAdapter.handle(AbstractHandlerMethodAdapter.java:87)
	at org.springframework.web.servlet.DispatcherServlet.doDispatch(DispatcherServlet.java:1089)
	at org.springframework.web.servlet.DispatcherServlet.doService(DispatcherServlet.java:979)
	at org.springframework.web.servlet.FrameworkServlet.processRequest(FrameworkServlet.java:1014)
	at org.springframework.web.servlet.FrameworkServlet.doPost(FrameworkServlet.java:914)
	at jakarta.servlet.http.HttpServlet.service(HttpServlet.java:590)
	at org.springframework.web.servlet.FrameworkServlet.service(FrameworkServlet.java:885)
	at jakarta.servlet.http.HttpServlet.service(HttpServlet.java:658)
	at org.apache.catalina.core.ApplicationFilterChain.internalDoFilter(ApplicationFilterChain.java:195)
	at org.apache.catalina.core.ApplicationFilterChain.doFilter(ApplicationFilterChain.java:140)
	at org.apache.tomcat.websocket.server.WsFilter.doFilter(WsFilter.java:51)
	at org.apache.catalina.core.ApplicationFilterChain.internalDoFilter(ApplicationFilterChain.java:164)
	at org.apache.catalina.core.ApplicationFilterChain.doFilter(ApplicationFilterChain.java:140)
	at org.springframework.web.filter.CompositeFilter$VirtualFilterChain.doFilter(CompositeFilter.java:108)
	at org.springframework.security.web.FilterChainProxy.lambda$doFilterInternal$3(FilterChainProxy.java:231)
	at org.springframework.security.web.FilterChainProxy$VirtualFilterChain.doFilter(FilterChainProxy.java:365)
	at org.springframework.security.web.access.intercept.AuthorizationFilter.doFilter(AuthorizationFilter.java:100)
	at org.springframework.security.web.FilterChainProxy$VirtualFilterChain.doFilter(FilterChainProxy.java:374)
	at org.springframework.security.web.access.ExceptionTranslationFilter.doFilter(ExceptionTranslationFilter.java:126)
	at org.springframework.security.web.access.ExceptionTranslationFilter.doFilter(ExceptionTranslationFilter.java:120)
	at org.springframework.security.web.FilterChainProxy$VirtualFilterChain.doFilter(FilterChainProxy.java:374)
	at org.springframework.security.web.authentication.AnonymousAuthenticationFilter.doFilter(AnonymousAuthenticationFilter.java:100)
	at org.springframework.security.web.FilterChainProxy$VirtualFilterChain.doFilter(FilterChainProxy.java:374)
	at org.springframework.security.web.servletapi.SecurityContextHolderAwareRequestFilter.doFilter(SecurityContextHolderAwareRequestFilter.java:179)
	at org.springframework.security.web.FilterChainProxy$VirtualFilterChain.doFilter(FilterChainProxy.java:374)
	at org.springframework.security.web.savedrequest.RequestCacheAwareFilter.doFilter(RequestCacheAwareFilter.java:63)
	at org.springframework.security.web.FilterChainProxy$VirtualFilterChain.doFilter(FilterChainProxy.java:374)
	at org.springframework.security.web.authentication.logout.LogoutFilter.doFilter(LogoutFilter.java:107)
	at org.springframework.security.web.authentication.logout.LogoutFilter.doFilter(LogoutFilter.java:93)
	at org.springframework.security.web.FilterChainProxy$VirtualFilterChain.doFilter(FilterChainProxy.java:374)
	at org.springframework.security.web.header.HeaderWriterFilter.doHeadersAfter(HeaderWriterFilter.java:90)
	at org.springframework.security.web.header.HeaderWriterFilter.doFilterInternal(HeaderWriterFilter.java:75)
	at org.springframework.web.filter.OncePerRequestFilter.doFilter(OncePerRequestFilter.java:116)
	at org.springframework.security.web.FilterChainProxy$VirtualFilterChain.doFilter(FilterChainProxy.java:374)
	at org.springframework.security.web.context.SecurityContextHolderFilter.doFilter(SecurityContextHolderFilter.java:82)
	at org.springframework.security.web.context.SecurityContextHolderFilter.doFilter(SecurityContextHolderFilter.java:69)
	at org.springframework.security.web.FilterChainProxy$VirtualFilterChain.doFilter(FilterChainProxy.java:374)
	at org.springframework.security.web.context.request.async.WebAsyncManagerIntegrationFilter.doFilterInternal(WebAsyncManagerIntegrationFilter.java:62)
	at org.springframework.web.filter.OncePerRequestFilter.doFilter(OncePerRequestFilter.java:116)
	at org.springframework.security.web.FilterChainProxy$VirtualFilterChain.doFilter(FilterChainProxy.java:374)
	at org.springframework.security.web.session.DisableEncodeUrlFilter.doFilterInternal(DisableEncodeUrlFilter.java:42)
	at org.springframework.web.filter.OncePerRequestFilter.doFilter(OncePerRequestFilter.java:116)
	at org.springframework.security.web.FilterChainProxy$VirtualFilterChain.doFilter(FilterChainProxy.java:374)
	at org.springframework.security.web.FilterChainProxy.doFilterInternal(FilterChainProxy.java:233)
	at org.springframework.security.web.FilterChainProxy.doFilter(FilterChainProxy.java:191)
	at org.springframework.web.filter.CompositeFilter$VirtualFilterChain.doFilter(CompositeFilter.java:113)
	at org.springframework.web.servlet.handler.HandlerMappingIntrospector.lambda$createCacheFilter$3(HandlerMappingIntrospector.java:195)
	at org.springframework.web.filter.CompositeFilter$VirtualFilterChain.doFilter(CompositeFilter.java:113)
	at org.springframework.web.filter.CompositeFilter.doFilter(CompositeFilter.java:74)
	at org.springframework.security.config.annotation.web.configuration.WebMvcSecurityConfiguration$CompositeFilterChainProxy.doFilter(WebMvcSecurityConfiguration.java:230)
	at org.springframework.web.filter.DelegatingFilterProxy.invokeDelegate(DelegatingFilterProxy.java:362)
	at org.springframework.web.filter.DelegatingFilterProxy.doFilter(DelegatingFilterProxy.java:278)
	at org.apache.catalina.core.ApplicationFilterChain.internalDoFilter(ApplicationFilterChain.java:164)
	at org.apache.catalina.core.ApplicationFilterChain.doFilter(ApplicationFilterChain.java:140)
	at org.springframework.web.filter.RequestContextFilter.doFilterInternal(RequestContextFilter.java:100)
	at org.springframework.web.filter.OncePerRequestFilter.doFilter(OncePerRequestFilter.java:116)
	at org.apache.catalina.core.ApplicationFilterChain.internalDoFilter(ApplicationFilterChain.java:164)
	at org.apache.catalina.core.ApplicationFilterChain.doFilter(ApplicationFilterChain.java:140)
	at org.springframework.web.filter.FormContentFilter.doFilterInternal(FormContentFilter.java:93)
	at org.springframework.web.filter.OncePerRequestFilter.doFilter(OncePerRequestFilter.java:116)
	at org.apache.catalina.core.ApplicationFilterChain.internalDoFilter(ApplicationFilterChain.java:164)
	at org.apache.catalina.core.ApplicationFilterChain.doFilter(ApplicationFilterChain.java:140)
	at org.springframework.web.filter.CharacterEncodingFilter.doFilterInternal(CharacterEncodingFilter.java:201)
	at org.springframework.web.filter.OncePerRequestFilter.doFilter(OncePerRequestFilter.java:116)
	at org.apache.catalina.core.ApplicationFilterChain.internalDoFilter(ApplicationFilterChain.java:164)
	at org.apache.catalina.core.ApplicationFilterChain.doFilter(ApplicationFilterChain.java:140)
	at org.apache.catalina.core.StandardWrapperValve.invoke(StandardWrapperValve.java:167)
	at org.apache.catalina.core.StandardContextValve.invoke(StandardContextValve.java:90)
	at org.apache.catalina.authenticator.AuthenticatorBase.invoke(AuthenticatorBase.java:483)
	at org.apache.catalina.core.StandardHostValve.invoke(StandardHostValve.java:115)
	at org.apache.catalina.valves.ErrorReportValve.invoke(ErrorReportValve.java:93)
	at org.apache.catalina.core.StandardEngineValve.invoke(StandardEngineValve.java:74)
	at org.apache.catalina.connector.CoyoteAdapter.service(CoyoteAdapter.java:344)
	at org.apache.coyote.http11.Http11Processor.service(Http11Processor.java:384)
	at org.apache.coyote.AbstractProcessorLight.process(AbstractProcessorLight.java:63)
	at org.apache.coyote.AbstractProtocol$ConnectionHandler.process(AbstractProtocol.java:905)
	at org.apache.tomcat.util.net.NioEndpoint$SocketProcessor.doRun(NioEndpoint.java:1741)
	at org.apache.tomcat.util.net.SocketProcessorBase.run(SocketProcessorBase.java:52)
	at org.apache.tomcat.util.threads.ThreadPoolExecutor.runWorker(ThreadPoolExecutor.java:1190)
	at org.apache.tomcat.util.threads.ThreadPoolExecutor$Worker.run(ThreadPoolExecutor.java:659)
	at org.apache.tomcat.util.threads.TaskThread$WrappingRunnable.run(TaskThread.java:63)
	at java.base/java.lang.Thread.run(Thread.java:1575)
2026-06-29 19:58:33                      [restDemo]                      [http-nio-8001-exec-3]                      ERROR                      c.r.a.GlobalExceptionHandler                      - at com.restDemo.service.UserService.insert(UserService.java:37)
2026-06-29 19:58:33                      [restDemo]                      [http-nio-8001-exec-3]                      ERROR                      c.r.a.GlobalExceptionHandler                      - at com.restDemo.controller.UserController.insert(UserController.java:41)
2026-06-29 19:58:33                      [restDemo]                      [http-nio-8001-exec-3]                      WARN                       o.s.w.s.m.m.a.ExceptionHandlerExceptionResolver                      - Resolved [com.restDemo.apiexceptions.ApiException: Email id Already Exist]
2026-06-29 19:59:08                      [restDemo]                      [SpringApplicationShutdownHook]                      INFO                       o.s.o.j.LocalContainerEntityManagerFactoryBean                      - Closing JPA EntityManagerFactory for persistence unit 'default'
2026-06-29 19:59:08                      [restDemo]                      [SpringApplicationShutdownHook]                      WARN                       o.s.b.f.s.DisposableBeanAdapter                      - Invocation of destroy method failed on bean with name 'inMemoryDatabaseShutdownExecutor': org.h2.jdbc.JdbcSQLNonTransientConnectionException: Database is already closed (to disable automatic closing at VM shutdown, add ";DB_CLOSE_ON_EXIT=FALSE" to the db URL) [90121-224]
2026-06-29 19:59:08                      [restDemo]                      [SpringApplicationShutdownHook]                      INFO                       com.zaxxer.hikari.HikariDataSource                      - HikariPool-1 - Shutdown initiated...
2026-06-29 19:59:08                      [restDemo]                      [SpringApplicationShutdownHook]                      INFO                       com.zaxxer.hikari.HikariDataSource                      - HikariPool-1 - Shutdown completed.
2026-06-29 19:59:12                      [restDemo]                      [restartedMain]                      INFO                       com.restDemo.RestDemoApplication                      - Starting RestDemoApplication using Java 23 with PID 62534 (/home/logeshkumar/Desktop/practice/restDemo/target/classes started by logeshkumar in /home/logeshkumar/Desktop/practice/restDemo)
2026-06-29 19:59:12                      [restDemo]                      [restartedMain]                      INFO                       com.restDemo.RestDemoApplication                      - No active profile set, falling back to 1 default profile: "default"
2026-06-29 19:59:12                      [restDemo]                      [restartedMain]                      INFO                       o.s.b.d.e.DevToolsPropertyDefaultsPostProcessor                      - Devtools property defaults active! Set 'spring.devtools.add-properties' to 'false' to disable
2026-06-29 19:59:12                      [restDemo]                      [restartedMain]                      INFO                       o.s.b.d.e.DevToolsPropertyDefaultsPostProcessor                      - For additional web related logging consider setting the 'logging.level.web' property to 'DEBUG'
2026-06-29 19:59:13                      [restDemo]                      [restartedMain]                      INFO                       o.s.d.r.c.RepositoryConfigurationDelegate                      - Bootstrapping Spring Data JPA repositories in DEFAULT mode.
2026-06-29 19:59:13                      [restDemo]                      [restartedMain]                      INFO                       o.s.d.r.c.RepositoryConfigurationDelegate                      - Finished Spring Data repository scanning in 52 ms. Found 1 JPA repository interface.
2026-06-29 19:59:14                      [restDemo]                      [restartedMain]                      INFO                       o.s.b.w.e.tomcat.TomcatWebServer                      - Tomcat initialized with port 8001 (http)
2026-06-29 19:59:14                      [restDemo]                      [restartedMain]                      INFO                       o.a.coyote.http11.Http11NioProtocol                      - Initializing ProtocolHandler ["http-nio-8001"]
2026-06-29 19:59:14                      [restDemo]                      [restartedMain]                      INFO                       o.a.catalina.core.StandardService                      - Starting service [Tomcat]
2026-06-29 19:59:14                      [restDemo]                      [restartedMain]                      INFO                       o.a.catalina.core.StandardEngine                      - Starting Servlet engine: [Apache Tomcat/10.1.31]
2026-06-29 19:59:14                      [restDemo]                      [restartedMain]                      INFO                       o.a.c.c.C.[Tomcat].[localhost].[/]                      - Initializing Spring embedded WebApplicationContext
2026-06-29 19:59:14                      [restDemo]                      [restartedMain]                      INFO                       o.s.b.w.s.c.ServletWebServerApplicationContext                      - Root WebApplicationContext: initialization completed in 1543 ms
2026-06-29 19:59:14                      [restDemo]                      [restartedMain]                      INFO                       com.zaxxer.hikari.HikariDataSource                      - HikariPool-1 - Starting...
2026-06-29 19:59:14                      [restDemo]                      [restartedMain]                      INFO                       com.zaxxer.hikari.pool.HikariPool                      - HikariPool-1 - Added connection conn0: url=jdbc:h2:mem:testdb user=SA
2026-06-29 19:59:14                      [restDemo]                      [restartedMain]                      INFO                       com.zaxxer.hikari.HikariDataSource                      - HikariPool-1 - Start completed.
2026-06-29 19:59:14                      [restDemo]                      [restartedMain]                      INFO                       o.s.b.a.h.H2ConsoleAutoConfiguration                      - H2 console available at '/h2-console'. Database available at 'jdbc:h2:mem:testdb'
2026-06-29 19:59:14                      [restDemo]                      [restartedMain]                      INFO                       o.h.jpa.internal.util.LogHelper                      - HHH000204: Processing PersistenceUnitInfo [name: default]
2026-06-29 19:59:14                      [restDemo]                      [restartedMain]                      INFO                       org.hibernate.Version                      - HHH000412: Hibernate ORM core version 6.5.3.Final
2026-06-29 19:59:14                      [restDemo]                      [restartedMain]                      INFO                       o.h.c.i.RegionFactoryInitiator                      - HHH000026: Second-level cache disabled
2026-06-29 19:59:14                      [restDemo]                      [restartedMain]                      INFO                       o.s.o.j.p.SpringPersistenceUnitInfo                      - No LoadTimeWeaver setup: ignoring JPA class transformer
2026-06-29 19:59:14                      [restDemo]                      [restartedMain]                      WARN                       org.hibernate.orm.deprecation                      - HHH90000025: H2Dialect does not need to be specified explicitly using 'hibernate.dialect' (remove the property setting and it will be selected by default)
2026-06-29 19:59:15                      [restDemo]                      [restartedMain]                      INFO                       o.h.e.t.j.p.i.JtaPlatformInitiator                      - HHH000489: No JTA platform available (set 'hibernate.transaction.jta.platform' to enable JTA platform integration)
2026-06-29 19:59:15                      [restDemo]                      [restartedMain]                      DEBUG                      org.hibernate.SQL                      - create table users (id bigint generated by default as identity, created_at bigint, created_by bigint, created_date timestamp(6), updated_at bigint, updated_by bigint, updated_date timestamp(6), city varchar(255), email_id varchar(255), mobile_no varchar(255), name varchar(255), password varchar(255), user_id varchar(255), user_name varchar(255), primary key (id))
2026-06-29 19:59:15                      [restDemo]                      [restartedMain]                      INFO                       o.s.o.j.LocalContainerEntityManagerFactoryBean                      - Initialized JPA EntityManagerFactory for persistence unit 'default'
2026-06-29 19:59:16                      [restDemo]                      [restartedMain]                      WARN                       o.s.b.a.o.j.JpaBaseConfiguration$JpaWebConfiguration                      - spring.jpa.open-in-view is enabled by default. Therefore, database queries may be performed during view rendering. Explicitly configure spring.jpa.open-in-view to disable this warning
2026-06-29 19:59:16                      [restDemo]                      [restartedMain]                      WARN                       o.s.b.a.s.s.UserDetailsServiceAutoConfiguration                      - 

Using generated security password: 4ba890d6-7d4d-40a7-ae8e-89b7989ed645

This generated password is for development use only. Your security configuration must be updated before running your application in production.

2026-06-29 19:59:16                      [restDemo]                      [restartedMain]                      INFO                       o.s.s.c.a.a.c.InitializeUserDetailsBeanManagerConfigurer$InitializeUserDetailsManagerConfigurer                      - Global AuthenticationManager configured with UserDetailsService bean with name inMemoryUserDetailsManager
2026-06-29 19:59:16                      [restDemo]                      [restartedMain]                      INFO                       o.s.b.d.a.OptionalLiveReloadServer                      - LiveReload server is running on port 35729
2026-06-29 19:59:16                      [restDemo]                      [restartedMain]                      INFO                       o.a.coyote.http11.Http11NioProtocol                      - Starting ProtocolHandler ["http-nio-8001"]
2026-06-29 19:59:16                      [restDemo]                      [restartedMain]                      INFO                       o.s.b.w.e.tomcat.TomcatWebServer                      - Tomcat started on port 8001 (http) with context path '/'
2026-06-29 19:59:16                      [restDemo]                      [restartedMain]                      INFO                       com.restDemo.RestDemoApplication                      - Started RestDemoApplication in 4.678 seconds (process running for 5.238)
2026-06-29 20:03:30                      [restDemo]                      [SpringApplicationShutdownHook]                      INFO                       o.s.o.j.LocalContainerEntityManagerFactoryBean                      - Closing JPA EntityManagerFactory for persistence unit 'default'
2026-06-29 20:03:30                      [restDemo]                      [SpringApplicationShutdownHook]                      WARN                       o.s.b.f.s.DisposableBeanAdapter                      - Invocation of destroy method failed on bean with name 'inMemoryDatabaseShutdownExecutor': org.h2.jdbc.JdbcSQLNonTransientConnectionException: Database is already closed (to disable automatic closing at VM shutdown, add ";DB_CLOSE_ON_EXIT=FALSE" to the db URL) [90121-224]
2026-06-29 20:03:30                      [restDemo]                      [SpringApplicationShutdownHook]                      INFO                       com.zaxxer.hikari.HikariDataSource                      - HikariPool-1 - Shutdown initiated...
2026-06-29 20:03:30                      [restDemo]                      [SpringApplicationShutdownHook]                      INFO                       com.zaxxer.hikari.HikariDataSource                      - HikariPool-1 - Shutdown completed.
2026-06-29 20:03:35                      [restDemo]                      [restartedMain]                      INFO                       com.restDemo.RestDemoApplication                      - Starting RestDemoApplication using Java 23 with PID 63005 (/home/logeshkumar/Desktop/practice/restDemo/target/classes started by logeshkumar in /home/logeshkumar/Desktop/practice/restDemo)
2026-06-29 20:03:35                      [restDemo]                      [restartedMain]                      INFO                       com.restDemo.RestDemoApplication                      - No active profile set, falling back to 1 default profile: "default"
2026-06-29 20:03:35                      [restDemo]                      [restartedMain]                      INFO                       o.s.b.d.e.DevToolsPropertyDefaultsPostProcessor                      - Devtools property defaults active! Set 'spring.devtools.add-properties' to 'false' to disable
2026-06-29 20:03:35                      [restDemo]                      [restartedMain]                      INFO                       o.s.b.d.e.DevToolsPropertyDefaultsPostProcessor                      - For additional web related logging consider setting the 'logging.level.web' property to 'DEBUG'
2026-06-29 20:03:36                      [restDemo]                      [restartedMain]                      INFO                       o.s.d.r.c.RepositoryConfigurationDelegate                      - Bootstrapping Spring Data JPA repositories in DEFAULT mode.
2026-06-29 20:03:36                      [restDemo]                      [restartedMain]                      INFO                       o.s.d.r.c.RepositoryConfigurationDelegate                      - Finished Spring Data repository scanning in 52 ms. Found 1 JPA repository interface.
2026-06-29 20:03:36                      [restDemo]                      [restartedMain]                      INFO                       o.s.b.w.e.tomcat.TomcatWebServer                      - Tomcat initialized with port 8001 (http)
2026-06-29 20:03:36                      [restDemo]                      [restartedMain]                      INFO                       o.a.coyote.http11.Http11NioProtocol                      - Initializing ProtocolHandler ["http-nio-8001"]
2026-06-29 20:03:36                      [restDemo]                      [restartedMain]                      INFO                       o.a.catalina.core.StandardService                      - Starting service [Tomcat]
2026-06-29 20:03:36                      [restDemo]                      [restartedMain]                      INFO                       o.a.catalina.core.StandardEngine                      - Starting Servlet engine: [Apache Tomcat/10.1.31]
2026-06-29 20:03:36                      [restDemo]                      [restartedMain]                      INFO                       o.a.c.c.C.[Tomcat].[localhost].[/]                      - Initializing Spring embedded WebApplicationContext
2026-06-29 20:03:36                      [restDemo]                      [restartedMain]                      INFO                       o.s.b.w.s.c.ServletWebServerApplicationContext                      - Root WebApplicationContext: initialization completed in 1513 ms
2026-06-29 20:03:36                      [restDemo]                      [restartedMain]                      INFO                       com.zaxxer.hikari.HikariDataSource                      - HikariPool-1 - Starting...
2026-06-29 20:03:36                      [restDemo]                      [restartedMain]                      INFO                       com.zaxxer.hikari.pool.HikariPool                      - HikariPool-1 - Added connection conn0: url=jdbc:h2:mem:testdb user=SA
2026-06-29 20:03:36                      [restDemo]                      [restartedMain]                      INFO                       com.zaxxer.hikari.HikariDataSource                      - HikariPool-1 - Start completed.
2026-06-29 20:03:36                      [restDemo]                      [restartedMain]                      INFO                       o.s.b.a.h.H2ConsoleAutoConfiguration                      - H2 console available at '/h2-console'. Database available at 'jdbc:h2:mem:testdb'
2026-06-29 20:03:36                      [restDemo]                      [restartedMain]                      INFO                       o.h.jpa.internal.util.LogHelper                      - HHH000204: Processing PersistenceUnitInfo [name: default]
2026-06-29 20:03:37                      [restDemo]                      [restartedMain]                      INFO                       org.hibernate.Version                      - HHH000412: Hibernate ORM core version 6.5.3.Final
2026-06-29 20:03:37                      [restDemo]                      [restartedMain]                      INFO                       o.h.c.i.RegionFactoryInitiator                      - HHH000026: Second-level cache disabled
2026-06-29 20:03:37                      [restDemo]                      [restartedMain]                      INFO                       o.s.o.j.p.SpringPersistenceUnitInfo                      - No LoadTimeWeaver setup: ignoring JPA class transformer
2026-06-29 20:03:37                      [restDemo]                      [restartedMain]                      WARN                       org.hibernate.orm.deprecation                      - HHH90000025: H2Dialect does not need to be specified explicitly using 'hibernate.dialect' (remove the property setting and it will be selected by default)
2026-06-29 20:03:38                      [restDemo]                      [restartedMain]                      INFO                       o.h.e.t.j.p.i.JtaPlatformInitiator                      - HHH000489: No JTA platform available (set 'hibernate.transaction.jta.platform' to enable JTA platform integration)
2026-06-29 20:03:38                      [restDemo]                      [restartedMain]                      DEBUG                      org.hibernate.SQL                      - create table users (id bigint generated by default as identity, created_at bigint, created_by bigint, created_date timestamp(6), updated_at bigint, updated_by bigint, updated_date timestamp(6), city varchar(255), email_id varchar(255), mobile_no varchar(255), name varchar(255), password varchar(255), user_id varchar(255), user_name varchar(255), primary key (id))
2026-06-29 20:03:38                      [restDemo]                      [restartedMain]                      INFO                       o.s.o.j.LocalContainerEntityManagerFactoryBean                      - Initialized JPA EntityManagerFactory for persistence unit 'default'
2026-06-29 20:03:38                      [restDemo]                      [restartedMain]                      WARN                       o.s.b.a.o.j.JpaBaseConfiguration$JpaWebConfiguration                      - spring.jpa.open-in-view is enabled by default. Therefore, database queries may be performed during view rendering. Explicitly configure spring.jpa.open-in-view to disable this warning
2026-06-29 20:03:38                      [restDemo]                      [restartedMain]                      WARN                       o.s.b.a.s.s.UserDetailsServiceAutoConfiguration                      - 

Using generated security password: 96cf19b1-e7a3-46c1-9a81-5386af781eaf

This generated password is for development use only. Your security configuration must be updated before running your application in production.

2026-06-29 20:03:38                      [restDemo]                      [restartedMain]                      INFO                       o.s.s.c.a.a.c.InitializeUserDetailsBeanManagerConfigurer$InitializeUserDetailsManagerConfigurer                      - Global AuthenticationManager configured with UserDetailsService bean with name inMemoryUserDetailsManager
2026-06-29 20:03:39                      [restDemo]                      [restartedMain]                      INFO                       o.s.b.d.a.OptionalLiveReloadServer                      - LiveReload server is running on port 35729
2026-06-29 20:03:39                      [restDemo]                      [restartedMain]                      INFO                       o.a.coyote.http11.Http11NioProtocol                      - Starting ProtocolHandler ["http-nio-8001"]
2026-06-29 20:03:39                      [restDemo]                      [restartedMain]                      INFO                       o.s.b.w.e.tomcat.TomcatWebServer                      - Tomcat started on port 8001 (http) with context path '/'
2026-06-29 20:03:39                      [restDemo]                      [restartedMain]                      INFO                       com.restDemo.RestDemoApplication                      - Started RestDemoApplication in 4.72 seconds (process running for 5.281)
2026-06-29 20:03:47                      [restDemo]                      [http-nio-8001-exec-2]                      INFO                       o.a.c.c.C.[Tomcat].[localhost].[/]                      - Initializing Spring DispatcherServlet 'dispatcherServlet'
2026-06-29 20:03:47                      [restDemo]                      [http-nio-8001-exec-2]                      INFO                       o.s.web.servlet.DispatcherServlet                      - Initializing Servlet 'dispatcherServlet'
2026-06-29 20:03:47                      [restDemo]                      [http-nio-8001-exec-2]                      INFO                       o.s.web.servlet.DispatcherServlet                      - Completed initialization in 2 ms
2026-06-29 20:03:47                      [restDemo]                      [http-nio-8001-exec-2]                      DEBUG                      org.hibernate.SQL                      - select u1_0.id,u1_0.city,u1_0.created_at,u1_0.created_by,u1_0.created_date,u1_0.email_id,u1_0.mobile_no,u1_0.name,u1_0.password,u1_0.updated_at,u1_0.updated_by,u1_0.updated_date,u1_0.user_id,u1_0.user_name from users u1_0 where u1_0.user_name=?
2026-06-29 20:03:47                      [restDemo]                      [http-nio-8001-exec-2]                      DEBUG                      org.hibernate.SQL                      - select u1_0.id from users u1_0 where u1_0.email_id=? fetch first ? rows only
2026-06-29 20:03:47                      [restDemo]                      [http-nio-8001-exec-2]                      WARN                       o.s.w.s.m.m.a.ExceptionHandlerExceptionResolver                      - Resolved [java.lang.NumberFormatException: Cannot parse null string]
2026-06-29 20:05:05                      [restDemo]                      [SpringApplicationShutdownHook]                      INFO                       o.s.o.j.LocalContainerEntityManagerFactoryBean                      - Closing JPA EntityManagerFactory for persistence unit 'default'
2026-06-29 20:05:05                      [restDemo]                      [SpringApplicationShutdownHook]                      WARN                       o.s.b.f.s.DisposableBeanAdapter                      - Invocation of destroy method failed on bean with name 'inMemoryDatabaseShutdownExecutor': org.h2.jdbc.JdbcSQLNonTransientConnectionException: Database is already closed (to disable automatic closing at VM shutdown, add ";DB_CLOSE_ON_EXIT=FALSE" to the db URL) [90121-224]
2026-06-29 20:05:05                      [restDemo]                      [SpringApplicationShutdownHook]                      INFO                       com.zaxxer.hikari.HikariDataSource                      - HikariPool-1 - Shutdown initiated...
2026-06-29 20:05:05                      [restDemo]                      [SpringApplicationShutdownHook]                      INFO                       com.zaxxer.hikari.HikariDataSource                      - HikariPool-1 - Shutdown completed.
2026-06-29 20:05:10                      [restDemo]                      [restartedMain]                      INFO                       com.restDemo.RestDemoApplication                      - Starting RestDemoApplication using Java 23 with PID 63239 (/home/logeshkumar/Desktop/practice/restDemo/target/classes started by logeshkumar in /home/logeshkumar/Desktop/practice/restDemo)
2026-06-29 20:05:10                      [restDemo]                      [restartedMain]                      INFO                       com.restDemo.RestDemoApplication                      - No active profile set, falling back to 1 default profile: "default"
2026-06-29 20:05:10                      [restDemo]                      [restartedMain]                      INFO                       o.s.b.d.e.DevToolsPropertyDefaultsPostProcessor                      - Devtools property defaults active! Set 'spring.devtools.add-properties' to 'false' to disable
2026-06-29 20:05:10                      [restDemo]                      [restartedMain]                      INFO                       o.s.b.d.e.DevToolsPropertyDefaultsPostProcessor                      - For additional web related logging consider setting the 'logging.level.web' property to 'DEBUG'
2026-06-29 20:05:10                      [restDemo]                      [restartedMain]                      INFO                       o.s.d.r.c.RepositoryConfigurationDelegate                      - Bootstrapping Spring Data JPA repositories in DEFAULT mode.
2026-06-29 20:05:11                      [restDemo]                      [restartedMain]                      INFO                       o.s.d.r.c.RepositoryConfigurationDelegate                      - Finished Spring Data repository scanning in 51 ms. Found 1 JPA repository interface.
2026-06-29 20:05:11                      [restDemo]                      [restartedMain]                      INFO                       o.s.b.w.e.tomcat.TomcatWebServer                      - Tomcat initialized with port 8001 (http)
2026-06-29 20:05:11                      [restDemo]                      [restartedMain]                      INFO                       o.a.coyote.http11.Http11NioProtocol                      - Initializing ProtocolHandler ["http-nio-8001"]
2026-06-29 20:05:11                      [restDemo]                      [restartedMain]                      INFO                       o.a.catalina.core.StandardService                      - Starting service [Tomcat]
2026-06-29 20:05:11                      [restDemo]                      [restartedMain]                      INFO                       o.a.catalina.core.StandardEngine                      - Starting Servlet engine: [Apache Tomcat/10.1.31]
2026-06-29 20:05:11                      [restDemo]                      [restartedMain]                      INFO                       o.a.c.c.C.[Tomcat].[localhost].[/]                      - Initializing Spring embedded WebApplicationContext
2026-06-29 20:05:11                      [restDemo]                      [restartedMain]                      INFO                       o.s.b.w.s.c.ServletWebServerApplicationContext                      - Root WebApplicationContext: initialization completed in 1492 ms
2026-06-29 20:05:11                      [restDemo]                      [restartedMain]                      INFO                       com.zaxxer.hikari.HikariDataSource                      - HikariPool-1 - Starting...
2026-06-29 20:05:11                      [restDemo]                      [restartedMain]                      INFO                       com.zaxxer.hikari.pool.HikariPool                      - HikariPool-1 - Added connection conn0: url=jdbc:h2:mem:testdb user=SA
2026-06-29 20:05:11                      [restDemo]                      [restartedMain]                      INFO                       com.zaxxer.hikari.HikariDataSource                      - HikariPool-1 - Start completed.
2026-06-29 20:05:11                      [restDemo]                      [restartedMain]                      INFO                       o.s.b.a.h.H2ConsoleAutoConfiguration                      - H2 console available at '/h2-console'. Database available at 'jdbc:h2:mem:testdb'
2026-06-29 20:05:11                      [restDemo]                      [restartedMain]                      INFO                       o.h.jpa.internal.util.LogHelper                      - HHH000204: Processing PersistenceUnitInfo [name: default]
2026-06-29 20:05:11                      [restDemo]                      [restartedMain]                      INFO                       org.hibernate.Version                      - HHH000412: Hibernate ORM core version 6.5.3.Final
2026-06-29 20:05:12                      [restDemo]                      [restartedMain]                      INFO                       o.h.c.i.RegionFactoryInitiator                      - HHH000026: Second-level cache disabled
2026-06-29 20:05:12                      [restDemo]                      [restartedMain]                      INFO                       o.s.o.j.p.SpringPersistenceUnitInfo                      - No LoadTimeWeaver setup: ignoring JPA class transformer
2026-06-29 20:05:12                      [restDemo]                      [restartedMain]                      WARN                       org.hibernate.orm.deprecation                      - HHH90000025: H2Dialect does not need to be specified explicitly using 'hibernate.dialect' (remove the property setting and it will be selected by default)
2026-06-29 20:05:13                      [restDemo]                      [restartedMain]                      INFO                       o.h.e.t.j.p.i.JtaPlatformInitiator                      - HHH000489: No JTA platform available (set 'hibernate.transaction.jta.platform' to enable JTA platform integration)
2026-06-29 20:05:13                      [restDemo]                      [restartedMain]                      DEBUG                      org.hibernate.SQL                      - create table users (id bigint generated by default as identity, created_at bigint, created_by bigint, created_date timestamp(6), updated_at bigint, updated_by bigint, updated_date timestamp(6), city varchar(255), email_id varchar(255), mobile_no varchar(255), name varchar(255), password varchar(255), user_id varchar(255), user_name varchar(255), primary key (id))
2026-06-29 20:05:13                      [restDemo]                      [restartedMain]                      INFO                       o.s.o.j.LocalContainerEntityManagerFactoryBean                      - Initialized JPA EntityManagerFactory for persistence unit 'default'
2026-06-29 20:05:13                      [restDemo]                      [restartedMain]                      WARN                       o.s.b.a.o.j.JpaBaseConfiguration$JpaWebConfiguration                      - spring.jpa.open-in-view is enabled by default. Therefore, database queries may be performed during view rendering. Explicitly configure spring.jpa.open-in-view to disable this warning
2026-06-29 20:05:13                      [restDemo]                      [restartedMain]                      WARN                       o.s.b.a.s.s.UserDetailsServiceAutoConfiguration                      - 

Using generated security password: 22991709-8eb9-4fc8-8cb0-ddf0a03e40c6

This generated password is for development use only. Your security configuration must be updated before running your application in production.

2026-06-29 20:05:13                      [restDemo]                      [restartedMain]                      INFO                       o.s.s.c.a.a.c.InitializeUserDetailsBeanManagerConfigurer$InitializeUserDetailsManagerConfigurer                      - Global AuthenticationManager configured with UserDetailsService bean with name inMemoryUserDetailsManager
2026-06-29 20:05:14                      [restDemo]                      [restartedMain]                      INFO                       o.s.b.d.a.OptionalLiveReloadServer                      - LiveReload server is running on port 35729
2026-06-29 20:05:14                      [restDemo]                      [restartedMain]                      INFO                       o.a.coyote.http11.Http11NioProtocol                      - Starting ProtocolHandler ["http-nio-8001"]
2026-06-29 20:05:14                      [restDemo]                      [restartedMain]                      INFO                       o.s.b.w.e.tomcat.TomcatWebServer                      - Tomcat started on port 8001 (http) with context path '/'
2026-06-29 20:05:14                      [restDemo]                      [restartedMain]                      INFO                       com.restDemo.RestDemoApplication                      - Started RestDemoApplication in 4.632 seconds (process running for 5.213)
2026-06-29 20:05:20                      [restDemo]                      [http-nio-8001-exec-2]                      INFO                       o.a.c.c.C.[Tomcat].[localhost].[/]                      - Initializing Spring DispatcherServlet 'dispatcherServlet'
2026-06-29 20:05:20                      [restDemo]                      [http-nio-8001-exec-2]                      INFO                       o.s.web.servlet.DispatcherServlet                      - Initializing Servlet 'dispatcherServlet'
2026-06-29 20:05:20                      [restDemo]                      [http-nio-8001-exec-2]                      INFO                       o.s.web.servlet.DispatcherServlet                      - Completed initialization in 2 ms
2026-06-29 20:05:20                      [restDemo]                      [http-nio-8001-exec-2]                      DEBUG                      org.hibernate.SQL                      - select u1_0.id,u1_0.city,u1_0.created_at,u1_0.created_by,u1_0.created_date,u1_0.email_id,u1_0.mobile_no,u1_0.name,u1_0.password,u1_0.updated_at,u1_0.updated_by,u1_0.updated_date,u1_0.user_id,u1_0.user_name from users u1_0 where u1_0.user_name=?
2026-06-29 20:05:20                      [restDemo]                      [http-nio-8001-exec-2]                      DEBUG                      org.hibernate.SQL                      - select u1_0.id from users u1_0 where u1_0.email_id=? fetch first ? rows only
2026-06-29 20:05:20                      [restDemo]                      [http-nio-8001-exec-2]                      DEBUG                      org.hibernate.SQL                      - insert into users (city,created_at,created_by,created_date,email_id,mobile_no,name,password,updated_at,updated_by,updated_date,user_id,user_name,id) values (?,?,?,?,?,?,?,?,?,?,?,?,?,default)
2026-06-29 20:05:21                      [restDemo]                      [http-nio-8001-exec-3]                      DEBUG                      org.hibernate.SQL                      - select u1_0.id,u1_0.city,u1_0.created_at,u1_0.created_by,u1_0.created_date,u1_0.email_id,u1_0.mobile_no,u1_0.name,u1_0.password,u1_0.updated_at,u1_0.updated_by,u1_0.updated_date,u1_0.user_id,u1_0.user_name from users u1_0 where u1_0.user_name=?
2026-06-29 20:05:21                      [restDemo]                      [http-nio-8001-exec-3]                      DEBUG                      org.hibernate.SQL                      - select u1_0.id from users u1_0 where u1_0.email_id=? fetch first ? rows only
2026-06-29 20:05:21                      [restDemo]                      [http-nio-8001-exec-3]                      WARN                       o.s.w.s.m.m.a.ExceptionHandlerExceptionResolver                      - Resolved [com.restDemo.apiexceptions.ApiException: Email id Already Exist]
2026-06-29 20:05:56                      [restDemo]                      [http-nio-8001-exec-4]                      WARN                       o.s.w.s.m.m.a.ExceptionHandlerExceptionResolver                      - Resolved [org.springframework.jdbc.BadSqlGrammarException: StatementCallback; bad SQL grammar [SELECT * FROM users]]
2026-06-29 20:06:14                      [restDemo]                      [SpringApplicationShutdownHook]                      INFO                       o.s.o.j.LocalContainerEntityManagerFactoryBean                      - Closing JPA EntityManagerFactory for persistence unit 'default'
2026-06-29 20:06:14                      [restDemo]                      [SpringApplicationShutdownHook]                      WARN                       o.s.b.f.s.DisposableBeanAdapter                      - Invocation of destroy method failed on bean with name 'inMemoryDatabaseShutdownExecutor': org.h2.jdbc.JdbcSQLNonTransientConnectionException: Database is already closed (to disable automatic closing at VM shutdown, add ";DB_CLOSE_ON_EXIT=FALSE" to the db URL) [90121-224]
2026-06-29 20:06:14                      [restDemo]                      [SpringApplicationShutdownHook]                      INFO                       com.zaxxer.hikari.HikariDataSource                      - HikariPool-1 - Shutdown initiated...
2026-06-29 20:06:14                      [restDemo]                      [SpringApplicationShutdownHook]                      INFO                       com.zaxxer.hikari.HikariDataSource                      - HikariPool-1 - Shutdown completed.
2026-06-29 20:06:19                      [restDemo]                      [restartedMain]                      INFO                       com.restDemo.RestDemoApplication                      - Starting RestDemoApplication using Java 23 with PID 63452 (/home/logeshkumar/Desktop/practice/restDemo/target/classes started by logeshkumar in /home/logeshkumar/Desktop/practice/restDemo)
2026-06-29 20:06:19                      [restDemo]                      [restartedMain]                      INFO                       com.restDemo.RestDemoApplication                      - No active profile set, falling back to 1 default profile: "default"
2026-06-29 20:06:19                      [restDemo]                      [restartedMain]                      INFO                       o.s.b.d.e.DevToolsPropertyDefaultsPostProcessor                      - Devtools property defaults active! Set 'spring.devtools.add-properties' to 'false' to disable
2026-06-29 20:06:19                      [restDemo]                      [restartedMain]                      INFO                       o.s.b.d.e.DevToolsPropertyDefaultsPostProcessor                      - For additional web related logging consider setting the 'logging.level.web' property to 'DEBUG'
2026-06-29 20:06:20                      [restDemo]                      [restartedMain]                      INFO                       o.s.d.r.c.RepositoryConfigurationDelegate                      - Bootstrapping Spring Data JPA repositories in DEFAULT mode.
2026-06-29 20:06:20                      [restDemo]                      [restartedMain]                      INFO                       o.s.d.r.c.RepositoryConfigurationDelegate                      - Finished Spring Data repository scanning in 53 ms. Found 1 JPA repository interface.
2026-06-29 20:06:21                      [restDemo]                      [restartedMain]                      INFO                       o.s.b.w.e.tomcat.TomcatWebServer                      - Tomcat initialized with port 8001 (http)
2026-06-29 20:06:21                      [restDemo]                      [restartedMain]                      INFO                       o.a.coyote.http11.Http11NioProtocol                      - Initializing ProtocolHandler ["http-nio-8001"]
2026-06-29 20:06:21                      [restDemo]                      [restartedMain]                      INFO                       o.a.catalina.core.StandardService                      - Starting service [Tomcat]
2026-06-29 20:06:21                      [restDemo]                      [restartedMain]                      INFO                       o.a.catalina.core.StandardEngine                      - Starting Servlet engine: [Apache Tomcat/10.1.31]
2026-06-29 20:06:21                      [restDemo]                      [restartedMain]                      INFO                       o.a.c.c.C.[Tomcat].[localhost].[/]                      - Initializing Spring embedded WebApplicationContext
2026-06-29 20:06:21                      [restDemo]                      [restartedMain]                      INFO                       o.s.b.w.s.c.ServletWebServerApplicationContext                      - Root WebApplicationContext: initialization completed in 1464 ms
2026-06-29 20:06:21                      [restDemo]                      [restartedMain]                      INFO                       com.zaxxer.hikari.HikariDataSource                      - HikariPool-1 - Starting...
2026-06-29 20:06:21                      [restDemo]                      [restartedMain]                      INFO                       com.zaxxer.hikari.pool.HikariPool                      - HikariPool-1 - Added connection conn0: url=jdbc:h2:mem:testdb user=SA
2026-06-29 20:06:21                      [restDemo]                      [restartedMain]                      INFO                       com.zaxxer.hikari.HikariDataSource                      - HikariPool-1 - Start completed.
2026-06-29 20:06:21                      [restDemo]                      [restartedMain]                      INFO                       o.s.b.a.h.H2ConsoleAutoConfiguration                      - H2 console available at '/h2-console'. Database available at 'jdbc:h2:mem:testdb'
2026-06-29 20:06:21                      [restDemo]                      [restartedMain]                      INFO                       o.h.jpa.internal.util.LogHelper                      - HHH000204: Processing PersistenceUnitInfo [name: default]
2026-06-29 20:06:21                      [restDemo]                      [restartedMain]                      INFO                       org.hibernate.Version                      - HHH000412: Hibernate ORM core version 6.5.3.Final
2026-06-29 20:06:21                      [restDemo]                      [restartedMain]                      INFO                       o.h.c.i.RegionFactoryInitiator                      - HHH000026: Second-level cache disabled
2026-06-29 20:06:21                      [restDemo]                      [restartedMain]                      INFO                       o.s.o.j.p.SpringPersistenceUnitInfo                      - No LoadTimeWeaver setup: ignoring JPA class transformer
2026-06-29 20:06:21                      [restDemo]                      [restartedMain]                      WARN                       org.hibernate.orm.deprecation                      - HHH90000025: H2Dialect does not need to be specified explicitly using 'hibernate.dialect' (remove the property setting and it will be selected by default)
2026-06-29 20:06:22                      [restDemo]                      [restartedMain]                      INFO                       o.h.e.t.j.p.i.JtaPlatformInitiator                      - HHH000489: No JTA platform available (set 'hibernate.transaction.jta.platform' to enable JTA platform integration)
2026-06-29 20:06:22                      [restDemo]                      [restartedMain]                      DEBUG                      org.hibernate.SQL                      - create table users (id bigint generated by default as identity, created_at bigint, created_by bigint, created_date timestamp(6), updated_at bigint, updated_by bigint, updated_date timestamp(6), city varchar(255), email_id varchar(255), mobile_no varchar(255), name varchar(255), password varchar(255), user_id varchar(255), user_name varchar(255), primary key (id))
2026-06-29 20:06:22                      [restDemo]                      [restartedMain]                      INFO                       o.s.o.j.LocalContainerEntityManagerFactoryBean                      - Initialized JPA EntityManagerFactory for persistence unit 'default'
2026-06-29 20:06:22                      [restDemo]                      [restartedMain]                      WARN                       o.s.b.a.o.j.JpaBaseConfiguration$JpaWebConfiguration                      - spring.jpa.open-in-view is enabled by default. Therefore, database queries may be performed during view rendering. Explicitly configure spring.jpa.open-in-view to disable this warning
2026-06-29 20:06:23                      [restDemo]                      [restartedMain]                      WARN                       o.s.b.a.s.s.UserDetailsServiceAutoConfiguration                      - 

Using generated security password: 6e3d9bc1-9be3-43d3-9f3a-dcf7243f97ab

This generated password is for development use only. Your security configuration must be updated before running your application in production.

2026-06-29 20:06:23                      [restDemo]                      [restartedMain]                      INFO                       o.s.s.c.a.a.c.InitializeUserDetailsBeanManagerConfigurer$InitializeUserDetailsManagerConfigurer                      - Global AuthenticationManager configured with UserDetailsService bean with name inMemoryUserDetailsManager
2026-06-29 20:06:23                      [restDemo]                      [restartedMain]                      INFO                       o.s.b.d.a.OptionalLiveReloadServer                      - LiveReload server is running on port 35729
2026-06-29 20:06:23                      [restDemo]                      [restartedMain]                      INFO                       o.a.coyote.http11.Http11NioProtocol                      - Starting ProtocolHandler ["http-nio-8001"]
2026-06-29 20:06:23                      [restDemo]                      [restartedMain]                      INFO                       o.s.b.w.e.tomcat.TomcatWebServer                      - Tomcat started on port 8001 (http) with context path '/'
2026-06-29 20:06:23                      [restDemo]                      [restartedMain]                      INFO                       com.restDemo.RestDemoApplication                      - Started RestDemoApplication in 4.648 seconds (process running for 5.216)
2026-06-29 20:06:33                      [restDemo]                      [http-nio-8001-exec-2]                      INFO                       o.a.c.c.C.[Tomcat].[localhost].[/]                      - Initializing Spring DispatcherServlet 'dispatcherServlet'
2026-06-29 20:06:33                      [restDemo]                      [http-nio-8001-exec-2]                      INFO                       o.s.web.servlet.DispatcherServlet                      - Initializing Servlet 'dispatcherServlet'
2026-06-29 20:06:33                      [restDemo]                      [http-nio-8001-exec-2]                      INFO                       o.s.web.servlet.DispatcherServlet                      - Completed initialization in 1 ms
2026-06-29 20:06:33                      [restDemo]                      [http-nio-8001-exec-2]                      DEBUG                      org.hibernate.SQL                      - select u1_0.id,u1_0.city,u1_0.created_at,u1_0.created_by,u1_0.created_date,u1_0.email_id,u1_0.mobile_no,u1_0.name,u1_0.password,u1_0.updated_at,u1_0.updated_by,u1_0.updated_date,u1_0.user_id,u1_0.user_name from users u1_0 where u1_0.user_name=?
2026-06-29 20:06:33                      [restDemo]                      [http-nio-8001-exec-2]                      DEBUG                      org.hibernate.SQL                      - select u1_0.id from users u1_0 where u1_0.email_id=? fetch first ? rows only
2026-06-29 20:06:33                      [restDemo]                      [http-nio-8001-exec-2]                      DEBUG                      org.hibernate.SQL                      - insert into users (city,created_at,created_by,created_date,email_id,mobile_no,name,password,updated_at,updated_by,updated_date,user_id,user_name,id) values (?,?,?,?,?,?,?,?,?,?,?,?,?,default)
2026-06-29 20:06:35                      [restDemo]                      [http-nio-8001-exec-3]                      DEBUG                      org.hibernate.SQL                      - select u1_0.id,u1_0.city,u1_0.created_at,u1_0.created_by,u1_0.created_date,u1_0.email_id,u1_0.mobile_no,u1_0.name,u1_0.password,u1_0.updated_at,u1_0.updated_by,u1_0.updated_date,u1_0.user_id,u1_0.user_name from users u1_0 where u1_0.user_name=?
2026-06-29 20:06:35                      [restDemo]                      [http-nio-8001-exec-3]                      DEBUG                      org.hibernate.SQL                      - select u1_0.id from users u1_0 where u1_0.email_id=? fetch first ? rows only
2026-06-29 20:06:35                      [restDemo]                      [http-nio-8001-exec-3]                      ERROR                      c.r.a.GlobalExceptionHandler                      - ERROR: com.restDemo.apiexceptions.ApiException: Email id Already Exist
2026-06-29 20:06:35                      [restDemo]                      [http-nio-8001-exec-3]                      WARN                       o.s.w.s.m.m.a.ExceptionHandlerExceptionResolver                      - Resolved [com.restDemo.apiexceptions.ApiException: Email id Already Exist]
2026-06-29 20:07:57                      [restDemo]                      [SpringApplicationShutdownHook]                      INFO                       o.s.o.j.LocalContainerEntityManagerFactoryBean                      - Closing JPA EntityManagerFactory for persistence unit 'default'
2026-06-29 20:07:57                      [restDemo]                      [SpringApplicationShutdownHook]                      WARN                       o.s.b.f.s.DisposableBeanAdapter                      - Invocation of destroy method failed on bean with name 'inMemoryDatabaseShutdownExecutor': org.h2.jdbc.JdbcSQLNonTransientConnectionException: Database is already closed (to disable automatic closing at VM shutdown, add ";DB_CLOSE_ON_EXIT=FALSE" to the db URL) [90121-224]
2026-06-29 20:07:57                      [restDemo]                      [SpringApplicationShutdownHook]                      INFO                       com.zaxxer.hikari.HikariDataSource                      - HikariPool-1 - Shutdown initiated...
2026-06-29 20:07:57                      [restDemo]                      [SpringApplicationShutdownHook]                      INFO                       com.zaxxer.hikari.HikariDataSource                      - HikariPool-1 - Shutdown completed.
2026-06-29 20:08:01                      [restDemo]                      [restartedMain]                      INFO                       com.restDemo.RestDemoApplication                      - Starting RestDemoApplication using Java 23 with PID 63730 (/home/logeshkumar/Desktop/practice/restDemo/target/classes started by logeshkumar in /home/logeshkumar/Desktop/practice/restDemo)
2026-06-29 20:08:01                      [restDemo]                      [restartedMain]                      INFO                       com.restDemo.RestDemoApplication                      - No active profile set, falling back to 1 default profile: "default"
2026-06-29 20:08:01                      [restDemo]                      [restartedMain]                      INFO                       o.s.b.d.e.DevToolsPropertyDefaultsPostProcessor                      - Devtools property defaults active! Set 'spring.devtools.add-properties' to 'false' to disable
2026-06-29 20:08:01                      [restDemo]                      [restartedMain]                      INFO                       o.s.b.d.e.DevToolsPropertyDefaultsPostProcessor                      - For additional web related logging consider setting the 'logging.level.web' property to 'DEBUG'
2026-06-29 20:08:02                      [restDemo]                      [restartedMain]                      INFO                       o.s.d.r.c.RepositoryConfigurationDelegate                      - Bootstrapping Spring Data JPA repositories in DEFAULT mode.
2026-06-29 20:08:02                      [restDemo]                      [restartedMain]                      INFO                       o.s.d.r.c.RepositoryConfigurationDelegate                      - Finished Spring Data repository scanning in 56 ms. Found 1 JPA repository interface.
2026-06-29 20:08:03                      [restDemo]                      [restartedMain]                      INFO                       o.s.b.w.e.tomcat.TomcatWebServer                      - Tomcat initialized with port 8001 (http)
2026-06-29 20:08:03                      [restDemo]                      [restartedMain]                      INFO                       o.a.coyote.http11.Http11NioProtocol                      - Initializing ProtocolHandler ["http-nio-8001"]
2026-06-29 20:08:03                      [restDemo]                      [restartedMain]                      INFO                       o.a.catalina.core.StandardService                      - Starting service [Tomcat]
2026-06-29 20:08:03                      [restDemo]                      [restartedMain]                      INFO                       o.a.catalina.core.StandardEngine                      - Starting Servlet engine: [Apache Tomcat/10.1.31]
2026-06-29 20:08:03                      [restDemo]                      [restartedMain]                      INFO                       o.a.c.c.C.[Tomcat].[localhost].[/]                      - Initializing Spring embedded WebApplicationContext
2026-06-29 20:08:03                      [restDemo]                      [restartedMain]                      INFO                       o.s.b.w.s.c.ServletWebServerApplicationContext                      - Root WebApplicationContext: initialization completed in 1812 ms
2026-06-29 20:08:03                      [restDemo]                      [restartedMain]                      INFO                       com.zaxxer.hikari.HikariDataSource                      - HikariPool-1 - Starting...
2026-06-29 20:08:03                      [restDemo]                      [restartedMain]                      INFO                       com.zaxxer.hikari.pool.HikariPool                      - HikariPool-1 - Added connection conn0: url=jdbc:h2:mem:testdb user=SA
2026-06-29 20:08:03                      [restDemo]                      [restartedMain]                      INFO                       com.zaxxer.hikari.HikariDataSource                      - HikariPool-1 - Start completed.
2026-06-29 20:08:03                      [restDemo]                      [restartedMain]                      INFO                       o.s.b.a.h.H2ConsoleAutoConfiguration                      - H2 console available at '/h2-console'. Database available at 'jdbc:h2:mem:testdb'
2026-06-29 20:08:03                      [restDemo]                      [restartedMain]                      INFO                       o.h.jpa.internal.util.LogHelper                      - HHH000204: Processing PersistenceUnitInfo [name: default]
2026-06-29 20:08:03                      [restDemo]                      [restartedMain]                      INFO                       org.hibernate.Version                      - HHH000412: Hibernate ORM core version 6.5.3.Final
2026-06-29 20:08:03                      [restDemo]                      [restartedMain]                      INFO                       o.h.c.i.RegionFactoryInitiator                      - HHH000026: Second-level cache disabled
2026-06-29 20:08:03                      [restDemo]                      [restartedMain]                      INFO                       o.s.o.j.p.SpringPersistenceUnitInfo                      - No LoadTimeWeaver setup: ignoring JPA class transformer
2026-06-29 20:08:04                      [restDemo]                      [restartedMain]                      WARN                       org.hibernate.orm.deprecation                      - HHH90000025: H2Dialect does not need to be specified explicitly using 'hibernate.dialect' (remove the property setting and it will be selected by default)
2026-06-29 20:08:04                      [restDemo]                      [restartedMain]                      INFO                       o.h.e.t.j.p.i.JtaPlatformInitiator                      - HHH000489: No JTA platform available (set 'hibernate.transaction.jta.platform' to enable JTA platform integration)
2026-06-29 20:08:04                      [restDemo]                      [restartedMain]                      DEBUG                      org.hibernate.SQL                      - create table users (id bigint generated by default as identity, created_at bigint, created_by bigint, created_date timestamp(6), updated_at bigint, updated_by bigint, updated_date timestamp(6), city varchar(255), email_id varchar(255), mobile_no varchar(255), name varchar(255), password varchar(255), user_id varchar(255), user_name varchar(255), primary key (id))
2026-06-29 20:08:04                      [restDemo]                      [restartedMain]                      INFO                       o.s.o.j.LocalContainerEntityManagerFactoryBean                      - Initialized JPA EntityManagerFactory for persistence unit 'default'
2026-06-29 20:08:05                      [restDemo]                      [restartedMain]                      WARN                       o.s.b.a.o.j.JpaBaseConfiguration$JpaWebConfiguration                      - spring.jpa.open-in-view is enabled by default. Therefore, database queries may be performed during view rendering. Explicitly configure spring.jpa.open-in-view to disable this warning
2026-06-29 20:08:05                      [restDemo]                      [restartedMain]                      WARN                       o.s.b.a.s.s.UserDetailsServiceAutoConfiguration                      - 

Using generated security password: 1b0931e6-1807-4352-826a-9a8c121fd9e9

This generated password is for development use only. Your security configuration must be updated before running your application in production.

2026-06-29 20:08:05                      [restDemo]                      [restartedMain]                      INFO                       o.s.s.c.a.a.c.InitializeUserDetailsBeanManagerConfigurer$InitializeUserDetailsManagerConfigurer                      - Global AuthenticationManager configured with UserDetailsService bean with name inMemoryUserDetailsManager
2026-06-29 20:08:05                      [restDemo]                      [restartedMain]                      INFO                       o.s.b.d.a.OptionalLiveReloadServer                      - LiveReload server is running on port 35729
2026-06-29 20:08:05                      [restDemo]                      [restartedMain]                      INFO                       o.a.coyote.http11.Http11NioProtocol                      - Starting ProtocolHandler ["http-nio-8001"]
2026-06-29 20:08:05                      [restDemo]                      [restartedMain]                      INFO                       o.s.b.w.e.tomcat.TomcatWebServer                      - Tomcat started on port 8001 (http) with context path '/'
2026-06-29 20:08:05                      [restDemo]                      [restartedMain]                      INFO                       com.restDemo.RestDemoApplication                      - Started RestDemoApplication in 5.244 seconds (process running for 5.846)
2026-06-29 20:08:08                      [restDemo]                      [http-nio-8001-exec-1]                      INFO                       o.a.c.c.C.[Tomcat].[localhost].[/]                      - Initializing Spring DispatcherServlet 'dispatcherServlet'
2026-06-29 20:08:08                      [restDemo]                      [http-nio-8001-exec-1]                      INFO                       o.s.web.servlet.DispatcherServlet                      - Initializing Servlet 'dispatcherServlet'
2026-06-29 20:08:08                      [restDemo]                      [http-nio-8001-exec-1]                      INFO                       o.s.web.servlet.DispatcherServlet                      - Completed initialization in 2 ms
2026-06-29 20:08:09                      [restDemo]                      [http-nio-8001-exec-1]                      DEBUG                      org.hibernate.SQL                      - select u1_0.id,u1_0.city,u1_0.created_at,u1_0.created_by,u1_0.created_date,u1_0.email_id,u1_0.mobile_no,u1_0.name,u1_0.password,u1_0.updated_at,u1_0.updated_by,u1_0.updated_date,u1_0.user_id,u1_0.user_name from users u1_0 where u1_0.user_name=?
2026-06-29 20:08:09                      [restDemo]                      [http-nio-8001-exec-1]                      DEBUG                      org.hibernate.SQL                      - select u1_0.id from users u1_0 where u1_0.email_id=? fetch first ? rows only
2026-06-29 20:08:09                      [restDemo]                      [http-nio-8001-exec-1]                      DEBUG                      org.hibernate.SQL                      - insert into users (city,created_at,created_by,created_date,email_id,mobile_no,name,password,updated_at,updated_by,updated_date,user_id,user_name,id) values (?,?,?,?,?,?,?,?,?,?,?,?,?,default)
2026-06-29 20:08:10                      [restDemo]                      [http-nio-8001-exec-3]                      DEBUG                      org.hibernate.SQL                      - select u1_0.id,u1_0.city,u1_0.created_at,u1_0.created_by,u1_0.created_date,u1_0.email_id,u1_0.mobile_no,u1_0.name,u1_0.password,u1_0.updated_at,u1_0.updated_by,u1_0.updated_date,u1_0.user_id,u1_0.user_name from users u1_0 where u1_0.user_name=?
2026-06-29 20:08:10                      [restDemo]                      [http-nio-8001-exec-3]                      DEBUG                      org.hibernate.SQL                      - select u1_0.id from users u1_0 where u1_0.email_id=? fetch first ? rows only
2026-06-29 20:08:10                      [restDemo]                      [http-nio-8001-exec-3]                      ERROR                      c.r.a.GlobalExceptionHandler                      - ERROR: com.restDemo.apiexceptions.ApiException: Email id Already Exist
2026-06-29 20:08:10                      [restDemo]                      [http-nio-8001-exec-3]                      ERROR                      c.r.a.GlobalExceptionHandler                      - CAUSE: Email id Already Exist
2026-06-29 20:08:10                      [restDemo]                      [http-nio-8001-exec-3]                      ERROR                      c.r.a.GlobalExceptionHandler                      - at com.restDemo.service.UserService.insert(UserService.java:37)
2026-06-29 20:08:10                      [restDemo]                      [http-nio-8001-exec-3]                      ERROR                      c.r.a.GlobalExceptionHandler                      - at com.restDemo.controller.UserController.insert(UserController.java:41)
2026-06-29 20:08:10                      [restDemo]                      [http-nio-8001-exec-3]                      WARN                       o.s.w.s.m.m.a.ExceptionHandlerExceptionResolver                      - Resolved [com.restDemo.apiexceptions.ApiException: Email id Already Exist]
2026-06-29 20:08:26                      [restDemo]                      [http-nio-8001-exec-5]                      ERROR                      c.r.a.GlobalExceptionHandler                      - at com.restDemo.repositoryImpl.UserRepositoryImpl.getUsers(UserRepositoryImpl.java:19)
2026-06-29 20:08:26                      [restDemo]                      [http-nio-8001-exec-5]                      ERROR                      c.r.a.GlobalExceptionHandler                      - at com.restDemo.service.UserService.getAllUserDTO(UserService.java:74)
2026-06-29 20:08:26                      [restDemo]                      [http-nio-8001-exec-5]                      ERROR                      c.r.a.GlobalExceptionHandler                      - at com.restDemo.controller.UserController.getAllUsersDTO(UserController.java:66)
2026-06-29 20:08:26                      [restDemo]                      [http-nio-8001-exec-5]                      WARN                       o.s.w.s.m.m.a.ExceptionHandlerExceptionResolver                      - Resolved [org.springframework.jdbc.BadSqlGrammarException: StatementCallback; bad SQL grammar [SELECT * FROM users]]
2026-06-29 20:16:39                      [restDemo]                      [SpringApplicationShutdownHook]                      INFO                       o.s.o.j.LocalContainerEntityManagerFactoryBean                      - Closing JPA EntityManagerFactory for persistence unit 'default'
2026-06-29 20:16:39                      [restDemo]                      [SpringApplicationShutdownHook]                      WARN                       o.s.b.f.s.DisposableBeanAdapter                      - Invocation of destroy method failed on bean with name 'inMemoryDatabaseShutdownExecutor': org.h2.jdbc.JdbcSQLNonTransientConnectionException: Database is already closed (to disable automatic closing at VM shutdown, add ";DB_CLOSE_ON_EXIT=FALSE" to the db URL) [90121-224]
2026-06-29 20:16:39                      [restDemo]                      [SpringApplicationShutdownHook]                      INFO                       com.zaxxer.hikari.HikariDataSource                      - HikariPool-1 - Shutdown initiated...
2026-06-29 20:16:39                      [restDemo]                      [SpringApplicationShutdownHook]                      INFO                       com.zaxxer.hikari.HikariDataSource                      - HikariPool-1 - Shutdown completed.
2026-06-29 20:16:43                      [restDemo]                      [restartedMain]                      INFO                       com.restDemo.RestDemoApplication                      - Starting RestDemoApplication using Java 23 with PID 64616 (/home/logeshkumar/Desktop/practice/restDemo/target/classes started by logeshkumar in /home/logeshkumar/Desktop/practice/restDemo)
2026-06-29 20:16:43                      [restDemo]                      [restartedMain]                      INFO                       com.restDemo.RestDemoApplication                      - No active profile set, falling back to 1 default profile: "default"
2026-06-29 20:16:43                      [restDemo]                      [restartedMain]                      INFO                       o.s.b.d.e.DevToolsPropertyDefaultsPostProcessor                      - Devtools property defaults active! Set 'spring.devtools.add-properties' to 'false' to disable
2026-06-29 20:16:43                      [restDemo]                      [restartedMain]                      INFO                       o.s.b.d.e.DevToolsPropertyDefaultsPostProcessor                      - For additional web related logging consider setting the 'logging.level.web' property to 'DEBUG'
2026-06-29 20:16:44                      [restDemo]                      [restartedMain]                      INFO                       o.s.d.r.c.RepositoryConfigurationDelegate                      - Bootstrapping Spring Data JPA repositories in DEFAULT mode.
2026-06-29 20:16:44                      [restDemo]                      [restartedMain]                      INFO                       o.s.d.r.c.RepositoryConfigurationDelegate                      - Finished Spring Data repository scanning in 53 ms. Found 1 JPA repository interface.
2026-06-29 20:16:45                      [restDemo]                      [restartedMain]                      INFO                       o.s.b.w.e.tomcat.TomcatWebServer                      - Tomcat initialized with port 8001 (http)
2026-06-29 20:16:45                      [restDemo]                      [restartedMain]                      INFO                       o.a.coyote.http11.Http11NioProtocol                      - Initializing ProtocolHandler ["http-nio-8001"]
2026-06-29 20:16:45                      [restDemo]                      [restartedMain]                      INFO                       o.a.catalina.core.StandardService                      - Starting service [Tomcat]
2026-06-29 20:16:45                      [restDemo]                      [restartedMain]                      INFO                       o.a.catalina.core.StandardEngine                      - Starting Servlet engine: [Apache Tomcat/10.1.31]
2026-06-29 20:16:45                      [restDemo]                      [restartedMain]                      INFO                       o.a.c.c.C.[Tomcat].[localhost].[/]                      - Initializing Spring embedded WebApplicationContext
2026-06-29 20:16:45                      [restDemo]                      [restartedMain]                      INFO                       o.s.b.w.s.c.ServletWebServerApplicationContext                      - Root WebApplicationContext: initialization completed in 1556 ms
2026-06-29 20:16:45                      [restDemo]                      [restartedMain]                      INFO                       com.zaxxer.hikari.HikariDataSource                      - HikariPool-1 - Starting...
2026-06-29 20:16:45                      [restDemo]                      [restartedMain]                      INFO                       com.zaxxer.hikari.pool.HikariPool                      - HikariPool-1 - Added connection conn0: url=jdbc:h2:mem:testdb user=SA
2026-06-29 20:16:45                      [restDemo]                      [restartedMain]                      INFO                       com.zaxxer.hikari.HikariDataSource                      - HikariPool-1 - Start completed.
2026-06-29 20:16:45                      [restDemo]                      [restartedMain]                      INFO                       o.s.b.a.h.H2ConsoleAutoConfiguration                      - H2 console available at '/h2-console'. Database available at 'jdbc:h2:mem:testdb'
2026-06-29 20:16:45                      [restDemo]                      [restartedMain]                      INFO                       o.h.jpa.internal.util.LogHelper                      - HHH000204: Processing PersistenceUnitInfo [name: default]
2026-06-29 20:16:45                      [restDemo]                      [restartedMain]                      INFO                       org.hibernate.Version                      - HHH000412: Hibernate ORM core version 6.5.3.Final
2026-06-29 20:16:45                      [restDemo]                      [restartedMain]                      INFO                       o.h.c.i.RegionFactoryInitiator                      - HHH000026: Second-level cache disabled
2026-06-29 20:16:46                      [restDemo]                      [restartedMain]                      INFO                       o.s.o.j.p.SpringPersistenceUnitInfo                      - No LoadTimeWeaver setup: ignoring JPA class transformer
2026-06-29 20:16:46                      [restDemo]                      [restartedMain]                      WARN                       org.hibernate.orm.deprecation                      - HHH90000025: H2Dialect does not need to be specified explicitly using 'hibernate.dialect' (remove the property setting and it will be selected by default)
2026-06-29 20:16:46                      [restDemo]                      [restartedMain]                      INFO                       o.h.e.t.j.p.i.JtaPlatformInitiator                      - HHH000489: No JTA platform available (set 'hibernate.transaction.jta.platform' to enable JTA platform integration)
2026-06-29 20:16:46                      [restDemo]                      [restartedMain]                      DEBUG                      org.hibernate.SQL                      - create table users (id bigint generated by default as identity, created_at bigint, created_by bigint, created_date timestamp(6), updated_at bigint, updated_by bigint, updated_date timestamp(6), city varchar(255), email_id varchar(255), mobile_no varchar(255), name varchar(255), password varchar(255), user_id varchar(255), user_name varchar(255), primary key (id))
2026-06-29 20:16:46                      [restDemo]                      [restartedMain]                      INFO                       o.s.o.j.LocalContainerEntityManagerFactoryBean                      - Initialized JPA EntityManagerFactory for persistence unit 'default'
2026-06-29 20:16:47                      [restDemo]                      [restartedMain]                      WARN                       o.s.b.a.o.j.JpaBaseConfiguration$JpaWebConfiguration                      - spring.jpa.open-in-view is enabled by default. Therefore, database queries may be performed during view rendering. Explicitly configure spring.jpa.open-in-view to disable this warning
2026-06-29 20:16:47                      [restDemo]                      [restartedMain]                      WARN                       o.s.b.a.s.s.UserDetailsServiceAutoConfiguration                      - 

Using generated security password: 871b1031-e874-4d90-8941-66013147df54

This generated password is for development use only. Your security configuration must be updated before running your application in production.

2026-06-29 20:16:47                      [restDemo]                      [restartedMain]                      INFO                       o.s.s.c.a.a.c.InitializeUserDetailsBeanManagerConfigurer$InitializeUserDetailsManagerConfigurer                      - Global AuthenticationManager configured with UserDetailsService bean with name inMemoryUserDetailsManager
2026-06-29 20:16:47                      [restDemo]                      [restartedMain]                      INFO                       o.s.b.d.a.OptionalLiveReloadServer                      - LiveReload server is running on port 35729
2026-06-29 20:16:47                      [restDemo]                      [restartedMain]                      INFO                       o.a.coyote.http11.Http11NioProtocol                      - Starting ProtocolHandler ["http-nio-8001"]
2026-06-29 20:16:47                      [restDemo]                      [restartedMain]                      INFO                       o.s.b.w.e.tomcat.TomcatWebServer                      - Tomcat started on port 8001 (http) with context path '/'
2026-06-29 20:16:47                      [restDemo]                      [restartedMain]                      INFO                       com.restDemo.RestDemoApplication                      - Started RestDemoApplication in 4.827 seconds (process running for 5.305)
2026-06-29 20:16:58                      [restDemo]                      [http-nio-8001-exec-1]                      INFO                       o.a.c.c.C.[Tomcat].[localhost].[/]                      - Initializing Spring DispatcherServlet 'dispatcherServlet'
2026-06-29 20:16:58                      [restDemo]                      [http-nio-8001-exec-1]                      INFO                       o.s.web.servlet.DispatcherServlet                      - Initializing Servlet 'dispatcherServlet'
2026-06-29 20:16:58                      [restDemo]                      [http-nio-8001-exec-1]                      INFO                       o.s.web.servlet.DispatcherServlet                      - Completed initialization in 1 ms
2026-06-29 20:16:59                      [restDemo]                      [http-nio-8001-exec-1]                      DEBUG                      org.hibernate.SQL                      - select u1_0.id,u1_0.city,u1_0.created_at,u1_0.created_by,u1_0.created_date,u1_0.email_id,u1_0.mobile_no,u1_0.name,u1_0.password,u1_0.updated_at,u1_0.updated_by,u1_0.updated_date,u1_0.user_id,u1_0.user_name from users u1_0 where u1_0.user_name=?
2026-06-29 20:16:59                      [restDemo]                      [http-nio-8001-exec-1]                      DEBUG                      org.hibernate.SQL                      - select u1_0.id from users u1_0 where u1_0.email_id=? fetch first ? rows only
2026-06-29 20:16:59                      [restDemo]                      [http-nio-8001-exec-1]                      DEBUG                      org.hibernate.SQL                      - insert into users (city,created_at,created_by,created_date,email_id,mobile_no,name,password,updated_at,updated_by,updated_date,user_id,user_name,id) values (?,?,?,?,?,?,?,?,?,?,?,?,?,default)
2026-06-29 20:17:00                      [restDemo]                      [http-nio-8001-exec-3]                      DEBUG                      org.hibernate.SQL                      - select u1_0.id,u1_0.city,u1_0.created_at,u1_0.created_by,u1_0.created_date,u1_0.email_id,u1_0.mobile_no,u1_0.name,u1_0.password,u1_0.updated_at,u1_0.updated_by,u1_0.updated_date,u1_0.user_id,u1_0.user_name from users u1_0 where u1_0.user_name=?
2026-06-29 20:17:00                      [restDemo]                      [http-nio-8001-exec-3]                      DEBUG                      org.hibernate.SQL                      - select u1_0.id from users u1_0 where u1_0.email_id=? fetch first ? rows only
2026-06-29 20:17:00                      [restDemo]                      [http-nio-8001-exec-3]                      ERROR                      c.r.a.GlobalExceptionHandler                      - Api Exception :: java.lang.IllegalStateException: Email id Already Exist
2026-06-29 20:17:00                      [restDemo]                      [http-nio-8001-exec-3]                      WARN                       o.s.w.s.m.m.a.ExceptionHandlerExceptionResolver                      - Resolved [com.restDemo.apiexceptions.ApiException: Email id Already Exist]
2026-06-29 20:22:00                      [restDemo]                      [SpringApplicationShutdownHook]                      INFO                       o.s.o.j.LocalContainerEntityManagerFactoryBean                      - Closing JPA EntityManagerFactory for persistence unit 'default'
2026-06-29 20:22:00                      [restDemo]                      [SpringApplicationShutdownHook]                      WARN                       o.s.b.f.s.DisposableBeanAdapter                      - Invocation of destroy method failed on bean with name 'inMemoryDatabaseShutdownExecutor': org.h2.jdbc.JdbcSQLNonTransientConnectionException: Database is already closed (to disable automatic closing at VM shutdown, add ";DB_CLOSE_ON_EXIT=FALSE" to the db URL) [90121-224]
2026-06-29 20:22:00                      [restDemo]                      [SpringApplicationShutdownHook]                      INFO                       com.zaxxer.hikari.HikariDataSource                      - HikariPool-1 - Shutdown initiated...
2026-06-29 20:22:00                      [restDemo]                      [SpringApplicationShutdownHook]                      INFO                       com.zaxxer.hikari.HikariDataSource                      - HikariPool-1 - Shutdown completed.
2026-06-29 20:22:04                      [restDemo]                      [restartedMain]                      INFO                       com.restDemo.RestDemoApplication                      - Starting RestDemoApplication using Java 23 with PID 65193 (/home/logeshkumar/Desktop/practice/restDemo/target/classes started by logeshkumar in /home/logeshkumar/Desktop/practice/restDemo)
2026-06-29 20:22:04                      [restDemo]                      [restartedMain]                      INFO                       com.restDemo.RestDemoApplication                      - No active profile set, falling back to 1 default profile: "default"
2026-06-29 20:22:04                      [restDemo]                      [restartedMain]                      INFO                       o.s.b.d.e.DevToolsPropertyDefaultsPostProcessor                      - Devtools property defaults active! Set 'spring.devtools.add-properties' to 'false' to disable
2026-06-29 20:22:04                      [restDemo]                      [restartedMain]                      INFO                       o.s.b.d.e.DevToolsPropertyDefaultsPostProcessor                      - For additional web related logging consider setting the 'logging.level.web' property to 'DEBUG'
2026-06-29 20:22:05                      [restDemo]                      [restartedMain]                      INFO                       o.s.d.r.c.RepositoryConfigurationDelegate                      - Bootstrapping Spring Data JPA repositories in DEFAULT mode.
2026-06-29 20:22:05                      [restDemo]                      [restartedMain]                      INFO                       o.s.d.r.c.RepositoryConfigurationDelegate                      - Finished Spring Data repository scanning in 56 ms. Found 1 JPA repository interface.
2026-06-29 20:22:06                      [restDemo]                      [restartedMain]                      INFO                       o.s.b.w.e.tomcat.TomcatWebServer                      - Tomcat initialized with port 8001 (http)
2026-06-29 20:22:06                      [restDemo]                      [restartedMain]                      INFO                       o.a.coyote.http11.Http11NioProtocol                      - Initializing ProtocolHandler ["http-nio-8001"]
2026-06-29 20:22:06                      [restDemo]                      [restartedMain]                      INFO                       o.a.catalina.core.StandardService                      - Starting service [Tomcat]
2026-06-29 20:22:06                      [restDemo]                      [restartedMain]                      INFO                       o.a.catalina.core.StandardEngine                      - Starting Servlet engine: [Apache Tomcat/10.1.31]
2026-06-29 20:22:06                      [restDemo]                      [restartedMain]                      INFO                       o.a.c.c.C.[Tomcat].[localhost].[/]                      - Initializing Spring embedded WebApplicationContext
2026-06-29 20:22:06                      [restDemo]                      [restartedMain]                      INFO                       o.s.b.w.s.c.ServletWebServerApplicationContext                      - Root WebApplicationContext: initialization completed in 1563 ms
2026-06-29 20:22:06                      [restDemo]                      [restartedMain]                      INFO                       com.zaxxer.hikari.HikariDataSource                      - HikariPool-1 - Starting...
2026-06-29 20:22:06                      [restDemo]                      [restartedMain]                      INFO                       com.zaxxer.hikari.pool.HikariPool                      - HikariPool-1 - Added connection conn0: url=jdbc:h2:mem:testdb user=SA
2026-06-29 20:22:06                      [restDemo]                      [restartedMain]                      INFO                       com.zaxxer.hikari.HikariDataSource                      - HikariPool-1 - Start completed.
2026-06-29 20:22:06                      [restDemo]                      [restartedMain]                      INFO                       o.s.b.a.h.H2ConsoleAutoConfiguration                      - H2 console available at '/h2-console'. Database available at 'jdbc:h2:mem:testdb'
2026-06-29 20:22:06                      [restDemo]                      [restartedMain]                      INFO                       o.h.jpa.internal.util.LogHelper                      - HHH000204: Processing PersistenceUnitInfo [name: default]
2026-06-29 20:22:06                      [restDemo]                      [restartedMain]                      INFO                       org.hibernate.Version                      - HHH000412: Hibernate ORM core version 6.5.3.Final
2026-06-29 20:22:06                      [restDemo]                      [restartedMain]                      INFO                       o.h.c.i.RegionFactoryInitiator                      - HHH000026: Second-level cache disabled
2026-06-29 20:22:06                      [restDemo]                      [restartedMain]                      INFO                       o.s.o.j.p.SpringPersistenceUnitInfo                      - No LoadTimeWeaver setup: ignoring JPA class transformer
2026-06-29 20:22:06                      [restDemo]                      [restartedMain]                      WARN                       org.hibernate.orm.deprecation                      - HHH90000025: H2Dialect does not need to be specified explicitly using 'hibernate.dialect' (remove the property setting and it will be selected by default)
2026-06-29 20:22:07                      [restDemo]                      [restartedMain]                      INFO                       o.h.e.t.j.p.i.JtaPlatformInitiator                      - HHH000489: No JTA platform available (set 'hibernate.transaction.jta.platform' to enable JTA platform integration)
2026-06-29 20:22:07                      [restDemo]                      [restartedMain]                      DEBUG                      org.hibernate.SQL                      - create table users (id bigint generated by default as identity, created_at bigint, created_by bigint, created_date timestamp(6), updated_at bigint, updated_by bigint, updated_date timestamp(6), city varchar(255), email_id varchar(255), mobile_no varchar(255), name varchar(255), password varchar(255), user_id varchar(255), user_name varchar(255), primary key (id))
2026-06-29 20:22:07                      [restDemo]                      [restartedMain]                      INFO                       o.s.o.j.LocalContainerEntityManagerFactoryBean                      - Initialized JPA EntityManagerFactory for persistence unit 'default'
2026-06-29 20:22:08                      [restDemo]                      [restartedMain]                      WARN                       o.s.b.a.o.j.JpaBaseConfiguration$JpaWebConfiguration                      - spring.jpa.open-in-view is enabled by default. Therefore, database queries may be performed during view rendering. Explicitly configure spring.jpa.open-in-view to disable this warning
2026-06-29 20:22:08                      [restDemo]                      [restartedMain]                      WARN                       o.s.b.a.s.s.UserDetailsServiceAutoConfiguration                      - 

Using generated security password: a91dca5d-f580-4cca-a295-33f594707619

This generated password is for development use only. Your security configuration must be updated before running your application in production.

2026-06-29 20:22:08                      [restDemo]                      [restartedMain]                      INFO                       o.s.s.c.a.a.c.InitializeUserDetailsBeanManagerConfigurer$InitializeUserDetailsManagerConfigurer                      - Global AuthenticationManager configured with UserDetailsService bean with name inMemoryUserDetailsManager
2026-06-29 20:22:08                      [restDemo]                      [restartedMain]                      INFO                       o.s.b.d.a.OptionalLiveReloadServer                      - LiveReload server is running on port 35729
2026-06-29 20:22:08                      [restDemo]                      [restartedMain]                      INFO                       o.a.coyote.http11.Http11NioProtocol                      - Starting ProtocolHandler ["http-nio-8001"]
2026-06-29 20:22:08                      [restDemo]                      [restartedMain]                      INFO                       o.s.b.w.e.tomcat.TomcatWebServer                      - Tomcat started on port 8001 (http) with context path '/'
2026-06-29 20:22:08                      [restDemo]                      [restartedMain]                      INFO                       com.restDemo.RestDemoApplication                      - Started RestDemoApplication in 4.881 seconds (process running for 5.48)
2026-06-29 20:22:12                      [restDemo]                      [http-nio-8001-exec-2]                      INFO                       o.a.c.c.C.[Tomcat].[localhost].[/]                      - Initializing Spring DispatcherServlet 'dispatcherServlet'
2026-06-29 20:22:12                      [restDemo]                      [http-nio-8001-exec-2]                      INFO                       o.s.web.servlet.DispatcherServlet                      - Initializing Servlet 'dispatcherServlet'
2026-06-29 20:22:12                      [restDemo]                      [http-nio-8001-exec-2]                      INFO                       o.s.web.servlet.DispatcherServlet                      - Completed initialization in 2 ms
2026-06-29 20:22:13                      [restDemo]                      [http-nio-8001-exec-2]                      DEBUG                      org.hibernate.SQL                      - select u1_0.id,u1_0.city,u1_0.created_at,u1_0.created_by,u1_0.created_date,u1_0.email_id,u1_0.mobile_no,u1_0.name,u1_0.password,u1_0.updated_at,u1_0.updated_by,u1_0.updated_date,u1_0.user_id,u1_0.user_name from users u1_0 where u1_0.user_name=?
2026-06-29 20:22:13                      [restDemo]                      [http-nio-8001-exec-2]                      DEBUG                      org.hibernate.SQL                      - select u1_0.id from users u1_0 where u1_0.email_id=? fetch first ? rows only
2026-06-29 20:22:13                      [restDemo]                      [http-nio-8001-exec-2]                      DEBUG                      org.hibernate.SQL                      - insert into users (city,created_at,created_by,created_date,email_id,mobile_no,name,password,updated_at,updated_by,updated_date,user_id,user_name,id) values (?,?,?,?,?,?,?,?,?,?,?,?,?,default)
2026-06-29 20:22:14                      [restDemo]                      [http-nio-8001-exec-3]                      DEBUG                      org.hibernate.SQL                      - select u1_0.id,u1_0.city,u1_0.created_at,u1_0.created_by,u1_0.created_date,u1_0.email_id,u1_0.mobile_no,u1_0.name,u1_0.password,u1_0.updated_at,u1_0.updated_by,u1_0.updated_date,u1_0.user_id,u1_0.user_name from users u1_0 where u1_0.user_name=?
2026-06-29 20:22:14                      [restDemo]                      [http-nio-8001-exec-3]                      DEBUG                      org.hibernate.SQL                      - select u1_0.id from users u1_0 where u1_0.email_id=? fetch first ? rows only
2026-06-29 20:22:14                      [restDemo]                      [http-nio-8001-exec-3]                      ERROR                      c.r.a.GlobalExceptionHandler                      - ERROR: com.restDemo.apiexceptions.ApiException: java.lang.IllegalStateException: Email id Already Exist
2026-06-29 20:22:14                      [restDemo]                      [http-nio-8001-exec-3]                      ERROR                      c.r.a.GlobalExceptionHandler                      - CAUSE: Email id Already Exist
2026-06-29 20:22:14                      [restDemo]                      [http-nio-8001-exec-3]                      ERROR                      c.r.a.GlobalExceptionHandler                      - at com.restDemo.service.UserService.insert(UserService.java:37)
2026-06-29 20:22:14                      [restDemo]                      [http-nio-8001-exec-3]                      ERROR                      c.r.a.GlobalExceptionHandler                      - at com.restDemo.controller.UserController.insert(UserController.java:41)
2026-06-29 20:22:14                      [restDemo]                      [http-nio-8001-exec-3]                      WARN                       o.s.w.s.m.m.a.ExceptionHandlerExceptionResolver                      - Resolved [com.restDemo.apiexceptions.ApiException: java.lang.IllegalStateException: Email id Already Exist]
2026-06-29 20:22:55                      [restDemo]                      [SpringApplicationShutdownHook]                      INFO                       o.s.o.j.LocalContainerEntityManagerFactoryBean                      - Closing JPA EntityManagerFactory for persistence unit 'default'
2026-06-29 20:22:55                      [restDemo]                      [SpringApplicationShutdownHook]                      WARN                       o.s.b.f.s.DisposableBeanAdapter                      - Invocation of destroy method failed on bean with name 'inMemoryDatabaseShutdownExecutor': org.h2.jdbc.JdbcSQLNonTransientConnectionException: Database is already closed (to disable automatic closing at VM shutdown, add ";DB_CLOSE_ON_EXIT=FALSE" to the db URL) [90121-224]
2026-06-29 20:22:55                      [restDemo]                      [SpringApplicationShutdownHook]                      INFO                       com.zaxxer.hikari.HikariDataSource                      - HikariPool-1 - Shutdown initiated...
2026-06-29 20:22:55                      [restDemo]                      [SpringApplicationShutdownHook]                      INFO                       com.zaxxer.hikari.HikariDataSource                      - HikariPool-1 - Shutdown completed.
2026-06-29 20:22:59                      [restDemo]                      [restartedMain]                      INFO                       com.restDemo.RestDemoApplication                      - Starting RestDemoApplication using Java 23 with PID 65380 (/home/logeshkumar/Desktop/practice/restDemo/target/classes started by logeshkumar in /home/logeshkumar/Desktop/practice/restDemo)
2026-06-29 20:22:59                      [restDemo]                      [restartedMain]                      INFO                       com.restDemo.RestDemoApplication                      - No active profile set, falling back to 1 default profile: "default"
2026-06-29 20:22:59                      [restDemo]                      [restartedMain]                      INFO                       o.s.b.d.e.DevToolsPropertyDefaultsPostProcessor                      - Devtools property defaults active! Set 'spring.devtools.add-properties' to 'false' to disable
2026-06-29 20:22:59                      [restDemo]                      [restartedMain]                      INFO                       o.s.b.d.e.DevToolsPropertyDefaultsPostProcessor                      - For additional web related logging consider setting the 'logging.level.web' property to 'DEBUG'
2026-06-29 20:23:00                      [restDemo]                      [restartedMain]                      INFO                       o.s.d.r.c.RepositoryConfigurationDelegate                      - Bootstrapping Spring Data JPA repositories in DEFAULT mode.
2026-06-29 20:23:00                      [restDemo]                      [restartedMain]                      INFO                       o.s.d.r.c.RepositoryConfigurationDelegate                      - Finished Spring Data repository scanning in 56 ms. Found 1 JPA repository interface.
2026-06-29 20:23:01                      [restDemo]                      [restartedMain]                      INFO                       o.s.b.w.e.tomcat.TomcatWebServer                      - Tomcat initialized with port 8001 (http)
2026-06-29 20:23:01                      [restDemo]                      [restartedMain]                      INFO                       o.a.coyote.http11.Http11NioProtocol                      - Initializing ProtocolHandler ["http-nio-8001"]
2026-06-29 20:23:01                      [restDemo]                      [restartedMain]                      INFO                       o.a.catalina.core.StandardService                      - Starting service [Tomcat]
2026-06-29 20:23:01                      [restDemo]                      [restartedMain]                      INFO                       o.a.catalina.core.StandardEngine                      - Starting Servlet engine: [Apache Tomcat/10.1.31]
2026-06-29 20:23:01                      [restDemo]                      [restartedMain]                      INFO                       o.a.c.c.C.[Tomcat].[localhost].[/]                      - Initializing Spring embedded WebApplicationContext
2026-06-29 20:23:01                      [restDemo]                      [restartedMain]                      INFO                       o.s.b.w.s.c.ServletWebServerApplicationContext                      - Root WebApplicationContext: initialization completed in 1563 ms
2026-06-29 20:23:01                      [restDemo]                      [restartedMain]                      INFO                       com.zaxxer.hikari.HikariDataSource                      - HikariPool-1 - Starting...
2026-06-29 20:23:01                      [restDemo]                      [restartedMain]                      INFO                       com.zaxxer.hikari.pool.HikariPool                      - HikariPool-1 - Added connection conn0: url=jdbc:h2:mem:testdb user=SA
2026-06-29 20:23:01                      [restDemo]                      [restartedMain]                      INFO                       com.zaxxer.hikari.HikariDataSource                      - HikariPool-1 - Start completed.
2026-06-29 20:23:01                      [restDemo]                      [restartedMain]                      INFO                       o.s.b.a.h.H2ConsoleAutoConfiguration                      - H2 console available at '/h2-console'. Database available at 'jdbc:h2:mem:testdb'
2026-06-29 20:23:01                      [restDemo]                      [restartedMain]                      INFO                       o.h.jpa.internal.util.LogHelper                      - HHH000204: Processing PersistenceUnitInfo [name: default]
2026-06-29 20:23:01                      [restDemo]                      [restartedMain]                      INFO                       org.hibernate.Version                      - HHH000412: Hibernate ORM core version 6.5.3.Final
2026-06-29 20:23:01                      [restDemo]                      [restartedMain]                      INFO                       o.h.c.i.RegionFactoryInitiator                      - HHH000026: Second-level cache disabled
2026-06-29 20:23:02                      [restDemo]                      [restartedMain]                      INFO                       o.s.o.j.p.SpringPersistenceUnitInfo                      - No LoadTimeWeaver setup: ignoring JPA class transformer
2026-06-29 20:23:02                      [restDemo]                      [restartedMain]                      WARN                       org.hibernate.orm.deprecation                      - HHH90000025: H2Dialect does not need to be specified explicitly using 'hibernate.dialect' (remove the property setting and it will be selected by default)
2026-06-29 20:23:02                      [restDemo]                      [restartedMain]                      INFO                       o.h.e.t.j.p.i.JtaPlatformInitiator                      - HHH000489: No JTA platform available (set 'hibernate.transaction.jta.platform' to enable JTA platform integration)
2026-06-29 20:23:02                      [restDemo]                      [restartedMain]                      DEBUG                      org.hibernate.SQL                      - create table users (id bigint generated by default as identity, created_at bigint, created_by bigint, created_date timestamp(6), updated_at bigint, updated_by bigint, updated_date timestamp(6), city varchar(255), email_id varchar(255), mobile_no varchar(255), name varchar(255), password varchar(255), user_id varchar(255), user_name varchar(255), primary key (id))
2026-06-29 20:23:02                      [restDemo]                      [restartedMain]                      INFO                       o.s.o.j.LocalContainerEntityManagerFactoryBean                      - Initialized JPA EntityManagerFactory for persistence unit 'default'
2026-06-29 20:23:03                      [restDemo]                      [restartedMain]                      WARN                       o.s.b.a.o.j.JpaBaseConfiguration$JpaWebConfiguration                      - spring.jpa.open-in-view is enabled by default. Therefore, database queries may be performed during view rendering. Explicitly configure spring.jpa.open-in-view to disable this warning
2026-06-29 20:23:03                      [restDemo]                      [restartedMain]                      WARN                       o.s.b.a.s.s.UserDetailsServiceAutoConfiguration                      - 

Using generated security password: d076b374-08d1-4b7c-9069-84eace7a0ca4

This generated password is for development use only. Your security configuration must be updated before running your application in production.

2026-06-29 20:23:03                      [restDemo]                      [restartedMain]                      INFO                       o.s.s.c.a.a.c.InitializeUserDetailsBeanManagerConfigurer$InitializeUserDetailsManagerConfigurer                      - Global AuthenticationManager configured with UserDetailsService bean with name inMemoryUserDetailsManager
2026-06-29 20:23:03                      [restDemo]                      [restartedMain]                      INFO                       o.s.b.d.a.OptionalLiveReloadServer                      - LiveReload server is running on port 35729
2026-06-29 20:23:03                      [restDemo]                      [restartedMain]                      INFO                       o.a.coyote.http11.Http11NioProtocol                      - Starting ProtocolHandler ["http-nio-8001"]
2026-06-29 20:23:03                      [restDemo]                      [restartedMain]                      INFO                       o.s.b.w.e.tomcat.TomcatWebServer                      - Tomcat started on port 8001 (http) with context path '/'
2026-06-29 20:23:03                      [restDemo]                      [restartedMain]                      INFO                       com.restDemo.RestDemoApplication                      - Started RestDemoApplication in 4.968 seconds (process running for 5.516)
2026-06-29 20:23:06                      [restDemo]                      [http-nio-8001-exec-1]                      INFO                       o.a.c.c.C.[Tomcat].[localhost].[/]                      - Initializing Spring DispatcherServlet 'dispatcherServlet'
2026-06-29 20:23:06                      [restDemo]                      [http-nio-8001-exec-1]                      INFO                       o.s.web.servlet.DispatcherServlet                      - Initializing Servlet 'dispatcherServlet'
2026-06-29 20:23:06                      [restDemo]                      [http-nio-8001-exec-1]                      INFO                       o.s.web.servlet.DispatcherServlet                      - Completed initialization in 1 ms
2026-06-29 20:23:06                      [restDemo]                      [http-nio-8001-exec-1]                      DEBUG                      org.hibernate.SQL                      - select u1_0.id,u1_0.city,u1_0.created_at,u1_0.created_by,u1_0.created_date,u1_0.email_id,u1_0.mobile_no,u1_0.name,u1_0.password,u1_0.updated_at,u1_0.updated_by,u1_0.updated_date,u1_0.user_id,u1_0.user_name from users u1_0 where u1_0.user_name=?
2026-06-29 20:23:06                      [restDemo]                      [http-nio-8001-exec-1]                      DEBUG                      org.hibernate.SQL                      - select u1_0.id from users u1_0 where u1_0.email_id=? fetch first ? rows only
2026-06-29 20:23:06                      [restDemo]                      [http-nio-8001-exec-1]                      DEBUG                      org.hibernate.SQL                      - insert into users (city,created_at,created_by,created_date,email_id,mobile_no,name,password,updated_at,updated_by,updated_date,user_id,user_name,id) values (?,?,?,?,?,?,?,?,?,?,?,?,?,default)
2026-06-29 20:23:09                      [restDemo]                      [http-nio-8001-exec-3]                      DEBUG                      org.hibernate.SQL                      - select u1_0.id,u1_0.city,u1_0.created_at,u1_0.created_by,u1_0.created_date,u1_0.email_id,u1_0.mobile_no,u1_0.name,u1_0.password,u1_0.updated_at,u1_0.updated_by,u1_0.updated_date,u1_0.user_id,u1_0.user_name from users u1_0 where u1_0.user_name=?
2026-06-29 20:23:09                      [restDemo]                      [http-nio-8001-exec-3]                      DEBUG                      org.hibernate.SQL                      - select u1_0.id from users u1_0 where u1_0.email_id=? fetch first ? rows only
2026-06-29 20:23:09                      [restDemo]                      [http-nio-8001-exec-3]                      ERROR                      c.r.a.GlobalExceptionHandler                      - ERROR: com.restDemo.apiexceptions.ApiException: java.lang.IllegalStateException: Email id Already Exist
2026-06-29 20:23:09                      [restDemo]                      [http-nio-8001-exec-3]                      ERROR                      c.r.a.GlobalExceptionHandler                      - CAUSE: {}
java.lang.IllegalStateException: Email id Already Exist
	at com.restDemo.service.UserService.insert(UserService.java:37)
	at com.restDemo.controller.UserController.insert(UserController.java:41)
	at java.base/jdk.internal.reflect.DirectMethodHandleAccessor.invoke(DirectMethodHandleAccessor.java:103)
	at java.base/java.lang.reflect.Method.invoke(Method.java:580)
	at org.springframework.web.method.support.InvocableHandlerMethod.doInvoke(InvocableHandlerMethod.java:255)
	at org.springframework.web.method.support.InvocableHandlerMethod.invokeForRequest(InvocableHandlerMethod.java:188)
	at org.springframework.web.servlet.mvc.method.annotation.ServletInvocableHandlerMethod.invokeAndHandle(ServletInvocableHandlerMethod.java:118)
	at org.springframework.web.servlet.mvc.method.annotation.RequestMappingHandlerAdapter.invokeHandlerMethod(RequestMappingHandlerAdapter.java:926)
	at org.springframework.web.servlet.mvc.method.annotation.RequestMappingHandlerAdapter.handleInternal(RequestMappingHandlerAdapter.java:831)
	at org.springframework.web.servlet.mvc.method.AbstractHandlerMethodAdapter.handle(AbstractHandlerMethodAdapter.java:87)
	at org.springframework.web.servlet.DispatcherServlet.doDispatch(DispatcherServlet.java:1089)
	at org.springframework.web.servlet.DispatcherServlet.doService(DispatcherServlet.java:979)
	at org.springframework.web.servlet.FrameworkServlet.processRequest(FrameworkServlet.java:1014)
	at org.springframework.web.servlet.FrameworkServlet.doPost(FrameworkServlet.java:914)
	at jakarta.servlet.http.HttpServlet.service(HttpServlet.java:590)
	at org.springframework.web.servlet.FrameworkServlet.service(FrameworkServlet.java:885)
	at jakarta.servlet.http.HttpServlet.service(HttpServlet.java:658)
	at org.apache.catalina.core.ApplicationFilterChain.internalDoFilter(ApplicationFilterChain.java:195)
	at org.apache.catalina.core.ApplicationFilterChain.doFilter(ApplicationFilterChain.java:140)
	at org.apache.tomcat.websocket.server.WsFilter.doFilter(WsFilter.java:51)
	at org.apache.catalina.core.ApplicationFilterChain.internalDoFilter(ApplicationFilterChain.java:164)
	at org.apache.catalina.core.ApplicationFilterChain.doFilter(ApplicationFilterChain.java:140)
	at org.springframework.web.filter.CompositeFilter$VirtualFilterChain.doFilter(CompositeFilter.java:108)
	at org.springframework.security.web.FilterChainProxy.lambda$doFilterInternal$3(FilterChainProxy.java:231)
	at org.springframework.security.web.FilterChainProxy$VirtualFilterChain.doFilter(FilterChainProxy.java:365)
	at org.springframework.security.web.access.intercept.AuthorizationFilter.doFilter(AuthorizationFilter.java:100)
	at org.springframework.security.web.FilterChainProxy$VirtualFilterChain.doFilter(FilterChainProxy.java:374)
	at org.springframework.security.web.access.ExceptionTranslationFilter.doFilter(ExceptionTranslationFilter.java:126)
	at org.springframework.security.web.access.ExceptionTranslationFilter.doFilter(ExceptionTranslationFilter.java:120)
	at org.springframework.security.web.FilterChainProxy$VirtualFilterChain.doFilter(FilterChainProxy.java:374)
	at org.springframework.security.web.authentication.AnonymousAuthenticationFilter.doFilter(AnonymousAuthenticationFilter.java:100)
	at org.springframework.security.web.FilterChainProxy$VirtualFilterChain.doFilter(FilterChainProxy.java:374)
	at org.springframework.security.web.servletapi.SecurityContextHolderAwareRequestFilter.doFilter(SecurityContextHolderAwareRequestFilter.java:179)
	at org.springframework.security.web.FilterChainProxy$VirtualFilterChain.doFilter(FilterChainProxy.java:374)
	at org.springframework.security.web.savedrequest.RequestCacheAwareFilter.doFilter(RequestCacheAwareFilter.java:63)
	at org.springframework.security.web.FilterChainProxy$VirtualFilterChain.doFilter(FilterChainProxy.java:374)
	at org.springframework.security.web.authentication.logout.LogoutFilter.doFilter(LogoutFilter.java:107)
	at org.springframework.security.web.authentication.logout.LogoutFilter.doFilter(LogoutFilter.java:93)
	at org.springframework.security.web.FilterChainProxy$VirtualFilterChain.doFilter(FilterChainProxy.java:374)
	at org.springframework.security.web.header.HeaderWriterFilter.doHeadersAfter(HeaderWriterFilter.java:90)
	at org.springframework.security.web.header.HeaderWriterFilter.doFilterInternal(HeaderWriterFilter.java:75)
	at org.springframework.web.filter.OncePerRequestFilter.doFilter(OncePerRequestFilter.java:116)
	at org.springframework.security.web.FilterChainProxy$VirtualFilterChain.doFilter(FilterChainProxy.java:374)
	at org.springframework.security.web.context.SecurityContextHolderFilter.doFilter(SecurityContextHolderFilter.java:82)
	at org.springframework.security.web.context.SecurityContextHolderFilter.doFilter(SecurityContextHolderFilter.java:69)
	at org.springframework.security.web.FilterChainProxy$VirtualFilterChain.doFilter(FilterChainProxy.java:374)
	at org.springframework.security.web.context.request.async.WebAsyncManagerIntegrationFilter.doFilterInternal(WebAsyncManagerIntegrationFilter.java:62)
	at org.springframework.web.filter.OncePerRequestFilter.doFilter(OncePerRequestFilter.java:116)
	at org.springframework.security.web.FilterChainProxy$VirtualFilterChain.doFilter(FilterChainProxy.java:374)
	at org.springframework.security.web.session.DisableEncodeUrlFilter.doFilterInternal(DisableEncodeUrlFilter.java:42)
	at org.springframework.web.filter.OncePerRequestFilter.doFilter(OncePerRequestFilter.java:116)
	at org.springframework.security.web.FilterChainProxy$VirtualFilterChain.doFilter(FilterChainProxy.java:374)
	at org.springframework.security.web.FilterChainProxy.doFilterInternal(FilterChainProxy.java:233)
	at org.springframework.security.web.FilterChainProxy.doFilter(FilterChainProxy.java:191)
	at org.springframework.web.filter.CompositeFilter$VirtualFilterChain.doFilter(CompositeFilter.java:113)
	at org.springframework.web.servlet.handler.HandlerMappingIntrospector.lambda$createCacheFilter$3(HandlerMappingIntrospector.java:195)
	at org.springframework.web.filter.CompositeFilter$VirtualFilterChain.doFilter(CompositeFilter.java:113)
	at org.springframework.web.filter.CompositeFilter.doFilter(CompositeFilter.java:74)
	at org.springframework.security.config.annotation.web.configuration.WebMvcSecurityConfiguration$CompositeFilterChainProxy.doFilter(WebMvcSecurityConfiguration.java:230)
	at org.springframework.web.filter.DelegatingFilterProxy.invokeDelegate(DelegatingFilterProxy.java:362)
	at org.springframework.web.filter.DelegatingFilterProxy.doFilter(DelegatingFilterProxy.java:278)
	at org.apache.catalina.core.ApplicationFilterChain.internalDoFilter(ApplicationFilterChain.java:164)
	at org.apache.catalina.core.ApplicationFilterChain.doFilter(ApplicationFilterChain.java:140)
	at org.springframework.web.filter.RequestContextFilter.doFilterInternal(RequestContextFilter.java:100)
	at org.springframework.web.filter.OncePerRequestFilter.doFilter(OncePerRequestFilter.java:116)
	at org.apache.catalina.core.ApplicationFilterChain.internalDoFilter(ApplicationFilterChain.java:164)
	at org.apache.catalina.core.ApplicationFilterChain.doFilter(ApplicationFilterChain.java:140)
	at org.springframework.web.filter.FormContentFilter.doFilterInternal(FormContentFilter.java:93)
	at org.springframework.web.filter.OncePerRequestFilter.doFilter(OncePerRequestFilter.java:116)
	at org.apache.catalina.core.ApplicationFilterChain.internalDoFilter(ApplicationFilterChain.java:164)
	at org.apache.catalina.core.ApplicationFilterChain.doFilter(ApplicationFilterChain.java:140)
	at org.springframework.web.filter.CharacterEncodingFilter.doFilterInternal(CharacterEncodingFilter.java:201)
	at org.springframework.web.filter.OncePerRequestFilter.doFilter(OncePerRequestFilter.java:116)
	at org.apache.catalina.core.ApplicationFilterChain.internalDoFilter(ApplicationFilterChain.java:164)
	at org.apache.catalina.core.ApplicationFilterChain.doFilter(ApplicationFilterChain.java:140)
	at org.apache.catalina.core.StandardWrapperValve.invoke(StandardWrapperValve.java:167)
	at org.apache.catalina.core.StandardContextValve.invoke(StandardContextValve.java:90)
	at org.apache.catalina.authenticator.AuthenticatorBase.invoke(AuthenticatorBase.java:483)
	at org.apache.catalina.core.StandardHostValve.invoke(StandardHostValve.java:115)
	at org.apache.catalina.valves.ErrorReportValve.invoke(ErrorReportValve.java:93)
	at org.apache.catalina.core.StandardEngineValve.invoke(StandardEngineValve.java:74)
	at org.apache.catalina.connector.CoyoteAdapter.service(CoyoteAdapter.java:344)
	at org.apache.coyote.http11.Http11Processor.service(Http11Processor.java:384)
	at org.apache.coyote.AbstractProcessorLight.process(AbstractProcessorLight.java:63)
	at org.apache.coyote.AbstractProtocol$ConnectionHandler.process(AbstractProtocol.java:905)
	at org.apache.tomcat.util.net.NioEndpoint$SocketProcessor.doRun(NioEndpoint.java:1741)
	at org.apache.tomcat.util.net.SocketProcessorBase.run(SocketProcessorBase.java:52)
	at org.apache.tomcat.util.threads.ThreadPoolExecutor.runWorker(ThreadPoolExecutor.java:1190)
	at org.apache.tomcat.util.threads.ThreadPoolExecutor$Worker.run(ThreadPoolExecutor.java:659)
	at org.apache.tomcat.util.threads.TaskThread$WrappingRunnable.run(TaskThread.java:63)
	at java.base/java.lang.Thread.run(Thread.java:1575)
2026-06-29 20:23:09                      [restDemo]                      [http-nio-8001-exec-3]                      ERROR                      c.r.a.GlobalExceptionHandler                      - at com.restDemo.service.UserService.insert(UserService.java:37)
2026-06-29 20:23:09                      [restDemo]                      [http-nio-8001-exec-3]                      ERROR                      c.r.a.GlobalExceptionHandler                      - at com.restDemo.controller.UserController.insert(UserController.java:41)
2026-06-29 20:23:09                      [restDemo]                      [http-nio-8001-exec-3]                      WARN                       o.s.w.s.m.m.a.ExceptionHandlerExceptionResolver                      - Resolved [com.restDemo.apiexceptions.ApiException: java.lang.IllegalStateException: Email id Already Exist]
2026-06-29 20:25:18                      [restDemo]                      [SpringApplicationShutdownHook]                      INFO                       o.s.o.j.LocalContainerEntityManagerFactoryBean                      - Closing JPA EntityManagerFactory for persistence unit 'default'
2026-06-29 20:25:18                      [restDemo]                      [SpringApplicationShutdownHook]                      WARN                       o.s.b.f.s.DisposableBeanAdapter                      - Invocation of destroy method failed on bean with name 'inMemoryDatabaseShutdownExecutor': org.h2.jdbc.JdbcSQLNonTransientConnectionException: Database is already closed (to disable automatic closing at VM shutdown, add ";DB_CLOSE_ON_EXIT=FALSE" to the db URL) [90121-224]
2026-06-29 20:25:18                      [restDemo]                      [SpringApplicationShutdownHook]                      INFO                       com.zaxxer.hikari.HikariDataSource                      - HikariPool-1 - Shutdown initiated...
2026-06-29 20:25:18                      [restDemo]                      [SpringApplicationShutdownHook]                      INFO                       com.zaxxer.hikari.HikariDataSource                      - HikariPool-1 - Shutdown completed.
2026-06-29 20:25:22                      [restDemo]                      [restartedMain]                      INFO                       com.restDemo.RestDemoApplication                      - Starting RestDemoApplication using Java 23 with PID 65674 (/home/logeshkumar/Desktop/practice/restDemo/target/classes started by logeshkumar in /home/logeshkumar/Desktop/practice/restDemo)
2026-06-29 20:25:22                      [restDemo]                      [restartedMain]                      INFO                       com.restDemo.RestDemoApplication                      - No active profile set, falling back to 1 default profile: "default"
2026-06-29 20:25:22                      [restDemo]                      [restartedMain]                      INFO                       o.s.b.d.e.DevToolsPropertyDefaultsPostProcessor                      - Devtools property defaults active! Set 'spring.devtools.add-properties' to 'false' to disable
2026-06-29 20:25:22                      [restDemo]                      [restartedMain]                      INFO                       o.s.b.d.e.DevToolsPropertyDefaultsPostProcessor                      - For additional web related logging consider setting the 'logging.level.web' property to 'DEBUG'
2026-06-29 20:25:23                      [restDemo]                      [restartedMain]                      INFO                       o.s.d.r.c.RepositoryConfigurationDelegate                      - Bootstrapping Spring Data JPA repositories in DEFAULT mode.
2026-06-29 20:25:23                      [restDemo]                      [restartedMain]                      INFO                       o.s.d.r.c.RepositoryConfigurationDelegate                      - Finished Spring Data repository scanning in 51 ms. Found 1 JPA repository interface.
2026-06-29 20:25:24                      [restDemo]                      [restartedMain]                      INFO                       o.s.b.w.e.tomcat.TomcatWebServer                      - Tomcat initialized with port 8001 (http)
2026-06-29 20:25:24                      [restDemo]                      [restartedMain]                      INFO                       o.a.coyote.http11.Http11NioProtocol                      - Initializing ProtocolHandler ["http-nio-8001"]
2026-06-29 20:25:24                      [restDemo]                      [restartedMain]                      INFO                       o.a.catalina.core.StandardService                      - Starting service [Tomcat]
2026-06-29 20:25:24                      [restDemo]                      [restartedMain]                      INFO                       o.a.catalina.core.StandardEngine                      - Starting Servlet engine: [Apache Tomcat/10.1.31]
2026-06-29 20:25:24                      [restDemo]                      [restartedMain]                      INFO                       o.a.c.c.C.[Tomcat].[localhost].[/]                      - Initializing Spring embedded WebApplicationContext
2026-06-29 20:25:24                      [restDemo]                      [restartedMain]                      INFO                       o.s.b.w.s.c.ServletWebServerApplicationContext                      - Root WebApplicationContext: initialization completed in 1587 ms
2026-06-29 20:25:24                      [restDemo]                      [restartedMain]                      INFO                       com.zaxxer.hikari.HikariDataSource                      - HikariPool-1 - Starting...
2026-06-29 20:25:24                      [restDemo]                      [restartedMain]                      INFO                       com.zaxxer.hikari.pool.HikariPool                      - HikariPool-1 - Added connection conn0: url=jdbc:h2:mem:testdb user=SA
2026-06-29 20:25:24                      [restDemo]                      [restartedMain]                      INFO                       com.zaxxer.hikari.HikariDataSource                      - HikariPool-1 - Start completed.
2026-06-29 20:25:24                      [restDemo]                      [restartedMain]                      INFO                       o.s.b.a.h.H2ConsoleAutoConfiguration                      - H2 console available at '/h2-console'. Database available at 'jdbc:h2:mem:testdb'
2026-06-29 20:25:24                      [restDemo]                      [restartedMain]                      INFO                       o.h.jpa.internal.util.LogHelper                      - HHH000204: Processing PersistenceUnitInfo [name: default]
2026-06-29 20:25:24                      [restDemo]                      [restartedMain]                      INFO                       org.hibernate.Version                      - HHH000412: Hibernate ORM core version 6.5.3.Final
2026-06-29 20:25:24                      [restDemo]                      [restartedMain]                      INFO                       o.h.c.i.RegionFactoryInitiator                      - HHH000026: Second-level cache disabled
2026-06-29 20:25:25                      [restDemo]                      [restartedMain]                      INFO                       o.s.o.j.p.SpringPersistenceUnitInfo                      - No LoadTimeWeaver setup: ignoring JPA class transformer
2026-06-29 20:25:25                      [restDemo]                      [restartedMain]                      WARN                       org.hibernate.orm.deprecation                      - HHH90000025: H2Dialect does not need to be specified explicitly using 'hibernate.dialect' (remove the property setting and it will be selected by default)
2026-06-29 20:25:26                      [restDemo]                      [restartedMain]                      INFO                       o.h.e.t.j.p.i.JtaPlatformInitiator                      - HHH000489: No JTA platform available (set 'hibernate.transaction.jta.platform' to enable JTA platform integration)
2026-06-29 20:25:26                      [restDemo]                      [restartedMain]                      DEBUG                      org.hibernate.SQL                      - create table users (id bigint generated by default as identity, created_at bigint, created_by bigint, created_date timestamp(6), updated_at bigint, updated_by bigint, updated_date timestamp(6), city varchar(255), email_id varchar(255), mobile_no varchar(255), name varchar(255), password varchar(255), user_id varchar(255), user_name varchar(255), primary key (id))
2026-06-29 20:25:26                      [restDemo]                      [restartedMain]                      INFO                       o.s.o.j.LocalContainerEntityManagerFactoryBean                      - Initialized JPA EntityManagerFactory for persistence unit 'default'
2026-06-29 20:25:26                      [restDemo]                      [restartedMain]                      WARN                       o.s.b.a.o.j.JpaBaseConfiguration$JpaWebConfiguration                      - spring.jpa.open-in-view is enabled by default. Therefore, database queries may be performed during view rendering. Explicitly configure spring.jpa.open-in-view to disable this warning
2026-06-29 20:25:26                      [restDemo]                      [restartedMain]                      WARN                       o.s.b.a.s.s.UserDetailsServiceAutoConfiguration                      - 

Using generated security password: 94d3ab48-cea6-4261-adb1-913397fb5a57

This generated password is for development use only. Your security configuration must be updated before running your application in production.

2026-06-29 20:25:26                      [restDemo]                      [restartedMain]                      INFO                       o.s.s.c.a.a.c.InitializeUserDetailsBeanManagerConfigurer$InitializeUserDetailsManagerConfigurer                      - Global AuthenticationManager configured with UserDetailsService bean with name inMemoryUserDetailsManager
2026-06-29 20:25:27                      [restDemo]                      [restartedMain]                      INFO                       o.s.b.d.a.OptionalLiveReloadServer                      - LiveReload server is running on port 35729
2026-06-29 20:25:27                      [restDemo]                      [restartedMain]                      INFO                       o.a.coyote.http11.Http11NioProtocol                      - Starting ProtocolHandler ["http-nio-8001"]
2026-06-29 20:25:27                      [restDemo]                      [restartedMain]                      INFO                       o.s.b.w.e.tomcat.TomcatWebServer                      - Tomcat started on port 8001 (http) with context path '/'
2026-06-29 20:25:27                      [restDemo]                      [restartedMain]                      INFO                       com.restDemo.RestDemoApplication                      - Started RestDemoApplication in 5.053 seconds (process running for 5.631)
2026-06-29 20:25:32                      [restDemo]                      [http-nio-8001-exec-2]                      INFO                       o.a.c.c.C.[Tomcat].[localhost].[/]                      - Initializing Spring DispatcherServlet 'dispatcherServlet'
2026-06-29 20:25:32                      [restDemo]                      [http-nio-8001-exec-2]                      INFO                       o.s.web.servlet.DispatcherServlet                      - Initializing Servlet 'dispatcherServlet'
2026-06-29 20:25:32                      [restDemo]                      [http-nio-8001-exec-2]                      INFO                       o.s.web.servlet.DispatcherServlet                      - Completed initialization in 1 ms
2026-06-29 20:25:32                      [restDemo]                      [http-nio-8001-exec-2]                      DEBUG                      org.hibernate.SQL                      - select u1_0.id,u1_0.city,u1_0.created_at,u1_0.created_by,u1_0.created_date,u1_0.email_id,u1_0.mobile_no,u1_0.name,u1_0.password,u1_0.updated_at,u1_0.updated_by,u1_0.updated_date,u1_0.user_id,u1_0.user_name from users u1_0 where u1_0.user_name=?
2026-06-29 20:25:32                      [restDemo]                      [http-nio-8001-exec-2]                      DEBUG                      org.hibernate.SQL                      - select u1_0.id from users u1_0 where u1_0.email_id=? fetch first ? rows only
2026-06-29 20:25:32                      [restDemo]                      [http-nio-8001-exec-2]                      DEBUG                      org.hibernate.SQL                      - insert into users (city,created_at,created_by,created_date,email_id,mobile_no,name,password,updated_at,updated_by,updated_date,user_id,user_name,id) values (?,?,?,?,?,?,?,?,?,?,?,?,?,default)
2026-06-29 20:25:41                      [restDemo]                      [http-nio-8001-exec-3]                      ERROR                      c.r.a.GlobalExceptionHandler                      - DB ERROR: Column "updated_by_d" not found [42122-224]
2026-06-29 20:25:41                      [restDemo]                      [http-nio-8001-exec-3]                      ERROR                      c.r.a.GlobalExceptionHandler                      - CAUSE: Column "updated_by_d" not found [42122-224]
2026-06-29 20:25:41                      [restDemo]                      [http-nio-8001-exec-3]                      ERROR                      c.r.a.GlobalExceptionHandler                      - CAUSE: {}
org.h2.jdbc.JdbcSQLSyntaxErrorException: Column "updated_by_d" not found [42122-224]
	at org.h2.message.DbException.getJdbcSQLException(DbException.java:514)
	at org.h2.message.DbException.getJdbcSQLException(DbException.java:489)
	at org.h2.message.DbException.get(DbException.java:223)
	at org.h2.message.DbException.get(DbException.java:199)
	at org.h2.jdbc.JdbcResultSet.getColumnIndex(JdbcResultSet.java:3492)
	at org.h2.jdbc.JdbcResultSet.getLong(JdbcResultSet.java:745)
	at com.zaxxer.hikari.pool.HikariProxyResultSet.getLong(HikariProxyResultSet.java)
	at com.restDemo.mapper.UserMapper.mapRow(UserMapper.java:25)
	at com.restDemo.mapper.UserMapper.mapRow(UserMapper.java:10)
	at org.springframework.jdbc.core.RowMapperResultSetExtractor.extractData(RowMapperResultSetExtractor.java:94)
	at org.springframework.jdbc.core.RowMapperResultSetExtractor.extractData(RowMapperResultSetExtractor.java:61)
	at org.springframework.jdbc.core.JdbcTemplate$1QueryStatementCallback.doInStatement(JdbcTemplate.java:464)
	at org.springframework.jdbc.core.JdbcTemplate.execute(JdbcTemplate.java:393)
	at org.springframework.jdbc.core.JdbcTemplate.query(JdbcTemplate.java:476)
	at org.springframework.jdbc.core.JdbcTemplate.query(JdbcTemplate.java:486)
	at com.restDemo.repositoryImpl.UserRepositoryImpl.getUsers(UserRepositoryImpl.java:19)
	at com.restDemo.service.UserService.getAllUserDTO(UserService.java:74)
	at com.restDemo.controller.UserController.getAllUsersDTO(UserController.java:66)
	at java.base/jdk.internal.reflect.DirectMethodHandleAccessor.invoke(DirectMethodHandleAccessor.java:103)
	at java.base/java.lang.reflect.Method.invoke(Method.java:580)
	at org.springframework.web.method.support.InvocableHandlerMethod.doInvoke(InvocableHandlerMethod.java:255)
	at org.springframework.web.method.support.InvocableHandlerMethod.invokeForRequest(InvocableHandlerMethod.java:188)
	at org.springframework.web.servlet.mvc.method.annotation.ServletInvocableHandlerMethod.invokeAndHandle(ServletInvocableHandlerMethod.java:118)
	at org.springframework.web.servlet.mvc.method.annotation.RequestMappingHandlerAdapter.invokeHandlerMethod(RequestMappingHandlerAdapter.java:926)
	at org.springframework.web.servlet.mvc.method.annotation.RequestMappingHandlerAdapter.handleInternal(RequestMappingHandlerAdapter.java:831)
	at org.springframework.web.servlet.mvc.method.AbstractHandlerMethodAdapter.handle(AbstractHandlerMethodAdapter.java:87)
	at org.springframework.web.servlet.DispatcherServlet.doDispatch(DispatcherServlet.java:1089)
	at org.springframework.web.servlet.DispatcherServlet.doService(DispatcherServlet.java:979)
	at org.springframework.web.servlet.FrameworkServlet.processRequest(FrameworkServlet.java:1014)
	at org.springframework.web.servlet.FrameworkServlet.doGet(FrameworkServlet.java:903)
	at jakarta.servlet.http.HttpServlet.service(HttpServlet.java:564)
	at org.springframework.web.servlet.FrameworkServlet.service(FrameworkServlet.java:885)
	at jakarta.servlet.http.HttpServlet.service(HttpServlet.java:658)
	at org.apache.catalina.core.ApplicationFilterChain.internalDoFilter(ApplicationFilterChain.java:195)
	at org.apache.catalina.core.ApplicationFilterChain.doFilter(ApplicationFilterChain.java:140)
	at org.apache.tomcat.websocket.server.WsFilter.doFilter(WsFilter.java:51)
	at org.apache.catalina.core.ApplicationFilterChain.internalDoFilter(ApplicationFilterChain.java:164)
	at org.apache.catalina.core.ApplicationFilterChain.doFilter(ApplicationFilterChain.java:140)
	at org.springframework.web.filter.CompositeFilter$VirtualFilterChain.doFilter(CompositeFilter.java:108)
	at org.springframework.security.web.FilterChainProxy.lambda$doFilterInternal$3(FilterChainProxy.java:231)
	at org.springframework.security.web.FilterChainProxy$VirtualFilterChain.doFilter(FilterChainProxy.java:365)
	at org.springframework.security.web.access.intercept.AuthorizationFilter.doFilter(AuthorizationFilter.java:100)
	at org.springframework.security.web.FilterChainProxy$VirtualFilterChain.doFilter(FilterChainProxy.java:374)
	at org.springframework.security.web.access.ExceptionTranslationFilter.doFilter(ExceptionTranslationFilter.java:126)
	at org.springframework.security.web.access.ExceptionTranslationFilter.doFilter(ExceptionTranslationFilter.java:120)
	at org.springframework.security.web.FilterChainProxy$VirtualFilterChain.doFilter(FilterChainProxy.java:374)
	at org.springframework.security.web.authentication.AnonymousAuthenticationFilter.doFilter(AnonymousAuthenticationFilter.java:100)
	at org.springframework.security.web.FilterChainProxy$VirtualFilterChain.doFilter(FilterChainProxy.java:374)
	at org.springframework.security.web.servletapi.SecurityContextHolderAwareRequestFilter.doFilter(SecurityContextHolderAwareRequestFilter.java:179)
	at org.springframework.security.web.FilterChainProxy$VirtualFilterChain.doFilter(FilterChainProxy.java:374)
	at org.springframework.security.web.savedrequest.RequestCacheAwareFilter.doFilter(RequestCacheAwareFilter.java:63)
	at org.springframework.security.web.FilterChainProxy$VirtualFilterChain.doFilter(FilterChainProxy.java:374)
	at org.springframework.security.web.authentication.logout.LogoutFilter.doFilter(LogoutFilter.java:107)
	at org.springframework.security.web.authentication.logout.LogoutFilter.doFilter(LogoutFilter.java:93)
	at org.springframework.security.web.FilterChainProxy$VirtualFilterChain.doFilter(FilterChainProxy.java:374)
	at org.springframework.security.web.header.HeaderWriterFilter.doHeadersAfter(HeaderWriterFilter.java:90)
	at org.springframework.security.web.header.HeaderWriterFilter.doFilterInternal(HeaderWriterFilter.java:75)
	at org.springframework.web.filter.OncePerRequestFilter.doFilter(OncePerRequestFilter.java:116)
	at org.springframework.security.web.FilterChainProxy$VirtualFilterChain.doFilter(FilterChainProxy.java:374)
	at org.springframework.security.web.context.SecurityContextHolderFilter.doFilter(SecurityContextHolderFilter.java:82)
	at org.springframework.security.web.context.SecurityContextHolderFilter.doFilter(SecurityContextHolderFilter.java:69)
	at org.springframework.security.web.FilterChainProxy$VirtualFilterChain.doFilter(FilterChainProxy.java:374)
	at org.springframework.security.web.context.request.async.WebAsyncManagerIntegrationFilter.doFilterInternal(WebAsyncManagerIntegrationFilter.java:62)
	at org.springframework.web.filter.OncePerRequestFilter.doFilter(OncePerRequestFilter.java:116)
	at org.springframework.security.web.FilterChainProxy$VirtualFilterChain.doFilter(FilterChainProxy.java:374)
	at org.springframework.security.web.session.DisableEncodeUrlFilter.doFilterInternal(DisableEncodeUrlFilter.java:42)
	at org.springframework.web.filter.OncePerRequestFilter.doFilter(OncePerRequestFilter.java:116)
	at org.springframework.security.web.FilterChainProxy$VirtualFilterChain.doFilter(FilterChainProxy.java:374)
	at org.springframework.security.web.FilterChainProxy.doFilterInternal(FilterChainProxy.java:233)
	at org.springframework.security.web.FilterChainProxy.doFilter(FilterChainProxy.java:191)
	at org.springframework.web.filter.CompositeFilter$VirtualFilterChain.doFilter(CompositeFilter.java:113)
	at org.springframework.web.servlet.handler.HandlerMappingIntrospector.lambda$createCacheFilter$3(HandlerMappingIntrospector.java:195)
	at org.springframework.web.filter.CompositeFilter$VirtualFilterChain.doFilter(CompositeFilter.java:113)
	at org.springframework.web.filter.CompositeFilter.doFilter(CompositeFilter.java:74)
	at org.springframework.security.config.annotation.web.configuration.WebMvcSecurityConfiguration$CompositeFilterChainProxy.doFilter(WebMvcSecurityConfiguration.java:230)
	at org.springframework.web.filter.DelegatingFilterProxy.invokeDelegate(DelegatingFilterProxy.java:362)
	at org.springframework.web.filter.DelegatingFilterProxy.doFilter(DelegatingFilterProxy.java:278)
	at org.apache.catalina.core.ApplicationFilterChain.internalDoFilter(ApplicationFilterChain.java:164)
	at org.apache.catalina.core.ApplicationFilterChain.doFilter(ApplicationFilterChain.java:140)
	at org.springframework.web.filter.RequestContextFilter.doFilterInternal(RequestContextFilter.java:100)
	at org.springframework.web.filter.OncePerRequestFilter.doFilter(OncePerRequestFilter.java:116)
	at org.apache.catalina.core.ApplicationFilterChain.internalDoFilter(ApplicationFilterChain.java:164)
	at org.apache.catalina.core.ApplicationFilterChain.doFilter(ApplicationFilterChain.java:140)
	at org.springframework.web.filter.FormContentFilter.doFilterInternal(FormContentFilter.java:93)
	at org.springframework.web.filter.OncePerRequestFilter.doFilter(OncePerRequestFilter.java:116)
	at org.apache.catalina.core.ApplicationFilterChain.internalDoFilter(ApplicationFilterChain.java:164)
	at org.apache.catalina.core.ApplicationFilterChain.doFilter(ApplicationFilterChain.java:140)
	at org.springframework.web.filter.CharacterEncodingFilter.doFilterInternal(CharacterEncodingFilter.java:201)
	at org.springframework.web.filter.OncePerRequestFilter.doFilter(OncePerRequestFilter.java:116)
	at org.apache.catalina.core.ApplicationFilterChain.internalDoFilter(ApplicationFilterChain.java:164)
	at org.apache.catalina.core.ApplicationFilterChain.doFilter(ApplicationFilterChain.java:140)
	at org.apache.catalina.core.StandardWrapperValve.invoke(StandardWrapperValve.java:167)
	at org.apache.catalina.core.StandardContextValve.invoke(StandardContextValve.java:90)
	at org.apache.catalina.authenticator.AuthenticatorBase.invoke(AuthenticatorBase.java:483)
	at org.apache.catalina.core.StandardHostValve.invoke(StandardHostValve.java:115)
	at org.apache.catalina.valves.ErrorReportValve.invoke(ErrorReportValve.java:93)
	at org.apache.catalina.core.StandardEngineValve.invoke(StandardEngineValve.java:74)
	at org.apache.catalina.connector.CoyoteAdapter.service(CoyoteAdapter.java:344)
	at org.apache.coyote.http11.Http11Processor.service(Http11Processor.java:384)
	at org.apache.coyote.AbstractProcessorLight.process(AbstractProcessorLight.java:63)
	at org.apache.coyote.AbstractProtocol$ConnectionHandler.process(AbstractProtocol.java:905)
	at org.apache.tomcat.util.net.NioEndpoint$SocketProcessor.doRun(NioEndpoint.java:1741)
	at org.apache.tomcat.util.net.SocketProcessorBase.run(SocketProcessorBase.java:52)
	at org.apache.tomcat.util.threads.ThreadPoolExecutor.runWorker(ThreadPoolExecutor.java:1190)
	at org.apache.tomcat.util.threads.ThreadPoolExecutor$Worker.run(ThreadPoolExecutor.java:659)
	at org.apache.tomcat.util.threads.TaskThread$WrappingRunnable.run(TaskThread.java:63)
	at java.base/java.lang.Thread.run(Thread.java:1575)
2026-06-29 20:25:41                      [restDemo]                      [http-nio-8001-exec-3]                      ERROR                      c.r.a.GlobalExceptionHandler                      - at com.restDemo.repositoryImpl.UserRepositoryImpl.getUsers(UserRepositoryImpl.java:19)
2026-06-29 20:25:41                      [restDemo]                      [http-nio-8001-exec-3]                      ERROR                      c.r.a.GlobalExceptionHandler                      - at com.restDemo.service.UserService.getAllUserDTO(UserService.java:74)
2026-06-29 20:25:41                      [restDemo]                      [http-nio-8001-exec-3]                      ERROR                      c.r.a.GlobalExceptionHandler                      - at com.restDemo.controller.UserController.getAllUsersDTO(UserController.java:66)
2026-06-29 20:25:41                      [restDemo]                      [http-nio-8001-exec-3]                      WARN                       o.s.w.s.m.m.a.ExceptionHandlerExceptionResolver                      - Resolved [org.springframework.jdbc.BadSqlGrammarException: StatementCallback; bad SQL grammar [SELECT * FROM users]]
2026-06-29 20:30:34                      [restDemo]                      [SpringApplicationShutdownHook]                      INFO                       o.s.o.j.LocalContainerEntityManagerFactoryBean                      - Closing JPA EntityManagerFactory for persistence unit 'default'
2026-06-29 20:30:34                      [restDemo]                      [SpringApplicationShutdownHook]                      WARN                       o.s.b.f.s.DisposableBeanAdapter                      - Invocation of destroy method failed on bean with name 'inMemoryDatabaseShutdownExecutor': org.h2.jdbc.JdbcSQLNonTransientConnectionException: Database is already closed (to disable automatic closing at VM shutdown, add ";DB_CLOSE_ON_EXIT=FALSE" to the db URL) [90121-224]
2026-06-29 20:30:34                      [restDemo]                      [SpringApplicationShutdownHook]                      INFO                       com.zaxxer.hikari.HikariDataSource                      - HikariPool-1 - Shutdown initiated...
2026-06-29 20:30:34                      [restDemo]                      [SpringApplicationShutdownHook]                      INFO                       com.zaxxer.hikari.HikariDataSource                      - HikariPool-1 - Shutdown completed.
2026-06-29 20:30:40                      [restDemo]                      [restartedMain]                      INFO                       com.restDemo.RestDemoApplication                      - Starting RestDemoApplication using Java 23 with PID 66239 (/home/logeshkumar/Desktop/practice/restDemo/target/classes started by logeshkumar in /home/logeshkumar/Desktop/practice/restDemo)
2026-06-29 20:30:40                      [restDemo]                      [restartedMain]                      INFO                       com.restDemo.RestDemoApplication                      - No active profile set, falling back to 1 default profile: "default"
2026-06-29 20:30:40                      [restDemo]                      [restartedMain]                      INFO                       o.s.b.d.e.DevToolsPropertyDefaultsPostProcessor                      - Devtools property defaults active! Set 'spring.devtools.add-properties' to 'false' to disable
2026-06-29 20:30:40                      [restDemo]                      [restartedMain]                      INFO                       o.s.b.d.e.DevToolsPropertyDefaultsPostProcessor                      - For additional web related logging consider setting the 'logging.level.web' property to 'DEBUG'
2026-06-29 20:30:42                      [restDemo]                      [restartedMain]                      INFO                       o.s.d.r.c.RepositoryConfigurationDelegate                      - Bootstrapping Spring Data JPA repositories in DEFAULT mode.
2026-06-29 20:30:42                      [restDemo]                      [restartedMain]                      INFO                       o.s.d.r.c.RepositoryConfigurationDelegate                      - Finished Spring Data repository scanning in 110 ms. Found 1 JPA repository interface.
2026-06-29 20:30:42                      [restDemo]                      [restartedMain]                      INFO                       o.s.b.w.e.tomcat.TomcatWebServer                      - Tomcat initialized with port 8001 (http)
2026-06-29 20:30:42                      [restDemo]                      [restartedMain]                      INFO                       o.a.coyote.http11.Http11NioProtocol                      - Initializing ProtocolHandler ["http-nio-8001"]
2026-06-29 20:30:42                      [restDemo]                      [restartedMain]                      INFO                       o.a.catalina.core.StandardService                      - Starting service [Tomcat]
2026-06-29 20:30:42                      [restDemo]                      [restartedMain]                      INFO                       o.a.catalina.core.StandardEngine                      - Starting Servlet engine: [Apache Tomcat/10.1.31]
2026-06-29 20:30:42                      [restDemo]                      [restartedMain]                      INFO                       o.a.c.c.C.[Tomcat].[localhost].[/]                      - Initializing Spring embedded WebApplicationContext
2026-06-29 20:30:42                      [restDemo]                      [restartedMain]                      INFO                       o.s.b.w.s.c.ServletWebServerApplicationContext                      - Root WebApplicationContext: initialization completed in 2320 ms
2026-06-29 20:30:43                      [restDemo]                      [restartedMain]                      INFO                       com.zaxxer.hikari.HikariDataSource                      - HikariPool-1 - Starting...
2026-06-29 20:30:43                      [restDemo]                      [restartedMain]                      INFO                       com.zaxxer.hikari.pool.HikariPool                      - HikariPool-1 - Added connection conn0: url=jdbc:h2:mem:testdb user=SA
2026-06-29 20:30:43                      [restDemo]                      [restartedMain]                      INFO                       com.zaxxer.hikari.HikariDataSource                      - HikariPool-1 - Start completed.
2026-06-29 20:30:43                      [restDemo]                      [restartedMain]                      INFO                       o.s.b.a.h.H2ConsoleAutoConfiguration                      - H2 console available at '/h2-console'. Database available at 'jdbc:h2:mem:testdb'
2026-06-29 20:30:43                      [restDemo]                      [restartedMain]                      INFO                       o.h.jpa.internal.util.LogHelper                      - HHH000204: Processing PersistenceUnitInfo [name: default]
2026-06-29 20:30:43                      [restDemo]                      [restartedMain]                      INFO                       org.hibernate.Version                      - HHH000412: Hibernate ORM core version 6.5.3.Final
2026-06-29 20:30:43                      [restDemo]                      [restartedMain]                      INFO                       o.h.c.i.RegionFactoryInitiator                      - HHH000026: Second-level cache disabled
2026-06-29 20:30:44                      [restDemo]                      [restartedMain]                      INFO                       o.s.o.j.p.SpringPersistenceUnitInfo                      - No LoadTimeWeaver setup: ignoring JPA class transformer
2026-06-29 20:30:44                      [restDemo]                      [restartedMain]                      WARN                       org.hibernate.orm.deprecation                      - HHH90000025: H2Dialect does not need to be specified explicitly using 'hibernate.dialect' (remove the property setting and it will be selected by default)
2026-06-29 20:30:44                      [restDemo]                      [restartedMain]                      INFO                       o.h.e.t.j.p.i.JtaPlatformInitiator                      - HHH000489: No JTA platform available (set 'hibernate.transaction.jta.platform' to enable JTA platform integration)
2026-06-29 20:30:44                      [restDemo]                      [restartedMain]                      DEBUG                      org.hibernate.SQL                      - create table users (id bigint generated by default as identity, created_at bigint, created_by bigint, created_date timestamp(6), updated_at bigint, updated_by bigint, updated_date timestamp(6), city varchar(255), email_id varchar(255), mobile_no varchar(255), name varchar(255), password varchar(255), user_id varchar(255), user_name varchar(255), primary key (id))
2026-06-29 20:30:44                      [restDemo]                      [restartedMain]                      INFO                       o.s.o.j.LocalContainerEntityManagerFactoryBean                      - Initialized JPA EntityManagerFactory for persistence unit 'default'
2026-06-29 20:30:45                      [restDemo]                      [restartedMain]                      WARN                       o.s.b.a.o.j.JpaBaseConfiguration$JpaWebConfiguration                      - spring.jpa.open-in-view is enabled by default. Therefore, database queries may be performed during view rendering. Explicitly configure spring.jpa.open-in-view to disable this warning
2026-06-29 20:30:45                      [restDemo]                      [restartedMain]                      WARN                       o.s.b.a.s.s.UserDetailsServiceAutoConfiguration                      - 

Using generated security password: adcba07a-b6cb-4fa0-a14a-7f3e1d691ea6

This generated password is for development use only. Your security configuration must be updated before running your application in production.

2026-06-29 20:30:45                      [restDemo]                      [restartedMain]                      INFO                       o.s.s.c.a.a.c.InitializeUserDetailsBeanManagerConfigurer$InitializeUserDetailsManagerConfigurer                      - Global AuthenticationManager configured with UserDetailsService bean with name inMemoryUserDetailsManager
2026-06-29 20:30:46                      [restDemo]                      [restartedMain]                      INFO                       o.s.b.d.a.OptionalLiveReloadServer                      - LiveReload server is running on port 35729
2026-06-29 20:30:46                      [restDemo]                      [restartedMain]                      INFO                       o.a.coyote.http11.Http11NioProtocol                      - Starting ProtocolHandler ["http-nio-8001"]
2026-06-29 20:30:46                      [restDemo]                      [restartedMain]                      INFO                       o.s.b.w.e.tomcat.TomcatWebServer                      - Tomcat started on port 8001 (http) with context path '/'
2026-06-29 20:30:46                      [restDemo]                      [restartedMain]                      INFO                       com.restDemo.RestDemoApplication                      - Started RestDemoApplication in 6.456 seconds (process running for 7.171)
2026-06-29 20:30:49                      [restDemo]                      [http-nio-8001-exec-1]                      INFO                       o.a.c.c.C.[Tomcat].[localhost].[/]                      - Initializing Spring DispatcherServlet 'dispatcherServlet'
2026-06-29 20:30:49                      [restDemo]                      [http-nio-8001-exec-1]                      INFO                       o.s.web.servlet.DispatcherServlet                      - Initializing Servlet 'dispatcherServlet'
2026-06-29 20:30:50                      [restDemo]                      [http-nio-8001-exec-1]                      INFO                       o.s.web.servlet.DispatcherServlet                      - Completed initialization in 2 ms
2026-06-29 20:30:50                      [restDemo]                      [http-nio-8001-exec-1]                      ERROR                      c.r.a.GlobalExceptionHandler                      - Exception while processing request
2026-06-29 20:30:50                      [restDemo]                      [http-nio-8001-exec-1]                      WARN                       o.s.w.s.m.m.a.ExceptionHandlerExceptionResolver                      - Resolved [java.lang.NumberFormatException: Cannot parse null string]
2026-06-29 20:31:16                      [restDemo]                      [http-nio-8001-exec-3]                      DEBUG                      org.hibernate.SQL                      - select u1_0.id,u1_0.city,u1_0.created_at,u1_0.created_by,u1_0.created_date,u1_0.email_id,u1_0.mobile_no,u1_0.name,u1_0.password,u1_0.updated_at,u1_0.updated_by,u1_0.updated_date,u1_0.user_id,u1_0.user_name from users u1_0 where u1_0.user_name=?
2026-06-29 20:31:16                      [restDemo]                      [http-nio-8001-exec-3]                      DEBUG                      org.hibernate.SQL                      - select u1_0.id from users u1_0 where u1_0.email_id=? fetch first ? rows only
2026-06-29 20:31:16                      [restDemo]                      [http-nio-8001-exec-3]                      DEBUG                      org.hibernate.SQL                      - insert into users (city,created_at,created_by,created_date,email_id,mobile_no,name,password,updated_at,updated_by,updated_date,user_id,user_name,id) values (?,?,?,?,?,?,?,?,?,?,?,?,?,default)
2026-06-29 20:31:24                      [restDemo]                      [http-nio-8001-exec-5]                      ERROR                      c.r.a.GlobalExceptionHandler                      - Exception while processing request
org.h2.jdbc.JdbcSQLSyntaxErrorException: Column "updated_by_d" not found [42122-224]
	at org.h2.message.DbException.getJdbcSQLException(DbException.java:514)
	at org.h2.message.DbException.getJdbcSQLException(DbException.java:489)
	at org.h2.message.DbException.get(DbException.java:223)
	at org.h2.message.DbException.get(DbException.java:199)
	at org.h2.jdbc.JdbcResultSet.getColumnIndex(JdbcResultSet.java:3492)
	at org.h2.jdbc.JdbcResultSet.getLong(JdbcResultSet.java:745)
	at com.zaxxer.hikari.pool.HikariProxyResultSet.getLong(HikariProxyResultSet.java)
	at com.restDemo.mapper.UserMapper.mapRow(UserMapper.java:25)
	at com.restDemo.mapper.UserMapper.mapRow(UserMapper.java:10)
	at org.springframework.jdbc.core.RowMapperResultSetExtractor.extractData(RowMapperResultSetExtractor.java:94)
	at org.springframework.jdbc.core.RowMapperResultSetExtractor.extractData(RowMapperResultSetExtractor.java:61)
	at org.springframework.jdbc.core.JdbcTemplate$1QueryStatementCallback.doInStatement(JdbcTemplate.java:464)
	at org.springframework.jdbc.core.JdbcTemplate.execute(JdbcTemplate.java:393)
	at org.springframework.jdbc.core.JdbcTemplate.query(JdbcTemplate.java:476)
	at org.springframework.jdbc.core.JdbcTemplate.query(JdbcTemplate.java:486)
	at com.restDemo.repositoryImpl.UserRepositoryImpl.getUsers(UserRepositoryImpl.java:19)
	at com.restDemo.service.UserService.getAllUserDTO(UserService.java:75)
	at com.restDemo.controller.UserController.getAllUsersDTO(UserController.java:66)
	at java.base/jdk.internal.reflect.DirectMethodHandleAccessor.invoke(DirectMethodHandleAccessor.java:103)
	at java.base/java.lang.reflect.Method.invoke(Method.java:580)
	at org.springframework.web.method.support.InvocableHandlerMethod.doInvoke(InvocableHandlerMethod.java:255)
	at org.springframework.web.method.support.InvocableHandlerMethod.invokeForRequest(InvocableHandlerMethod.java:188)
	at org.springframework.web.servlet.mvc.method.annotation.ServletInvocableHandlerMethod.invokeAndHandle(ServletInvocableHandlerMethod.java:118)
	at org.springframework.web.servlet.mvc.method.annotation.RequestMappingHandlerAdapter.invokeHandlerMethod(RequestMappingHandlerAdapter.java:926)
	at org.springframework.web.servlet.mvc.method.annotation.RequestMappingHandlerAdapter.handleInternal(RequestMappingHandlerAdapter.java:831)
	at org.springframework.web.servlet.mvc.method.AbstractHandlerMethodAdapter.handle(AbstractHandlerMethodAdapter.java:87)
	at org.springframework.web.servlet.DispatcherServlet.doDispatch(DispatcherServlet.java:1089)
	at org.springframework.web.servlet.DispatcherServlet.doService(DispatcherServlet.java:979)
	at org.springframework.web.servlet.FrameworkServlet.processRequest(FrameworkServlet.java:1014)
	at org.springframework.web.servlet.FrameworkServlet.doGet(FrameworkServlet.java:903)
	at jakarta.servlet.http.HttpServlet.service(HttpServlet.java:564)
	at org.springframework.web.servlet.FrameworkServlet.service(FrameworkServlet.java:885)
	at jakarta.servlet.http.HttpServlet.service(HttpServlet.java:658)
	at org.apache.catalina.core.ApplicationFilterChain.internalDoFilter(ApplicationFilterChain.java:195)
	at org.apache.catalina.core.ApplicationFilterChain.doFilter(ApplicationFilterChain.java:140)
	at org.apache.tomcat.websocket.server.WsFilter.doFilter(WsFilter.java:51)
	at org.apache.catalina.core.ApplicationFilterChain.internalDoFilter(ApplicationFilterChain.java:164)
	at org.apache.catalina.core.ApplicationFilterChain.doFilter(ApplicationFilterChain.java:140)
	at org.springframework.web.filter.CompositeFilter$VirtualFilterChain.doFilter(CompositeFilter.java:108)
	at org.springframework.security.web.FilterChainProxy.lambda$doFilterInternal$3(FilterChainProxy.java:231)
	at org.springframework.security.web.FilterChainProxy$VirtualFilterChain.doFilter(FilterChainProxy.java:365)
	at org.springframework.security.web.access.intercept.AuthorizationFilter.doFilter(AuthorizationFilter.java:100)
	at org.springframework.security.web.FilterChainProxy$VirtualFilterChain.doFilter(FilterChainProxy.java:374)
	at org.springframework.security.web.access.ExceptionTranslationFilter.doFilter(ExceptionTranslationFilter.java:126)
	at org.springframework.security.web.access.ExceptionTranslationFilter.doFilter(ExceptionTranslationFilter.java:120)
	at org.springframework.security.web.FilterChainProxy$VirtualFilterChain.doFilter(FilterChainProxy.java:374)
	at org.springframework.security.web.authentication.AnonymousAuthenticationFilter.doFilter(AnonymousAuthenticationFilter.java:100)
	at org.springframework.security.web.FilterChainProxy$VirtualFilterChain.doFilter(FilterChainProxy.java:374)
	at org.springframework.security.web.servletapi.SecurityContextHolderAwareRequestFilter.doFilter(SecurityContextHolderAwareRequestFilter.java:179)
	at org.springframework.security.web.FilterChainProxy$VirtualFilterChain.doFilter(FilterChainProxy.java:374)
	at org.springframework.security.web.savedrequest.RequestCacheAwareFilter.doFilter(RequestCacheAwareFilter.java:63)
	at org.springframework.security.web.FilterChainProxy$VirtualFilterChain.doFilter(FilterChainProxy.java:374)
	at org.springframework.security.web.authentication.logout.LogoutFilter.doFilter(LogoutFilter.java:107)
	at org.springframework.security.web.authentication.logout.LogoutFilter.doFilter(LogoutFilter.java:93)
	at org.springframework.security.web.FilterChainProxy$VirtualFilterChain.doFilter(FilterChainProxy.java:374)
	at org.springframework.security.web.header.HeaderWriterFilter.doHeadersAfter(HeaderWriterFilter.java:90)
	at org.springframework.security.web.header.HeaderWriterFilter.doFilterInternal(HeaderWriterFilter.java:75)
	at org.springframework.web.filter.OncePerRequestFilter.doFilter(OncePerRequestFilter.java:116)
	at org.springframework.security.web.FilterChainProxy$VirtualFilterChain.doFilter(FilterChainProxy.java:374)
	at org.springframework.security.web.context.SecurityContextHolderFilter.doFilter(SecurityContextHolderFilter.java:82)
	at org.springframework.security.web.context.SecurityContextHolderFilter.doFilter(SecurityContextHolderFilter.java:69)
	at org.springframework.security.web.FilterChainProxy$VirtualFilterChain.doFilter(FilterChainProxy.java:374)
	at org.springframework.security.web.context.request.async.WebAsyncManagerIntegrationFilter.doFilterInternal(WebAsyncManagerIntegrationFilter.java:62)
	at org.springframework.web.filter.OncePerRequestFilter.doFilter(OncePerRequestFilter.java:116)
	at org.springframework.security.web.FilterChainProxy$VirtualFilterChain.doFilter(FilterChainProxy.java:374)
	at org.springframework.security.web.session.DisableEncodeUrlFilter.doFilterInternal(DisableEncodeUrlFilter.java:42)
	at org.springframework.web.filter.OncePerRequestFilter.doFilter(OncePerRequestFilter.java:116)
	at org.springframework.security.web.FilterChainProxy$VirtualFilterChain.doFilter(FilterChainProxy.java:374)
	at org.springframework.security.web.FilterChainProxy.doFilterInternal(FilterChainProxy.java:233)
	at org.springframework.security.web.FilterChainProxy.doFilter(FilterChainProxy.java:191)
	at org.springframework.web.filter.CompositeFilter$VirtualFilterChain.doFilter(CompositeFilter.java:113)
	at org.springframework.web.servlet.handler.HandlerMappingIntrospector.lambda$createCacheFilter$3(HandlerMappingIntrospector.java:195)
	at org.springframework.web.filter.CompositeFilter$VirtualFilterChain.doFilter(CompositeFilter.java:113)
	at org.springframework.web.filter.CompositeFilter.doFilter(CompositeFilter.java:74)
	at org.springframework.security.config.annotation.web.configuration.WebMvcSecurityConfiguration$CompositeFilterChainProxy.doFilter(WebMvcSecurityConfiguration.java:230)
	at org.springframework.web.filter.DelegatingFilterProxy.invokeDelegate(DelegatingFilterProxy.java:362)
	at org.springframework.web.filter.DelegatingFilterProxy.doFilter(DelegatingFilterProxy.java:278)
	at org.apache.catalina.core.ApplicationFilterChain.internalDoFilter(ApplicationFilterChain.java:164)
	at org.apache.catalina.core.ApplicationFilterChain.doFilter(ApplicationFilterChain.java:140)
	at org.springframework.web.filter.RequestContextFilter.doFilterInternal(RequestContextFilter.java:100)
	at org.springframework.web.filter.OncePerRequestFilter.doFilter(OncePerRequestFilter.java:116)
	at org.apache.catalina.core.ApplicationFilterChain.internalDoFilter(ApplicationFilterChain.java:164)
	at org.apache.catalina.core.ApplicationFilterChain.doFilter(ApplicationFilterChain.java:140)
	at org.springframework.web.filter.FormContentFilter.doFilterInternal(FormContentFilter.java:93)
	at org.springframework.web.filter.OncePerRequestFilter.doFilter(OncePerRequestFilter.java:116)
	at org.apache.catalina.core.ApplicationFilterChain.internalDoFilter(ApplicationFilterChain.java:164)
	at org.apache.catalina.core.ApplicationFilterChain.doFilter(ApplicationFilterChain.java:140)
	at org.springframework.web.filter.CharacterEncodingFilter.doFilterInternal(CharacterEncodingFilter.java:201)
	at org.springframework.web.filter.OncePerRequestFilter.doFilter(OncePerRequestFilter.java:116)
	at org.apache.catalina.core.ApplicationFilterChain.internalDoFilter(ApplicationFilterChain.java:164)
	at org.apache.catalina.core.ApplicationFilterChain.doFilter(ApplicationFilterChain.java:140)
	at org.apache.catalina.core.StandardWrapperValve.invoke(StandardWrapperValve.java:167)
	at org.apache.catalina.core.StandardContextValve.invoke(StandardContextValve.java:90)
	at org.apache.catalina.authenticator.AuthenticatorBase.invoke(AuthenticatorBase.java:483)
	at org.apache.catalina.core.StandardHostValve.invoke(StandardHostValve.java:115)
	at org.apache.catalina.valves.ErrorReportValve.invoke(ErrorReportValve.java:93)
	at org.apache.catalina.core.StandardEngineValve.invoke(StandardEngineValve.java:74)
	at org.apache.catalina.connector.CoyoteAdapter.service(CoyoteAdapter.java:344)
	at org.apache.coyote.http11.Http11Processor.service(Http11Processor.java:384)
	at org.apache.coyote.AbstractProcessorLight.process(AbstractProcessorLight.java:63)
	at org.apache.coyote.AbstractProtocol$ConnectionHandler.process(AbstractProtocol.java:905)
	at org.apache.tomcat.util.net.NioEndpoint$SocketProcessor.doRun(NioEndpoint.java:1741)
	at org.apache.tomcat.util.net.SocketProcessorBase.run(SocketProcessorBase.java:52)
	at org.apache.tomcat.util.threads.ThreadPoolExecutor.runWorker(ThreadPoolExecutor.java:1190)
	at org.apache.tomcat.util.threads.ThreadPoolExecutor$Worker.run(ThreadPoolExecutor.java:659)
	at org.apache.tomcat.util.threads.TaskThread$WrappingRunnable.run(TaskThread.java:63)
	at java.base/java.lang.Thread.run(Thread.java:1575)
2026-06-29 20:31:24                      [restDemo]                      [http-nio-8001-exec-5]                      WARN                       o.s.w.s.m.m.a.ExceptionHandlerExceptionResolver                      - Resolved [org.springframework.jdbc.BadSqlGrammarException: StatementCallback; bad SQL grammar [SELECT * FROM users]]
2026-06-29 20:31:41                      [restDemo]                      [http-nio-8001-exec-7]                      DEBUG                      org.hibernate.SQL                      - select u1_0.id,u1_0.city,u1_0.created_at,u1_0.created_by,u1_0.created_date,u1_0.email_id,u1_0.mobile_no,u1_0.name,u1_0.password,u1_0.updated_at,u1_0.updated_by,u1_0.updated_date,u1_0.user_id,u1_0.user_name from users u1_0 where u1_0.user_name=?
2026-06-29 20:31:41                      [restDemo]                      [http-nio-8001-exec-7]                      DEBUG                      org.hibernate.SQL                      - select u1_0.id from users u1_0 where u1_0.email_id=? fetch first ? rows only
2026-06-29 20:31:41                      [restDemo]                      [http-nio-8001-exec-7]                      ERROR                      c.r.a.GlobalExceptionHandler                      - Exception while processing request
java.lang.IllegalStateException: Email id Already Exist
	at com.restDemo.service.UserService.insert(UserService.java:37)
	at com.restDemo.controller.UserController.insert(UserController.java:41)
	at java.base/jdk.internal.reflect.DirectMethodHandleAccessor.invoke(DirectMethodHandleAccessor.java:103)
	at java.base/java.lang.reflect.Method.invoke(Method.java:580)
	at org.springframework.web.method.support.InvocableHandlerMethod.doInvoke(InvocableHandlerMethod.java:255)
	at org.springframework.web.method.support.InvocableHandlerMethod.invokeForRequest(InvocableHandlerMethod.java:188)
	at org.springframework.web.servlet.mvc.method.annotation.ServletInvocableHandlerMethod.invokeAndHandle(ServletInvocableHandlerMethod.java:118)
	at org.springframework.web.servlet.mvc.method.annotation.RequestMappingHandlerAdapter.invokeHandlerMethod(RequestMappingHandlerAdapter.java:926)
	at org.springframework.web.servlet.mvc.method.annotation.RequestMappingHandlerAdapter.handleInternal(RequestMappingHandlerAdapter.java:831)
	at org.springframework.web.servlet.mvc.method.AbstractHandlerMethodAdapter.handle(AbstractHandlerMethodAdapter.java:87)
	at org.springframework.web.servlet.DispatcherServlet.doDispatch(DispatcherServlet.java:1089)
	at org.springframework.web.servlet.DispatcherServlet.doService(DispatcherServlet.java:979)
	at org.springframework.web.servlet.FrameworkServlet.processRequest(FrameworkServlet.java:1014)
	at org.springframework.web.servlet.FrameworkServlet.doPost(FrameworkServlet.java:914)
	at jakarta.servlet.http.HttpServlet.service(HttpServlet.java:590)
	at org.springframework.web.servlet.FrameworkServlet.service(FrameworkServlet.java:885)
	at jakarta.servlet.http.HttpServlet.service(HttpServlet.java:658)
	at org.apache.catalina.core.ApplicationFilterChain.internalDoFilter(ApplicationFilterChain.java:195)
	at org.apache.catalina.core.ApplicationFilterChain.doFilter(ApplicationFilterChain.java:140)
	at org.apache.tomcat.websocket.server.WsFilter.doFilter(WsFilter.java:51)
	at org.apache.catalina.core.ApplicationFilterChain.internalDoFilter(ApplicationFilterChain.java:164)
	at org.apache.catalina.core.ApplicationFilterChain.doFilter(ApplicationFilterChain.java:140)
	at org.springframework.web.filter.CompositeFilter$VirtualFilterChain.doFilter(CompositeFilter.java:108)
	at org.springframework.security.web.FilterChainProxy.lambda$doFilterInternal$3(FilterChainProxy.java:231)
	at org.springframework.security.web.FilterChainProxy$VirtualFilterChain.doFilter(FilterChainProxy.java:365)
	at org.springframework.security.web.access.intercept.AuthorizationFilter.doFilter(AuthorizationFilter.java:100)
	at org.springframework.security.web.FilterChainProxy$VirtualFilterChain.doFilter(FilterChainProxy.java:374)
	at org.springframework.security.web.access.ExceptionTranslationFilter.doFilter(ExceptionTranslationFilter.java:126)
	at org.springframework.security.web.access.ExceptionTranslationFilter.doFilter(ExceptionTranslationFilter.java:120)
	at org.springframework.security.web.FilterChainProxy$VirtualFilterChain.doFilter(FilterChainProxy.java:374)
	at org.springframework.security.web.authentication.AnonymousAuthenticationFilter.doFilter(AnonymousAuthenticationFilter.java:100)
	at org.springframework.security.web.FilterChainProxy$VirtualFilterChain.doFilter(FilterChainProxy.java:374)
	at org.springframework.security.web.servletapi.SecurityContextHolderAwareRequestFilter.doFilter(SecurityContextHolderAwareRequestFilter.java:179)
	at org.springframework.security.web.FilterChainProxy$VirtualFilterChain.doFilter(FilterChainProxy.java:374)
	at org.springframework.security.web.savedrequest.RequestCacheAwareFilter.doFilter(RequestCacheAwareFilter.java:63)
	at org.springframework.security.web.FilterChainProxy$VirtualFilterChain.doFilter(FilterChainProxy.java:374)
	at org.springframework.security.web.authentication.logout.LogoutFilter.doFilter(LogoutFilter.java:107)
	at org.springframework.security.web.authentication.logout.LogoutFilter.doFilter(LogoutFilter.java:93)
	at org.springframework.security.web.FilterChainProxy$VirtualFilterChain.doFilter(FilterChainProxy.java:374)
	at org.springframework.security.web.header.HeaderWriterFilter.doHeadersAfter(HeaderWriterFilter.java:90)
	at org.springframework.security.web.header.HeaderWriterFilter.doFilterInternal(HeaderWriterFilter.java:75)
	at org.springframework.web.filter.OncePerRequestFilter.doFilter(OncePerRequestFilter.java:116)
	at org.springframework.security.web.FilterChainProxy$VirtualFilterChain.doFilter(FilterChainProxy.java:374)
	at org.springframework.security.web.context.SecurityContextHolderFilter.doFilter(SecurityContextHolderFilter.java:82)
	at org.springframework.security.web.context.SecurityContextHolderFilter.doFilter(SecurityContextHolderFilter.java:69)
	at org.springframework.security.web.FilterChainProxy$VirtualFilterChain.doFilter(FilterChainProxy.java:374)
	at org.springframework.security.web.context.request.async.WebAsyncManagerIntegrationFilter.doFilterInternal(WebAsyncManagerIntegrationFilter.java:62)
	at org.springframework.web.filter.OncePerRequestFilter.doFilter(OncePerRequestFilter.java:116)
	at org.springframework.security.web.FilterChainProxy$VirtualFilterChain.doFilter(FilterChainProxy.java:374)
	at org.springframework.security.web.session.DisableEncodeUrlFilter.doFilterInternal(DisableEncodeUrlFilter.java:42)
	at org.springframework.web.filter.OncePerRequestFilter.doFilter(OncePerRequestFilter.java:116)
	at org.springframework.security.web.FilterChainProxy$VirtualFilterChain.doFilter(FilterChainProxy.java:374)
	at org.springframework.security.web.FilterChainProxy.doFilterInternal(FilterChainProxy.java:233)
	at org.springframework.security.web.FilterChainProxy.doFilter(FilterChainProxy.java:191)
	at org.springframework.web.filter.CompositeFilter$VirtualFilterChain.doFilter(CompositeFilter.java:113)
	at org.springframework.web.servlet.handler.HandlerMappingIntrospector.lambda$createCacheFilter$3(HandlerMappingIntrospector.java:195)
	at org.springframework.web.filter.CompositeFilter$VirtualFilterChain.doFilter(CompositeFilter.java:113)
	at org.springframework.web.filter.CompositeFilter.doFilter(CompositeFilter.java:74)
	at org.springframework.security.config.annotation.web.configuration.WebMvcSecurityConfiguration$CompositeFilterChainProxy.doFilter(WebMvcSecurityConfiguration.java:230)
	at org.springframework.web.filter.DelegatingFilterProxy.invokeDelegate(DelegatingFilterProxy.java:362)
	at org.springframework.web.filter.DelegatingFilterProxy.doFilter(DelegatingFilterProxy.java:278)
	at org.apache.catalina.core.ApplicationFilterChain.internalDoFilter(ApplicationFilterChain.java:164)
	at org.apache.catalina.core.ApplicationFilterChain.doFilter(ApplicationFilterChain.java:140)
	at org.springframework.web.filter.RequestContextFilter.doFilterInternal(RequestContextFilter.java:100)
	at org.springframework.web.filter.OncePerRequestFilter.doFilter(OncePerRequestFilter.java:116)
	at org.apache.catalina.core.ApplicationFilterChain.internalDoFilter(ApplicationFilterChain.java:164)
	at org.apache.catalina.core.ApplicationFilterChain.doFilter(ApplicationFilterChain.java:140)
	at org.springframework.web.filter.FormContentFilter.doFilterInternal(FormContentFilter.java:93)
	at org.springframework.web.filter.OncePerRequestFilter.doFilter(OncePerRequestFilter.java:116)
	at org.apache.catalina.core.ApplicationFilterChain.internalDoFilter(ApplicationFilterChain.java:164)
	at org.apache.catalina.core.ApplicationFilterChain.doFilter(ApplicationFilterChain.java:140)
	at org.springframework.web.filter.CharacterEncodingFilter.doFilterInternal(CharacterEncodingFilter.java:201)
	at org.springframework.web.filter.OncePerRequestFilter.doFilter(OncePerRequestFilter.java:116)
	at org.apache.catalina.core.ApplicationFilterChain.internalDoFilter(ApplicationFilterChain.java:164)
	at org.apache.catalina.core.ApplicationFilterChain.doFilter(ApplicationFilterChain.java:140)
	at org.apache.catalina.core.StandardWrapperValve.invoke(StandardWrapperValve.java:167)
	at org.apache.catalina.core.StandardContextValve.invoke(StandardContextValve.java:90)
	at org.apache.catalina.authenticator.AuthenticatorBase.invoke(AuthenticatorBase.java:483)
	at org.apache.catalina.core.StandardHostValve.invoke(StandardHostValve.java:115)
	at org.apache.catalina.valves.ErrorReportValve.invoke(ErrorReportValve.java:93)
	at org.apache.catalina.core.StandardEngineValve.invoke(StandardEngineValve.java:74)
	at org.apache.catalina.connector.CoyoteAdapter.service(CoyoteAdapter.java:344)
	at org.apache.coyote.http11.Http11Processor.service(Http11Processor.java:384)
	at org.apache.coyote.AbstractProcessorLight.process(AbstractProcessorLight.java:63)
	at org.apache.coyote.AbstractProtocol$ConnectionHandler.process(AbstractProtocol.java:905)
	at org.apache.tomcat.util.net.NioEndpoint$SocketProcessor.doRun(NioEndpoint.java:1741)
	at org.apache.tomcat.util.net.SocketProcessorBase.run(SocketProcessorBase.java:52)
	at org.apache.tomcat.util.threads.ThreadPoolExecutor.runWorker(ThreadPoolExecutor.java:1190)
	at org.apache.tomcat.util.threads.ThreadPoolExecutor$Worker.run(ThreadPoolExecutor.java:659)
	at org.apache.tomcat.util.threads.TaskThread$WrappingRunnable.run(TaskThread.java:63)
	at java.base/java.lang.Thread.run(Thread.java:1575)
2026-06-29 20:31:41                      [restDemo]                      [http-nio-8001-exec-7]                      WARN                       o.s.w.s.m.m.a.ExceptionHandlerExceptionResolver                      - Resolved [com.restDemo.apiexceptions.ApiException: java.lang.IllegalStateException: Email id Already Exist]
2026-06-29 20:32:40                      [restDemo]                      [SpringApplicationShutdownHook]                      INFO                       o.s.o.j.LocalContainerEntityManagerFactoryBean                      - Closing JPA EntityManagerFactory for persistence unit 'default'
2026-06-29 20:32:40                      [restDemo]                      [SpringApplicationShutdownHook]                      WARN                       o.s.b.f.s.DisposableBeanAdapter                      - Invocation of destroy method failed on bean with name 'inMemoryDatabaseShutdownExecutor': org.h2.jdbc.JdbcSQLNonTransientConnectionException: Database is already closed (to disable automatic closing at VM shutdown, add ";DB_CLOSE_ON_EXIT=FALSE" to the db URL) [90121-224]
2026-06-29 20:32:40                      [restDemo]                      [SpringApplicationShutdownHook]                      INFO                       com.zaxxer.hikari.HikariDataSource                      - HikariPool-1 - Shutdown initiated...
2026-06-29 20:32:40                      [restDemo]                      [SpringApplicationShutdownHook]                      INFO                       com.zaxxer.hikari.HikariDataSource                      - HikariPool-1 - Shutdown completed.
2026-06-29 20:32:44                      [restDemo]                      [restartedMain]                      INFO                       com.restDemo.RestDemoApplication                      - Starting RestDemoApplication using Java 23 with PID 66539 (/home/logeshkumar/Desktop/practice/restDemo/target/classes started by logeshkumar in /home/logeshkumar/Desktop/practice/restDemo)
2026-06-29 20:32:44                      [restDemo]                      [restartedMain]                      INFO                       com.restDemo.RestDemoApplication                      - No active profile set, falling back to 1 default profile: "default"
2026-06-29 20:32:44                      [restDemo]                      [restartedMain]                      INFO                       o.s.b.d.e.DevToolsPropertyDefaultsPostProcessor                      - Devtools property defaults active! Set 'spring.devtools.add-properties' to 'false' to disable
2026-06-29 20:32:44                      [restDemo]                      [restartedMain]                      INFO                       o.s.b.d.e.DevToolsPropertyDefaultsPostProcessor                      - For additional web related logging consider setting the 'logging.level.web' property to 'DEBUG'
2026-06-29 20:32:45                      [restDemo]                      [restartedMain]                      INFO                       o.s.d.r.c.RepositoryConfigurationDelegate                      - Bootstrapping Spring Data JPA repositories in DEFAULT mode.
2026-06-29 20:32:45                      [restDemo]                      [restartedMain]                      INFO                       o.s.d.r.c.RepositoryConfigurationDelegate                      - Finished Spring Data repository scanning in 55 ms. Found 1 JPA repository interface.
2026-06-29 20:32:46                      [restDemo]                      [restartedMain]                      INFO                       o.s.b.w.e.tomcat.TomcatWebServer                      - Tomcat initialized with port 8001 (http)
2026-06-29 20:32:46                      [restDemo]                      [restartedMain]                      INFO                       o.a.coyote.http11.Http11NioProtocol                      - Initializing ProtocolHandler ["http-nio-8001"]
2026-06-29 20:32:46                      [restDemo]                      [restartedMain]                      INFO                       o.a.catalina.core.StandardService                      - Starting service [Tomcat]
2026-06-29 20:32:46                      [restDemo]                      [restartedMain]                      INFO                       o.a.catalina.core.StandardEngine                      - Starting Servlet engine: [Apache Tomcat/10.1.31]
2026-06-29 20:32:46                      [restDemo]                      [restartedMain]                      INFO                       o.a.c.c.C.[Tomcat].[localhost].[/]                      - Initializing Spring embedded WebApplicationContext
2026-06-29 20:32:46                      [restDemo]                      [restartedMain]                      INFO                       o.s.b.w.s.c.ServletWebServerApplicationContext                      - Root WebApplicationContext: initialization completed in 1562 ms
2026-06-29 20:32:46                      [restDemo]                      [restartedMain]                      INFO                       com.zaxxer.hikari.HikariDataSource                      - HikariPool-1 - Starting...
2026-06-29 20:32:46                      [restDemo]                      [restartedMain]                      INFO                       com.zaxxer.hikari.pool.HikariPool                      - HikariPool-1 - Added connection conn0: url=jdbc:h2:mem:testdb user=SA
2026-06-29 20:32:46                      [restDemo]                      [restartedMain]                      INFO                       com.zaxxer.hikari.HikariDataSource                      - HikariPool-1 - Start completed.
2026-06-29 20:32:46                      [restDemo]                      [restartedMain]                      INFO                       o.s.b.a.h.H2ConsoleAutoConfiguration                      - H2 console available at '/h2-console'. Database available at 'jdbc:h2:mem:testdb'
2026-06-29 20:32:46                      [restDemo]                      [restartedMain]                      INFO                       o.h.jpa.internal.util.LogHelper                      - HHH000204: Processing PersistenceUnitInfo [name: default]
2026-06-29 20:32:46                      [restDemo]                      [restartedMain]                      INFO                       org.hibernate.Version                      - HHH000412: Hibernate ORM core version 6.5.3.Final
2026-06-29 20:32:46                      [restDemo]                      [restartedMain]                      INFO                       o.h.c.i.RegionFactoryInitiator                      - HHH000026: Second-level cache disabled
2026-06-29 20:32:46                      [restDemo]                      [restartedMain]                      INFO                       o.s.o.j.p.SpringPersistenceUnitInfo                      - No LoadTimeWeaver setup: ignoring JPA class transformer
2026-06-29 20:32:46                      [restDemo]                      [restartedMain]                      WARN                       org.hibernate.orm.deprecation                      - HHH90000025: H2Dialect does not need to be specified explicitly using 'hibernate.dialect' (remove the property setting and it will be selected by default)
2026-06-29 20:32:47                      [restDemo]                      [restartedMain]                      INFO                       o.h.e.t.j.p.i.JtaPlatformInitiator                      - HHH000489: No JTA platform available (set 'hibernate.transaction.jta.platform' to enable JTA platform integration)
2026-06-29 20:32:47                      [restDemo]                      [restartedMain]                      DEBUG                      org.hibernate.SQL                      - create table users (id bigint generated by default as identity, created_at bigint, created_by bigint, created_date timestamp(6), updated_at bigint, updated_by bigint, updated_date timestamp(6), city varchar(255), email_id varchar(255), mobile_no varchar(255), name varchar(255), password varchar(255), user_id varchar(255), user_name varchar(255), primary key (id))
2026-06-29 20:32:47                      [restDemo]                      [restartedMain]                      INFO                       o.s.o.j.LocalContainerEntityManagerFactoryBean                      - Initialized JPA EntityManagerFactory for persistence unit 'default'
2026-06-29 20:32:48                      [restDemo]                      [restartedMain]                      WARN                       o.s.b.a.o.j.JpaBaseConfiguration$JpaWebConfiguration                      - spring.jpa.open-in-view is enabled by default. Therefore, database queries may be performed during view rendering. Explicitly configure spring.jpa.open-in-view to disable this warning
2026-06-29 20:32:48                      [restDemo]                      [restartedMain]                      WARN                       o.s.b.a.s.s.UserDetailsServiceAutoConfiguration                      - 

Using generated security password: 64c341d5-b031-4815-a717-cb81093e918c

This generated password is for development use only. Your security configuration must be updated before running your application in production.

2026-06-29 20:32:48                      [restDemo]                      [restartedMain]                      INFO                       o.s.s.c.a.a.c.InitializeUserDetailsBeanManagerConfigurer$InitializeUserDetailsManagerConfigurer                      - Global AuthenticationManager configured with UserDetailsService bean with name inMemoryUserDetailsManager
2026-06-29 20:32:48                      [restDemo]                      [restartedMain]                      INFO                       o.s.b.d.a.OptionalLiveReloadServer                      - LiveReload server is running on port 35729
2026-06-29 20:32:48                      [restDemo]                      [restartedMain]                      INFO                       o.a.coyote.http11.Http11NioProtocol                      - Starting ProtocolHandler ["http-nio-8001"]
2026-06-29 20:32:48                      [restDemo]                      [restartedMain]                      INFO                       o.s.b.w.e.tomcat.TomcatWebServer                      - Tomcat started on port 8001 (http) with context path '/'
2026-06-29 20:32:48                      [restDemo]                      [restartedMain]                      INFO                       com.restDemo.RestDemoApplication                      - Started RestDemoApplication in 4.948 seconds (process running for 5.517)
2026-06-29 20:33:03                      [restDemo]                      [http-nio-8001-exec-2]                      INFO                       o.a.c.c.C.[Tomcat].[localhost].[/]                      - Initializing Spring DispatcherServlet 'dispatcherServlet'
2026-06-29 20:33:03                      [restDemo]                      [http-nio-8001-exec-2]                      INFO                       o.s.web.servlet.DispatcherServlet                      - Initializing Servlet 'dispatcherServlet'
2026-06-29 20:33:03                      [restDemo]                      [http-nio-8001-exec-2]                      INFO                       o.s.web.servlet.DispatcherServlet                      - Completed initialization in 1 ms
2026-06-29 20:33:04                      [restDemo]                      [http-nio-8001-exec-2]                      ERROR                      c.r.a.GlobalExceptionHandler                      - UNEXPECTED ERROR: java.lang.NumberFormatException: Cannot parse null string
2026-06-29 20:33:04                      [restDemo]                      [http-nio-8001-exec-2]                      WARN                       o.s.w.s.m.m.a.ExceptionHandlerExceptionResolver                      - Resolved [java.lang.NumberFormatException: Cannot parse null string]
2026-06-29 20:34:28                      [restDemo]                      [SpringApplicationShutdownHook]                      INFO                       o.s.o.j.LocalContainerEntityManagerFactoryBean                      - Closing JPA EntityManagerFactory for persistence unit 'default'
2026-06-29 20:34:28                      [restDemo]                      [SpringApplicationShutdownHook]                      WARN                       o.s.b.f.s.DisposableBeanAdapter                      - Invocation of destroy method failed on bean with name 'inMemoryDatabaseShutdownExecutor': org.h2.jdbc.JdbcSQLNonTransientConnectionException: Database is already closed (to disable automatic closing at VM shutdown, add ";DB_CLOSE_ON_EXIT=FALSE" to the db URL) [90121-224]
2026-06-29 20:34:28                      [restDemo]                      [SpringApplicationShutdownHook]                      INFO                       com.zaxxer.hikari.HikariDataSource                      - HikariPool-1 - Shutdown initiated...
2026-06-29 20:34:28                      [restDemo]                      [SpringApplicationShutdownHook]                      INFO                       com.zaxxer.hikari.HikariDataSource                      - HikariPool-1 - Shutdown completed.
2026-06-29 20:34:33                      [restDemo]                      [restartedMain]                      INFO                       com.restDemo.RestDemoApplication                      - Starting RestDemoApplication using Java 23 with PID 66784 (/home/logeshkumar/Desktop/practice/restDemo/target/classes started by logeshkumar in /home/logeshkumar/Desktop/practice/restDemo)
2026-06-29 20:34:33                      [restDemo]                      [restartedMain]                      INFO                       com.restDemo.RestDemoApplication                      - No active profile set, falling back to 1 default profile: "default"
2026-06-29 20:34:33                      [restDemo]                      [restartedMain]                      INFO                       o.s.b.d.e.DevToolsPropertyDefaultsPostProcessor                      - Devtools property defaults active! Set 'spring.devtools.add-properties' to 'false' to disable
2026-06-29 20:34:33                      [restDemo]                      [restartedMain]                      INFO                       o.s.b.d.e.DevToolsPropertyDefaultsPostProcessor                      - For additional web related logging consider setting the 'logging.level.web' property to 'DEBUG'
2026-06-29 20:34:34                      [restDemo]                      [restartedMain]                      INFO                       o.s.d.r.c.RepositoryConfigurationDelegate                      - Bootstrapping Spring Data JPA repositories in DEFAULT mode.
2026-06-29 20:34:34                      [restDemo]                      [restartedMain]                      INFO                       o.s.d.r.c.RepositoryConfigurationDelegate                      - Finished Spring Data repository scanning in 57 ms. Found 1 JPA repository interface.
2026-06-29 20:34:35                      [restDemo]                      [restartedMain]                      INFO                       o.s.b.w.e.tomcat.TomcatWebServer                      - Tomcat initialized with port 8001 (http)
2026-06-29 20:34:35                      [restDemo]                      [restartedMain]                      INFO                       o.a.coyote.http11.Http11NioProtocol                      - Initializing ProtocolHandler ["http-nio-8001"]
2026-06-29 20:34:35                      [restDemo]                      [restartedMain]                      INFO                       o.a.catalina.core.StandardService                      - Starting service [Tomcat]
2026-06-29 20:34:35                      [restDemo]                      [restartedMain]                      INFO                       o.a.catalina.core.StandardEngine                      - Starting Servlet engine: [Apache Tomcat/10.1.31]
2026-06-29 20:34:35                      [restDemo]                      [restartedMain]                      INFO                       o.a.c.c.C.[Tomcat].[localhost].[/]                      - Initializing Spring embedded WebApplicationContext
2026-06-29 20:34:35                      [restDemo]                      [restartedMain]                      INFO                       o.s.b.w.s.c.ServletWebServerApplicationContext                      - Root WebApplicationContext: initialization completed in 1580 ms
2026-06-29 20:34:35                      [restDemo]                      [restartedMain]                      INFO                       com.zaxxer.hikari.HikariDataSource                      - HikariPool-1 - Starting...
2026-06-29 20:34:35                      [restDemo]                      [restartedMain]                      INFO                       com.zaxxer.hikari.pool.HikariPool                      - HikariPool-1 - Added connection conn0: url=jdbc:h2:mem:testdb user=SA
2026-06-29 20:34:35                      [restDemo]                      [restartedMain]                      INFO                       com.zaxxer.hikari.HikariDataSource                      - HikariPool-1 - Start completed.
2026-06-29 20:34:35                      [restDemo]                      [restartedMain]                      INFO                       o.s.b.a.h.H2ConsoleAutoConfiguration                      - H2 console available at '/h2-console'. Database available at 'jdbc:h2:mem:testdb'
2026-06-29 20:34:35                      [restDemo]                      [restartedMain]                      INFO                       o.h.jpa.internal.util.LogHelper                      - HHH000204: Processing PersistenceUnitInfo [name: default]
2026-06-29 20:34:35                      [restDemo]                      [restartedMain]                      INFO                       org.hibernate.Version                      - HHH000412: Hibernate ORM core version 6.5.3.Final
2026-06-29 20:34:35                      [restDemo]                      [restartedMain]                      INFO                       o.h.c.i.RegionFactoryInitiator                      - HHH000026: Second-level cache disabled
2026-06-29 20:34:36                      [restDemo]                      [restartedMain]                      INFO                       o.s.o.j.p.SpringPersistenceUnitInfo                      - No LoadTimeWeaver setup: ignoring JPA class transformer
2026-06-29 20:34:36                      [restDemo]                      [restartedMain]                      WARN                       org.hibernate.orm.deprecation                      - HHH90000025: H2Dialect does not need to be specified explicitly using 'hibernate.dialect' (remove the property setting and it will be selected by default)
2026-06-29 20:34:36                      [restDemo]                      [restartedMain]                      INFO                       o.h.e.t.j.p.i.JtaPlatformInitiator                      - HHH000489: No JTA platform available (set 'hibernate.transaction.jta.platform' to enable JTA platform integration)
2026-06-29 20:34:36                      [restDemo]                      [restartedMain]                      DEBUG                      org.hibernate.SQL                      - create table users (id bigint generated by default as identity, created_at bigint, created_by bigint, created_date timestamp(6), updated_at bigint, updated_by bigint, updated_date timestamp(6), city varchar(255), email_id varchar(255), mobile_no varchar(255), name varchar(255), password varchar(255), user_id varchar(255), user_name varchar(255), primary key (id))
2026-06-29 20:34:36                      [restDemo]                      [restartedMain]                      INFO                       o.s.o.j.LocalContainerEntityManagerFactoryBean                      - Initialized JPA EntityManagerFactory for persistence unit 'default'
2026-06-29 20:34:37                      [restDemo]                      [restartedMain]                      WARN                       o.s.b.a.o.j.JpaBaseConfiguration$JpaWebConfiguration                      - spring.jpa.open-in-view is enabled by default. Therefore, database queries may be performed during view rendering. Explicitly configure spring.jpa.open-in-view to disable this warning
2026-06-29 20:34:37                      [restDemo]                      [restartedMain]                      WARN                       o.s.b.a.s.s.UserDetailsServiceAutoConfiguration                      - 

Using generated security password: 7c70fb06-4222-4fae-a548-2b0b9f6a5f8c

This generated password is for development use only. Your security configuration must be updated before running your application in production.

2026-06-29 20:34:37                      [restDemo]                      [restartedMain]                      INFO                       o.s.s.c.a.a.c.InitializeUserDetailsBeanManagerConfigurer$InitializeUserDetailsManagerConfigurer                      - Global AuthenticationManager configured with UserDetailsService bean with name inMemoryUserDetailsManager
2026-06-29 20:34:37                      [restDemo]                      [restartedMain]                      INFO                       o.s.b.d.a.OptionalLiveReloadServer                      - LiveReload server is running on port 35729
2026-06-29 20:34:37                      [restDemo]                      [restartedMain]                      INFO                       o.a.coyote.http11.Http11NioProtocol                      - Starting ProtocolHandler ["http-nio-8001"]
2026-06-29 20:34:37                      [restDemo]                      [restartedMain]                      INFO                       o.s.b.w.e.tomcat.TomcatWebServer                      - Tomcat started on port 8001 (http) with context path '/'
2026-06-29 20:34:38                      [restDemo]                      [restartedMain]                      INFO                       com.restDemo.RestDemoApplication                      - Started RestDemoApplication in 4.916 seconds (process running for 5.51)
2026-06-29 20:34:49                      [restDemo]                      [http-nio-8001-exec-1]                      INFO                       o.a.c.c.C.[Tomcat].[localhost].[/]                      - Initializing Spring DispatcherServlet 'dispatcherServlet'
2026-06-29 20:34:49                      [restDemo]                      [http-nio-8001-exec-1]                      INFO                       o.s.web.servlet.DispatcherServlet                      - Initializing Servlet 'dispatcherServlet'
2026-06-29 20:34:49                      [restDemo]                      [http-nio-8001-exec-1]                      INFO                       o.s.web.servlet.DispatcherServlet                      - Completed initialization in 1 ms
2026-06-29 20:34:49                      [restDemo]                      [http-nio-8001-exec-1]                      ERROR                      c.r.a.GlobalExceptionHandler                      - UNEXPECTED ERROR
java.lang.NumberFormatException: Cannot parse null string
	at java.base/java.lang.Long.parseLong(Long.java:580)
	at java.base/java.lang.Long.parseLong(Long.java:722)
	at com.restDemo.service.UserService.getAllUsers(UserService.java:69)
	at com.restDemo.controller.UserController.getAllUsers(UserController.java:47)
	at java.base/jdk.internal.reflect.DirectMethodHandleAccessor.invoke(DirectMethodHandleAccessor.java:103)
	at java.base/java.lang.reflect.Method.invoke(Method.java:580)
	at org.springframework.web.method.support.InvocableHandlerMethod.doInvoke(InvocableHandlerMethod.java:255)
	at org.springframework.web.method.support.InvocableHandlerMethod.invokeForRequest(InvocableHandlerMethod.java:188)
	at org.springframework.web.servlet.mvc.method.annotation.ServletInvocableHandlerMethod.invokeAndHandle(ServletInvocableHandlerMethod.java:118)
	at org.springframework.web.servlet.mvc.method.annotation.RequestMappingHandlerAdapter.invokeHandlerMethod(RequestMappingHandlerAdapter.java:926)
	at org.springframework.web.servlet.mvc.method.annotation.RequestMappingHandlerAdapter.handleInternal(RequestMappingHandlerAdapter.java:831)
	at org.springframework.web.servlet.mvc.method.AbstractHandlerMethodAdapter.handle(AbstractHandlerMethodAdapter.java:87)
	at org.springframework.web.servlet.DispatcherServlet.doDispatch(DispatcherServlet.java:1089)
	at org.springframework.web.servlet.DispatcherServlet.doService(DispatcherServlet.java:979)
	at org.springframework.web.servlet.FrameworkServlet.processRequest(FrameworkServlet.java:1014)
	at org.springframework.web.servlet.FrameworkServlet.doGet(FrameworkServlet.java:903)
	at jakarta.servlet.http.HttpServlet.service(HttpServlet.java:564)
	at org.springframework.web.servlet.FrameworkServlet.service(FrameworkServlet.java:885)
	at jakarta.servlet.http.HttpServlet.service(HttpServlet.java:658)
	at org.apache.catalina.core.ApplicationFilterChain.internalDoFilter(ApplicationFilterChain.java:195)
	at org.apache.catalina.core.ApplicationFilterChain.doFilter(ApplicationFilterChain.java:140)
	at org.apache.tomcat.websocket.server.WsFilter.doFilter(WsFilter.java:51)
	at org.apache.catalina.core.ApplicationFilterChain.internalDoFilter(ApplicationFilterChain.java:164)
	at org.apache.catalina.core.ApplicationFilterChain.doFilter(ApplicationFilterChain.java:140)
	at org.springframework.web.filter.CompositeFilter$VirtualFilterChain.doFilter(CompositeFilter.java:108)
	at org.springframework.security.web.FilterChainProxy.lambda$doFilterInternal$3(FilterChainProxy.java:231)
	at org.springframework.security.web.FilterChainProxy$VirtualFilterChain.doFilter(FilterChainProxy.java:365)
	at org.springframework.security.web.access.intercept.AuthorizationFilter.doFilter(AuthorizationFilter.java:100)
	at org.springframework.security.web.FilterChainProxy$VirtualFilterChain.doFilter(FilterChainProxy.java:374)
	at org.springframework.security.web.access.ExceptionTranslationFilter.doFilter(ExceptionTranslationFilter.java:126)
	at org.springframework.security.web.access.ExceptionTranslationFilter.doFilter(ExceptionTranslationFilter.java:120)
	at org.springframework.security.web.FilterChainProxy$VirtualFilterChain.doFilter(FilterChainProxy.java:374)
	at org.springframework.security.web.authentication.AnonymousAuthenticationFilter.doFilter(AnonymousAuthenticationFilter.java:100)
	at org.springframework.security.web.FilterChainProxy$VirtualFilterChain.doFilter(FilterChainProxy.java:374)
	at org.springframework.security.web.servletapi.SecurityContextHolderAwareRequestFilter.doFilter(SecurityContextHolderAwareRequestFilter.java:179)
	at org.springframework.security.web.FilterChainProxy$VirtualFilterChain.doFilter(FilterChainProxy.java:374)
	at org.springframework.security.web.savedrequest.RequestCacheAwareFilter.doFilter(RequestCacheAwareFilter.java:63)
	at org.springframework.security.web.FilterChainProxy$VirtualFilterChain.doFilter(FilterChainProxy.java:374)
	at org.springframework.security.web.authentication.logout.LogoutFilter.doFilter(LogoutFilter.java:107)
	at org.springframework.security.web.authentication.logout.LogoutFilter.doFilter(LogoutFilter.java:93)
	at org.springframework.security.web.FilterChainProxy$VirtualFilterChain.doFilter(FilterChainProxy.java:374)
	at org.springframework.security.web.header.HeaderWriterFilter.doHeadersAfter(HeaderWriterFilter.java:90)
	at org.springframework.security.web.header.HeaderWriterFilter.doFilterInternal(HeaderWriterFilter.java:75)
	at org.springframework.web.filter.OncePerRequestFilter.doFilter(OncePerRequestFilter.java:116)
	at org.springframework.security.web.FilterChainProxy$VirtualFilterChain.doFilter(FilterChainProxy.java:374)
	at org.springframework.security.web.context.SecurityContextHolderFilter.doFilter(SecurityContextHolderFilter.java:82)
	at org.springframework.security.web.context.SecurityContextHolderFilter.doFilter(SecurityContextHolderFilter.java:69)
	at org.springframework.security.web.FilterChainProxy$VirtualFilterChain.doFilter(FilterChainProxy.java:374)
	at org.springframework.security.web.context.request.async.WebAsyncManagerIntegrationFilter.doFilterInternal(WebAsyncManagerIntegrationFilter.java:62)
	at org.springframework.web.filter.OncePerRequestFilter.doFilter(OncePerRequestFilter.java:116)
	at org.springframework.security.web.FilterChainProxy$VirtualFilterChain.doFilter(FilterChainProxy.java:374)
	at org.springframework.security.web.session.DisableEncodeUrlFilter.doFilterInternal(DisableEncodeUrlFilter.java:42)
	at org.springframework.web.filter.OncePerRequestFilter.doFilter(OncePerRequestFilter.java:116)
	at org.springframework.security.web.FilterChainProxy$VirtualFilterChain.doFilter(FilterChainProxy.java:374)
	at org.springframework.security.web.FilterChainProxy.doFilterInternal(FilterChainProxy.java:233)
	at org.springframework.security.web.FilterChainProxy.doFilter(FilterChainProxy.java:191)
	at org.springframework.web.filter.CompositeFilter$VirtualFilterChain.doFilter(CompositeFilter.java:113)
	at org.springframework.web.servlet.handler.HandlerMappingIntrospector.lambda$createCacheFilter$3(HandlerMappingIntrospector.java:195)
	at org.springframework.web.filter.CompositeFilter$VirtualFilterChain.doFilter(CompositeFilter.java:113)
	at org.springframework.web.filter.CompositeFilter.doFilter(CompositeFilter.java:74)
	at org.springframework.security.config.annotation.web.configuration.WebMvcSecurityConfiguration$CompositeFilterChainProxy.doFilter(WebMvcSecurityConfiguration.java:230)
	at org.springframework.web.filter.DelegatingFilterProxy.invokeDelegate(DelegatingFilterProxy.java:362)
	at org.springframework.web.filter.DelegatingFilterProxy.doFilter(DelegatingFilterProxy.java:278)
	at org.apache.catalina.core.ApplicationFilterChain.internalDoFilter(ApplicationFilterChain.java:164)
	at org.apache.catalina.core.ApplicationFilterChain.doFilter(ApplicationFilterChain.java:140)
	at org.springframework.web.filter.RequestContextFilter.doFilterInternal(RequestContextFilter.java:100)
	at org.springframework.web.filter.OncePerRequestFilter.doFilter(OncePerRequestFilter.java:116)
	at org.apache.catalina.core.ApplicationFilterChain.internalDoFilter(ApplicationFilterChain.java:164)
	at org.apache.catalina.core.ApplicationFilterChain.doFilter(ApplicationFilterChain.java:140)
	at org.springframework.web.filter.FormContentFilter.doFilterInternal(FormContentFilter.java:93)
	at org.springframework.web.filter.OncePerRequestFilter.doFilter(OncePerRequestFilter.java:116)
	at org.apache.catalina.core.ApplicationFilterChain.internalDoFilter(ApplicationFilterChain.java:164)
	at org.apache.catalina.core.ApplicationFilterChain.doFilter(ApplicationFilterChain.java:140)
	at org.springframework.web.filter.CharacterEncodingFilter.doFilterInternal(CharacterEncodingFilter.java:201)
	at org.springframework.web.filter.OncePerRequestFilter.doFilter(OncePerRequestFilter.java:116)
	at org.apache.catalina.core.ApplicationFilterChain.internalDoFilter(ApplicationFilterChain.java:164)
	at org.apache.catalina.core.ApplicationFilterChain.doFilter(ApplicationFilterChain.java:140)
	at org.apache.catalina.core.StandardWrapperValve.invoke(StandardWrapperValve.java:167)
	at org.apache.catalina.core.StandardContextValve.invoke(StandardContextValve.java:90)
	at org.apache.catalina.authenticator.AuthenticatorBase.invoke(AuthenticatorBase.java:483)
	at org.apache.catalina.core.StandardHostValve.invoke(StandardHostValve.java:115)
	at org.apache.catalina.valves.ErrorReportValve.invoke(ErrorReportValve.java:93)
	at org.apache.catalina.core.StandardEngineValve.invoke(StandardEngineValve.java:74)
	at org.apache.catalina.connector.CoyoteAdapter.service(CoyoteAdapter.java:344)
	at org.apache.coyote.http11.Http11Processor.service(Http11Processor.java:384)
	at org.apache.coyote.AbstractProcessorLight.process(AbstractProcessorLight.java:63)
	at org.apache.coyote.AbstractProtocol$ConnectionHandler.process(AbstractProtocol.java:905)
	at org.apache.tomcat.util.net.NioEndpoint$SocketProcessor.doRun(NioEndpoint.java:1741)
	at org.apache.tomcat.util.net.SocketProcessorBase.run(SocketProcessorBase.java:52)
	at org.apache.tomcat.util.threads.ThreadPoolExecutor.runWorker(ThreadPoolExecutor.java:1190)
	at org.apache.tomcat.util.threads.ThreadPoolExecutor$Worker.run(ThreadPoolExecutor.java:659)
	at org.apache.tomcat.util.threads.TaskThread$WrappingRunnable.run(TaskThread.java:63)
	at java.base/java.lang.Thread.run(Thread.java:1575)
2026-06-29 20:34:49                      [restDemo]                      [http-nio-8001-exec-1]                      WARN                       o.s.w.s.m.m.a.ExceptionHandlerExceptionResolver                      - Resolved [java.lang.NumberFormatException: Cannot parse null string]
2026-06-29 20:35:11                      [restDemo]                      [http-nio-8001-exec-4]                      DEBUG                      org.hibernate.SQL                      - select u1_0.id,u1_0.city,u1_0.created_at,u1_0.created_by,u1_0.created_date,u1_0.email_id,u1_0.mobile_no,u1_0.name,u1_0.password,u1_0.updated_at,u1_0.updated_by,u1_0.updated_date,u1_0.user_id,u1_0.user_name from users u1_0 where u1_0.user_name=?
2026-06-29 20:35:11                      [restDemo]                      [http-nio-8001-exec-4]                      DEBUG                      org.hibernate.SQL                      - select u1_0.id from users u1_0 where u1_0.email_id=? fetch first ? rows only
2026-06-29 20:35:11                      [restDemo]                      [http-nio-8001-exec-4]                      DEBUG                      org.hibernate.SQL                      - insert into users (city,created_at,created_by,created_date,email_id,mobile_no,name,password,updated_at,updated_by,updated_date,user_id,user_name,id) values (?,?,?,?,?,?,?,?,?,?,?,?,?,default)
2026-06-29 20:35:13                      [restDemo]                      [http-nio-8001-exec-5]                      DEBUG                      org.hibernate.SQL                      - select u1_0.id,u1_0.city,u1_0.created_at,u1_0.created_by,u1_0.created_date,u1_0.email_id,u1_0.mobile_no,u1_0.name,u1_0.password,u1_0.updated_at,u1_0.updated_by,u1_0.updated_date,u1_0.user_id,u1_0.user_name from users u1_0 where u1_0.user_name=?
2026-06-29 20:35:13                      [restDemo]                      [http-nio-8001-exec-5]                      DEBUG                      org.hibernate.SQL                      - select u1_0.id from users u1_0 where u1_0.email_id=? fetch first ? rows only
2026-06-29 20:35:13                      [restDemo]                      [http-nio-8001-exec-5]                      ERROR                      c.r.a.GlobalExceptionHandler                      - Exception while processing request
java.lang.IllegalStateException: Email id Already Exist
	at com.restDemo.service.UserService.insert(UserService.java:37)
	at com.restDemo.controller.UserController.insert(UserController.java:41)
	at java.base/jdk.internal.reflect.DirectMethodHandleAccessor.invoke(DirectMethodHandleAccessor.java:103)
	at java.base/java.lang.reflect.Method.invoke(Method.java:580)
	at org.springframework.web.method.support.InvocableHandlerMethod.doInvoke(InvocableHandlerMethod.java:255)
	at org.springframework.web.method.support.InvocableHandlerMethod.invokeForRequest(InvocableHandlerMethod.java:188)
	at org.springframework.web.servlet.mvc.method.annotation.ServletInvocableHandlerMethod.invokeAndHandle(ServletInvocableHandlerMethod.java:118)
	at org.springframework.web.servlet.mvc.method.annotation.RequestMappingHandlerAdapter.invokeHandlerMethod(RequestMappingHandlerAdapter.java:926)
	at org.springframework.web.servlet.mvc.method.annotation.RequestMappingHandlerAdapter.handleInternal(RequestMappingHandlerAdapter.java:831)
	at org.springframework.web.servlet.mvc.method.AbstractHandlerMethodAdapter.handle(AbstractHandlerMethodAdapter.java:87)
	at org.springframework.web.servlet.DispatcherServlet.doDispatch(DispatcherServlet.java:1089)
	at org.springframework.web.servlet.DispatcherServlet.doService(DispatcherServlet.java:979)
	at org.springframework.web.servlet.FrameworkServlet.processRequest(FrameworkServlet.java:1014)
	at org.springframework.web.servlet.FrameworkServlet.doPost(FrameworkServlet.java:914)
	at jakarta.servlet.http.HttpServlet.service(HttpServlet.java:590)
	at org.springframework.web.servlet.FrameworkServlet.service(FrameworkServlet.java:885)
	at jakarta.servlet.http.HttpServlet.service(HttpServlet.java:658)
	at org.apache.catalina.core.ApplicationFilterChain.internalDoFilter(ApplicationFilterChain.java:195)
	at org.apache.catalina.core.ApplicationFilterChain.doFilter(ApplicationFilterChain.java:140)
	at org.apache.tomcat.websocket.server.WsFilter.doFilter(WsFilter.java:51)
	at org.apache.catalina.core.ApplicationFilterChain.internalDoFilter(ApplicationFilterChain.java:164)
	at org.apache.catalina.core.ApplicationFilterChain.doFilter(ApplicationFilterChain.java:140)
	at org.springframework.web.filter.CompositeFilter$VirtualFilterChain.doFilter(CompositeFilter.java:108)
	at org.springframework.security.web.FilterChainProxy.lambda$doFilterInternal$3(FilterChainProxy.java:231)
	at org.springframework.security.web.FilterChainProxy$VirtualFilterChain.doFilter(FilterChainProxy.java:365)
	at org.springframework.security.web.access.intercept.AuthorizationFilter.doFilter(AuthorizationFilter.java:100)
	at org.springframework.security.web.FilterChainProxy$VirtualFilterChain.doFilter(FilterChainProxy.java:374)
	at org.springframework.security.web.access.ExceptionTranslationFilter.doFilter(ExceptionTranslationFilter.java:126)
	at org.springframework.security.web.access.ExceptionTranslationFilter.doFilter(ExceptionTranslationFilter.java:120)
	at org.springframework.security.web.FilterChainProxy$VirtualFilterChain.doFilter(FilterChainProxy.java:374)
	at org.springframework.security.web.authentication.AnonymousAuthenticationFilter.doFilter(AnonymousAuthenticationFilter.java:100)
	at org.springframework.security.web.FilterChainProxy$VirtualFilterChain.doFilter(FilterChainProxy.java:374)
	at org.springframework.security.web.servletapi.SecurityContextHolderAwareRequestFilter.doFilter(SecurityContextHolderAwareRequestFilter.java:179)
	at org.springframework.security.web.FilterChainProxy$VirtualFilterChain.doFilter(FilterChainProxy.java:374)
	at org.springframework.security.web.savedrequest.RequestCacheAwareFilter.doFilter(RequestCacheAwareFilter.java:63)
	at org.springframework.security.web.FilterChainProxy$VirtualFilterChain.doFilter(FilterChainProxy.java:374)
	at org.springframework.security.web.authentication.logout.LogoutFilter.doFilter(LogoutFilter.java:107)
	at org.springframework.security.web.authentication.logout.LogoutFilter.doFilter(LogoutFilter.java:93)
	at org.springframework.security.web.FilterChainProxy$VirtualFilterChain.doFilter(FilterChainProxy.java:374)
	at org.springframework.security.web.header.HeaderWriterFilter.doHeadersAfter(HeaderWriterFilter.java:90)
	at org.springframework.security.web.header.HeaderWriterFilter.doFilterInternal(HeaderWriterFilter.java:75)
	at org.springframework.web.filter.OncePerRequestFilter.doFilter(OncePerRequestFilter.java:116)
	at org.springframework.security.web.FilterChainProxy$VirtualFilterChain.doFilter(FilterChainProxy.java:374)
	at org.springframework.security.web.context.SecurityContextHolderFilter.doFilter(SecurityContextHolderFilter.java:82)
	at org.springframework.security.web.context.SecurityContextHolderFilter.doFilter(SecurityContextHolderFilter.java:69)
	at org.springframework.security.web.FilterChainProxy$VirtualFilterChain.doFilter(FilterChainProxy.java:374)
	at org.springframework.security.web.context.request.async.WebAsyncManagerIntegrationFilter.doFilterInternal(WebAsyncManagerIntegrationFilter.java:62)
	at org.springframework.web.filter.OncePerRequestFilter.doFilter(OncePerRequestFilter.java:116)
	at org.springframework.security.web.FilterChainProxy$VirtualFilterChain.doFilter(FilterChainProxy.java:374)
	at org.springframework.security.web.session.DisableEncodeUrlFilter.doFilterInternal(DisableEncodeUrlFilter.java:42)
	at org.springframework.web.filter.OncePerRequestFilter.doFilter(OncePerRequestFilter.java:116)
	at org.springframework.security.web.FilterChainProxy$VirtualFilterChain.doFilter(FilterChainProxy.java:374)
	at org.springframework.security.web.FilterChainProxy.doFilterInternal(FilterChainProxy.java:233)
	at org.springframework.security.web.FilterChainProxy.doFilter(FilterChainProxy.java:191)
	at org.springframework.web.filter.CompositeFilter$VirtualFilterChain.doFilter(CompositeFilter.java:113)
	at org.springframework.web.servlet.handler.HandlerMappingIntrospector.lambda$createCacheFilter$3(HandlerMappingIntrospector.java:195)
	at org.springframework.web.filter.CompositeFilter$VirtualFilterChain.doFilter(CompositeFilter.java:113)
	at org.springframework.web.filter.CompositeFilter.doFilter(CompositeFilter.java:74)
	at org.springframework.security.config.annotation.web.configuration.WebMvcSecurityConfiguration$CompositeFilterChainProxy.doFilter(WebMvcSecurityConfiguration.java:230)
	at org.springframework.web.filter.DelegatingFilterProxy.invokeDelegate(DelegatingFilterProxy.java:362)
	at org.springframework.web.filter.DelegatingFilterProxy.doFilter(DelegatingFilterProxy.java:278)
	at org.apache.catalina.core.ApplicationFilterChain.internalDoFilter(ApplicationFilterChain.java:164)
	at org.apache.catalina.core.ApplicationFilterChain.doFilter(ApplicationFilterChain.java:140)
	at org.springframework.web.filter.RequestContextFilter.doFilterInternal(RequestContextFilter.java:100)
	at org.springframework.web.filter.OncePerRequestFilter.doFilter(OncePerRequestFilter.java:116)
	at org.apache.catalina.core.ApplicationFilterChain.internalDoFilter(ApplicationFilterChain.java:164)
	at org.apache.catalina.core.ApplicationFilterChain.doFilter(ApplicationFilterChain.java:140)
	at org.springframework.web.filter.FormContentFilter.doFilterInternal(FormContentFilter.java:93)
	at org.springframework.web.filter.OncePerRequestFilter.doFilter(OncePerRequestFilter.java:116)
	at org.apache.catalina.core.ApplicationFilterChain.internalDoFilter(ApplicationFilterChain.java:164)
	at org.apache.catalina.core.ApplicationFilterChain.doFilter(ApplicationFilterChain.java:140)
	at org.springframework.web.filter.CharacterEncodingFilter.doFilterInternal(CharacterEncodingFilter.java:201)
	at org.springframework.web.filter.OncePerRequestFilter.doFilter(OncePerRequestFilter.java:116)
	at org.apache.catalina.core.ApplicationFilterChain.internalDoFilter(ApplicationFilterChain.java:164)
	at org.apache.catalina.core.ApplicationFilterChain.doFilter(ApplicationFilterChain.java:140)
	at org.apache.catalina.core.StandardWrapperValve.invoke(StandardWrapperValve.java:167)
	at org.apache.catalina.core.StandardContextValve.invoke(StandardContextValve.java:90)
	at org.apache.catalina.authenticator.AuthenticatorBase.invoke(AuthenticatorBase.java:483)
	at org.apache.catalina.core.StandardHostValve.invoke(StandardHostValve.java:115)
	at org.apache.catalina.valves.ErrorReportValve.invoke(ErrorReportValve.java:93)
	at org.apache.catalina.core.StandardEngineValve.invoke(StandardEngineValve.java:74)
	at org.apache.catalina.connector.CoyoteAdapter.service(CoyoteAdapter.java:344)
	at org.apache.coyote.http11.Http11Processor.service(Http11Processor.java:384)
	at org.apache.coyote.AbstractProcessorLight.process(AbstractProcessorLight.java:63)
	at org.apache.coyote.AbstractProtocol$ConnectionHandler.process(AbstractProtocol.java:905)
	at org.apache.tomcat.util.net.NioEndpoint$SocketProcessor.doRun(NioEndpoint.java:1741)
	at org.apache.tomcat.util.net.SocketProcessorBase.run(SocketProcessorBase.java:52)
	at org.apache.tomcat.util.threads.ThreadPoolExecutor.runWorker(ThreadPoolExecutor.java:1190)
	at org.apache.tomcat.util.threads.ThreadPoolExecutor$Worker.run(ThreadPoolExecutor.java:659)
	at org.apache.tomcat.util.threads.TaskThread$WrappingRunnable.run(TaskThread.java:63)
	at java.base/java.lang.Thread.run(Thread.java:1575)
2026-06-29 20:35:13                      [restDemo]                      [http-nio-8001-exec-5]                      WARN                       o.s.w.s.m.m.a.ExceptionHandlerExceptionResolver                      - Resolved [com.restDemo.apiexceptions.ApiException: java.lang.IllegalStateException: Email id Already Exist]
2026-06-29 20:35:32                      [restDemo]                      [http-nio-8001-exec-7]                      ERROR                      c.r.a.GlobalExceptionHandler                      - Exception while processing request
org.h2.jdbc.JdbcSQLSyntaxErrorException: Column "updated_by_d" not found [42122-224]
	at org.h2.message.DbException.getJdbcSQLException(DbException.java:514)
	at org.h2.message.DbException.getJdbcSQLException(DbException.java:489)
	at org.h2.message.DbException.get(DbException.java:223)
	at org.h2.message.DbException.get(DbException.java:199)
	at org.h2.jdbc.JdbcResultSet.getColumnIndex(JdbcResultSet.java:3492)
	at org.h2.jdbc.JdbcResultSet.getLong(JdbcResultSet.java:745)
	at com.zaxxer.hikari.pool.HikariProxyResultSet.getLong(HikariProxyResultSet.java)
	at com.restDemo.mapper.UserMapper.mapRow(UserMapper.java:25)
	at com.restDemo.mapper.UserMapper.mapRow(UserMapper.java:10)
	at org.springframework.jdbc.core.RowMapperResultSetExtractor.extractData(RowMapperResultSetExtractor.java:94)
	at org.springframework.jdbc.core.RowMapperResultSetExtractor.extractData(RowMapperResultSetExtractor.java:61)
	at org.springframework.jdbc.core.JdbcTemplate$1QueryStatementCallback.doInStatement(JdbcTemplate.java:464)
	at org.springframework.jdbc.core.JdbcTemplate.execute(JdbcTemplate.java:393)
	at org.springframework.jdbc.core.JdbcTemplate.query(JdbcTemplate.java:476)
	at org.springframework.jdbc.core.JdbcTemplate.query(JdbcTemplate.java:486)
	at com.restDemo.repositoryImpl.UserRepositoryImpl.getUsers(UserRepositoryImpl.java:19)
	at com.restDemo.service.UserService.getAllUserDTO(UserService.java:75)
	at com.restDemo.controller.UserController.getAllUsersDTO(UserController.java:66)
	at java.base/jdk.internal.reflect.DirectMethodHandleAccessor.invoke(DirectMethodHandleAccessor.java:103)
	at java.base/java.lang.reflect.Method.invoke(Method.java:580)
	at org.springframework.web.method.support.InvocableHandlerMethod.doInvoke(InvocableHandlerMethod.java:255)
	at org.springframework.web.method.support.InvocableHandlerMethod.invokeForRequest(InvocableHandlerMethod.java:188)
	at org.springframework.web.servlet.mvc.method.annotation.ServletInvocableHandlerMethod.invokeAndHandle(ServletInvocableHandlerMethod.java:118)
	at org.springframework.web.servlet.mvc.method.annotation.RequestMappingHandlerAdapter.invokeHandlerMethod(RequestMappingHandlerAdapter.java:926)
	at org.springframework.web.servlet.mvc.method.annotation.RequestMappingHandlerAdapter.handleInternal(RequestMappingHandlerAdapter.java:831)
	at org.springframework.web.servlet.mvc.method.AbstractHandlerMethodAdapter.handle(AbstractHandlerMethodAdapter.java:87)
	at org.springframework.web.servlet.DispatcherServlet.doDispatch(DispatcherServlet.java:1089)
	at org.springframework.web.servlet.DispatcherServlet.doService(DispatcherServlet.java:979)
	at org.springframework.web.servlet.FrameworkServlet.processRequest(FrameworkServlet.java:1014)
	at org.springframework.web.servlet.FrameworkServlet.doGet(FrameworkServlet.java:903)
	at jakarta.servlet.http.HttpServlet.service(HttpServlet.java:564)
	at org.springframework.web.servlet.FrameworkServlet.service(FrameworkServlet.java:885)
	at jakarta.servlet.http.HttpServlet.service(HttpServlet.java:658)
	at org.apache.catalina.core.ApplicationFilterChain.internalDoFilter(ApplicationFilterChain.java:195)
	at org.apache.catalina.core.ApplicationFilterChain.doFilter(ApplicationFilterChain.java:140)
	at org.apache.tomcat.websocket.server.WsFilter.doFilter(WsFilter.java:51)
	at org.apache.catalina.core.ApplicationFilterChain.internalDoFilter(ApplicationFilterChain.java:164)
	at org.apache.catalina.core.ApplicationFilterChain.doFilter(ApplicationFilterChain.java:140)
	at org.springframework.web.filter.CompositeFilter$VirtualFilterChain.doFilter(CompositeFilter.java:108)
	at org.springframework.security.web.FilterChainProxy.lambda$doFilterInternal$3(FilterChainProxy.java:231)
	at org.springframework.security.web.FilterChainProxy$VirtualFilterChain.doFilter(FilterChainProxy.java:365)
	at org.springframework.security.web.access.intercept.AuthorizationFilter.doFilter(AuthorizationFilter.java:100)
	at org.springframework.security.web.FilterChainProxy$VirtualFilterChain.doFilter(FilterChainProxy.java:374)
	at org.springframework.security.web.access.ExceptionTranslationFilter.doFilter(ExceptionTranslationFilter.java:126)
	at org.springframework.security.web.access.ExceptionTranslationFilter.doFilter(ExceptionTranslationFilter.java:120)
	at org.springframework.security.web.FilterChainProxy$VirtualFilterChain.doFilter(FilterChainProxy.java:374)
	at org.springframework.security.web.authentication.AnonymousAuthenticationFilter.doFilter(AnonymousAuthenticationFilter.java:100)
	at org.springframework.security.web.FilterChainProxy$VirtualFilterChain.doFilter(FilterChainProxy.java:374)
	at org.springframework.security.web.servletapi.SecurityContextHolderAwareRequestFilter.doFilter(SecurityContextHolderAwareRequestFilter.java:179)
	at org.springframework.security.web.FilterChainProxy$VirtualFilterChain.doFilter(FilterChainProxy.java:374)
	at org.springframework.security.web.savedrequest.RequestCacheAwareFilter.doFilter(RequestCacheAwareFilter.java:63)
	at org.springframework.security.web.FilterChainProxy$VirtualFilterChain.doFilter(FilterChainProxy.java:374)
	at org.springframework.security.web.authentication.logout.LogoutFilter.doFilter(LogoutFilter.java:107)
	at org.springframework.security.web.authentication.logout.LogoutFilter.doFilter(LogoutFilter.java:93)
	at org.springframework.security.web.FilterChainProxy$VirtualFilterChain.doFilter(FilterChainProxy.java:374)
	at org.springframework.security.web.header.HeaderWriterFilter.doHeadersAfter(HeaderWriterFilter.java:90)
	at org.springframework.security.web.header.HeaderWriterFilter.doFilterInternal(HeaderWriterFilter.java:75)
	at org.springframework.web.filter.OncePerRequestFilter.doFilter(OncePerRequestFilter.java:116)
	at org.springframework.security.web.FilterChainProxy$VirtualFilterChain.doFilter(FilterChainProxy.java:374)
	at org.springframework.security.web.context.SecurityContextHolderFilter.doFilter(SecurityContextHolderFilter.java:82)
	at org.springframework.security.web.context.SecurityContextHolderFilter.doFilter(SecurityContextHolderFilter.java:69)
	at org.springframework.security.web.FilterChainProxy$VirtualFilterChain.doFilter(FilterChainProxy.java:374)
	at org.springframework.security.web.context.request.async.WebAsyncManagerIntegrationFilter.doFilterInternal(WebAsyncManagerIntegrationFilter.java:62)
	at org.springframework.web.filter.OncePerRequestFilter.doFilter(OncePerRequestFilter.java:116)
	at org.springframework.security.web.FilterChainProxy$VirtualFilterChain.doFilter(FilterChainProxy.java:374)
	at org.springframework.security.web.session.DisableEncodeUrlFilter.doFilterInternal(DisableEncodeUrlFilter.java:42)
	at org.springframework.web.filter.OncePerRequestFilter.doFilter(OncePerRequestFilter.java:116)
	at org.springframework.security.web.FilterChainProxy$VirtualFilterChain.doFilter(FilterChainProxy.java:374)
	at org.springframework.security.web.FilterChainProxy.doFilterInternal(FilterChainProxy.java:233)
	at org.springframework.security.web.FilterChainProxy.doFilter(FilterChainProxy.java:191)
	at org.springframework.web.filter.CompositeFilter$VirtualFilterChain.doFilter(CompositeFilter.java:113)
	at org.springframework.web.servlet.handler.HandlerMappingIntrospector.lambda$createCacheFilter$3(HandlerMappingIntrospector.java:195)
	at org.springframework.web.filter.CompositeFilter$VirtualFilterChain.doFilter(CompositeFilter.java:113)
	at org.springframework.web.filter.CompositeFilter.doFilter(CompositeFilter.java:74)
	at org.springframework.security.config.annotation.web.configuration.WebMvcSecurityConfiguration$CompositeFilterChainProxy.doFilter(WebMvcSecurityConfiguration.java:230)
	at org.springframework.web.filter.DelegatingFilterProxy.invokeDelegate(DelegatingFilterProxy.java:362)
	at org.springframework.web.filter.DelegatingFilterProxy.doFilter(DelegatingFilterProxy.java:278)
	at org.apache.catalina.core.ApplicationFilterChain.internalDoFilter(ApplicationFilterChain.java:164)
	at org.apache.catalina.core.ApplicationFilterChain.doFilter(ApplicationFilterChain.java:140)
	at org.springframework.web.filter.RequestContextFilter.doFilterInternal(RequestContextFilter.java:100)
	at org.springframework.web.filter.OncePerRequestFilter.doFilter(OncePerRequestFilter.java:116)
	at org.apache.catalina.core.ApplicationFilterChain.internalDoFilter(ApplicationFilterChain.java:164)
	at org.apache.catalina.core.ApplicationFilterChain.doFilter(ApplicationFilterChain.java:140)
	at org.springframework.web.filter.FormContentFilter.doFilterInternal(FormContentFilter.java:93)
	at org.springframework.web.filter.OncePerRequestFilter.doFilter(OncePerRequestFilter.java:116)
	at org.apache.catalina.core.ApplicationFilterChain.internalDoFilter(ApplicationFilterChain.java:164)
	at org.apache.catalina.core.ApplicationFilterChain.doFilter(ApplicationFilterChain.java:140)
	at org.springframework.web.filter.CharacterEncodingFilter.doFilterInternal(CharacterEncodingFilter.java:201)
	at org.springframework.web.filter.OncePerRequestFilter.doFilter(OncePerRequestFilter.java:116)
	at org.apache.catalina.core.ApplicationFilterChain.internalDoFilter(ApplicationFilterChain.java:164)
	at org.apache.catalina.core.ApplicationFilterChain.doFilter(ApplicationFilterChain.java:140)
	at org.apache.catalina.core.StandardWrapperValve.invoke(StandardWrapperValve.java:167)
	at org.apache.catalina.core.StandardContextValve.invoke(StandardContextValve.java:90)
	at org.apache.catalina.authenticator.AuthenticatorBase.invoke(AuthenticatorBase.java:483)
	at org.apache.catalina.core.StandardHostValve.invoke(StandardHostValve.java:115)
	at org.apache.catalina.valves.ErrorReportValve.invoke(ErrorReportValve.java:93)
	at org.apache.catalina.core.StandardEngineValve.invoke(StandardEngineValve.java:74)
	at org.apache.catalina.connector.CoyoteAdapter.service(CoyoteAdapter.java:344)
	at org.apache.coyote.http11.Http11Processor.service(Http11Processor.java:384)
	at org.apache.coyote.AbstractProcessorLight.process(AbstractProcessorLight.java:63)
	at org.apache.coyote.AbstractProtocol$ConnectionHandler.process(AbstractProtocol.java:905)
	at org.apache.tomcat.util.net.NioEndpoint$SocketProcessor.doRun(NioEndpoint.java:1741)
	at org.apache.tomcat.util.net.SocketProcessorBase.run(SocketProcessorBase.java:52)
	at org.apache.tomcat.util.threads.ThreadPoolExecutor.runWorker(ThreadPoolExecutor.java:1190)
	at org.apache.tomcat.util.threads.ThreadPoolExecutor$Worker.run(ThreadPoolExecutor.java:659)
	at org.apache.tomcat.util.threads.TaskThread$WrappingRunnable.run(TaskThread.java:63)
	at java.base/java.lang.Thread.run(Thread.java:1575)
2026-06-29 20:35:33                      [restDemo]                      [http-nio-8001-exec-7]                      WARN                       o.s.w.s.m.m.a.ExceptionHandlerExceptionResolver                      - Resolved [org.springframework.jdbc.BadSqlGrammarException: StatementCallback; bad SQL grammar [SELECT * FROM users]]
2026-06-29 20:38:01                      [restDemo]                      [SpringApplicationShutdownHook]                      INFO                       o.s.o.j.LocalContainerEntityManagerFactoryBean                      - Closing JPA EntityManagerFactory for persistence unit 'default'
2026-06-29 20:38:01                      [restDemo]                      [SpringApplicationShutdownHook]                      WARN                       o.s.b.f.s.DisposableBeanAdapter                      - Invocation of destroy method failed on bean with name 'inMemoryDatabaseShutdownExecutor': org.h2.jdbc.JdbcSQLNonTransientConnectionException: Database is already closed (to disable automatic closing at VM shutdown, add ";DB_CLOSE_ON_EXIT=FALSE" to the db URL) [90121-224]
2026-06-29 20:38:01                      [restDemo]                      [SpringApplicationShutdownHook]                      INFO                       com.zaxxer.hikari.HikariDataSource                      - HikariPool-1 - Shutdown initiated...
2026-06-29 20:38:01                      [restDemo]                      [SpringApplicationShutdownHook]                      INFO                       com.zaxxer.hikari.HikariDataSource                      - HikariPool-1 - Shutdown completed.
2026-06-29 20:38:06                      [restDemo]                      [restartedMain]                      INFO                       com.restDemo.RestDemoApplication                      - Starting RestDemoApplication using Java 23 with PID 67442 (/home/logeshkumar/Desktop/practice/restDemo/target/classes started by logeshkumar in /home/logeshkumar/Desktop/practice/restDemo)
2026-06-29 20:38:06                      [restDemo]                      [restartedMain]                      INFO                       com.restDemo.RestDemoApplication                      - No active profile set, falling back to 1 default profile: "default"
2026-06-29 20:38:06                      [restDemo]                      [restartedMain]                      INFO                       o.s.b.d.e.DevToolsPropertyDefaultsPostProcessor                      - Devtools property defaults active! Set 'spring.devtools.add-properties' to 'false' to disable
2026-06-29 20:38:06                      [restDemo]                      [restartedMain]                      INFO                       o.s.b.d.e.DevToolsPropertyDefaultsPostProcessor                      - For additional web related logging consider setting the 'logging.level.web' property to 'DEBUG'
2026-06-29 20:38:07                      [restDemo]                      [restartedMain]                      INFO                       o.s.d.r.c.RepositoryConfigurationDelegate                      - Bootstrapping Spring Data JPA repositories in DEFAULT mode.
2026-06-29 20:38:07                      [restDemo]                      [restartedMain]                      INFO                       o.s.d.r.c.RepositoryConfigurationDelegate                      - Finished Spring Data repository scanning in 58 ms. Found 1 JPA repository interface.
2026-06-29 20:38:07                      [restDemo]                      [restartedMain]                      INFO                       o.s.b.w.e.tomcat.TomcatWebServer                      - Tomcat initialized with port 8001 (http)
2026-06-29 20:38:07                      [restDemo]                      [restartedMain]                      INFO                       o.a.coyote.http11.Http11NioProtocol                      - Initializing ProtocolHandler ["http-nio-8001"]
2026-06-29 20:38:07                      [restDemo]                      [restartedMain]                      INFO                       o.a.catalina.core.StandardService                      - Starting service [Tomcat]
2026-06-29 20:38:07                      [restDemo]                      [restartedMain]                      INFO                       o.a.catalina.core.StandardEngine                      - Starting Servlet engine: [Apache Tomcat/10.1.31]
2026-06-29 20:38:08                      [restDemo]                      [restartedMain]                      INFO                       o.a.c.c.C.[Tomcat].[localhost].[/]                      - Initializing Spring embedded WebApplicationContext
2026-06-29 20:38:08                      [restDemo]                      [restartedMain]                      INFO                       o.s.b.w.s.c.ServletWebServerApplicationContext                      - Root WebApplicationContext: initialization completed in 1681 ms
2026-06-29 20:38:08                      [restDemo]                      [restartedMain]                      INFO                       com.zaxxer.hikari.HikariDataSource                      - HikariPool-1 - Starting...
2026-06-29 20:38:08                      [restDemo]                      [restartedMain]                      INFO                       com.zaxxer.hikari.pool.HikariPool                      - HikariPool-1 - Added connection conn0: url=jdbc:h2:mem:testdb user=SA
2026-06-29 20:38:08                      [restDemo]                      [restartedMain]                      INFO                       com.zaxxer.hikari.HikariDataSource                      - HikariPool-1 - Start completed.
2026-06-29 20:38:08                      [restDemo]                      [restartedMain]                      INFO                       o.s.b.a.h.H2ConsoleAutoConfiguration                      - H2 console available at '/h2-console'. Database available at 'jdbc:h2:mem:testdb'
2026-06-29 20:38:08                      [restDemo]                      [restartedMain]                      INFO                       o.h.jpa.internal.util.LogHelper                      - HHH000204: Processing PersistenceUnitInfo [name: default]
2026-06-29 20:38:08                      [restDemo]                      [restartedMain]                      INFO                       org.hibernate.Version                      - HHH000412: Hibernate ORM core version 6.5.3.Final
2026-06-29 20:38:08                      [restDemo]                      [restartedMain]                      INFO                       o.h.c.i.RegionFactoryInitiator                      - HHH000026: Second-level cache disabled
2026-06-29 20:38:08                      [restDemo]                      [restartedMain]                      INFO                       o.s.o.j.p.SpringPersistenceUnitInfo                      - No LoadTimeWeaver setup: ignoring JPA class transformer
2026-06-29 20:38:08                      [restDemo]                      [restartedMain]                      WARN                       org.hibernate.orm.deprecation                      - HHH90000025: H2Dialect does not need to be specified explicitly using 'hibernate.dialect' (remove the property setting and it will be selected by default)
2026-06-29 20:38:09                      [restDemo]                      [restartedMain]                      INFO                       o.h.e.t.j.p.i.JtaPlatformInitiator                      - HHH000489: No JTA platform available (set 'hibernate.transaction.jta.platform' to enable JTA platform integration)
2026-06-29 20:38:09                      [restDemo]                      [restartedMain]                      DEBUG                      org.hibernate.SQL                      - create table users (id bigint generated by default as identity, created_at bigint, created_by bigint, created_date timestamp(6), updated_at bigint, updated_by bigint, updated_date timestamp(6), city varchar(255), email_id varchar(255), mobile_no varchar(255), name varchar(255), password varchar(255), user_id varchar(255), user_name varchar(255), primary key (id))
2026-06-29 20:38:09                      [restDemo]                      [restartedMain]                      INFO                       o.s.o.j.LocalContainerEntityManagerFactoryBean                      - Initialized JPA EntityManagerFactory for persistence unit 'default'
2026-06-29 20:38:09                      [restDemo]                      [restartedMain]                      WARN                       o.s.b.a.o.j.JpaBaseConfiguration$JpaWebConfiguration                      - spring.jpa.open-in-view is enabled by default. Therefore, database queries may be performed during view rendering. Explicitly configure spring.jpa.open-in-view to disable this warning
2026-06-29 20:38:10                      [restDemo]                      [restartedMain]                      WARN                       o.s.b.a.s.s.UserDetailsServiceAutoConfiguration                      - 

Using generated security password: eba870c9-8dfe-4b26-8ec2-ac5217d93014

This generated password is for development use only. Your security configuration must be updated before running your application in production.

2026-06-29 20:38:10                      [restDemo]                      [restartedMain]                      INFO                       o.s.s.c.a.a.c.InitializeUserDetailsBeanManagerConfigurer$InitializeUserDetailsManagerConfigurer                      - Global AuthenticationManager configured with UserDetailsService bean with name inMemoryUserDetailsManager
2026-06-29 20:38:10                      [restDemo]                      [restartedMain]                      INFO                       o.s.b.d.a.OptionalLiveReloadServer                      - LiveReload server is running on port 35729
2026-06-29 20:38:10                      [restDemo]                      [restartedMain]                      INFO                       o.a.coyote.http11.Http11NioProtocol                      - Starting ProtocolHandler ["http-nio-8001"]
2026-06-29 20:38:10                      [restDemo]                      [restartedMain]                      INFO                       o.s.b.w.e.tomcat.TomcatWebServer                      - Tomcat started on port 8001 (http) with context path '/'
2026-06-29 20:38:10                      [restDemo]                      [restartedMain]                      INFO                       com.restDemo.RestDemoApplication                      - Started RestDemoApplication in 5.065 seconds (process running for 5.652)
2026-06-29 20:38:16                      [restDemo]                      [http-nio-8001-exec-2]                      INFO                       o.a.c.c.C.[Tomcat].[localhost].[/]                      - Initializing Spring DispatcherServlet 'dispatcherServlet'
2026-06-29 20:38:16                      [restDemo]                      [http-nio-8001-exec-2]                      INFO                       o.s.web.servlet.DispatcherServlet                      - Initializing Servlet 'dispatcherServlet'
2026-06-29 20:38:16                      [restDemo]                      [http-nio-8001-exec-2]                      INFO                       o.s.web.servlet.DispatcherServlet                      - Completed initialization in 1 ms
2026-06-29 20:38:16                      [restDemo]                      [http-nio-8001-exec-2]                      INFO                       com.restDemo.service.UserService                      - ERROR WHILE GETTING
2026-06-29 20:38:25                      [restDemo]                      [http-nio-8001-exec-3]                      DEBUG                      org.hibernate.SQL                      - select u1_0.id,u1_0.city,u1_0.created_at,u1_0.created_by,u1_0.created_date,u1_0.email_id,u1_0.mobile_no,u1_0.name,u1_0.password,u1_0.updated_at,u1_0.updated_by,u1_0.updated_date,u1_0.user_id,u1_0.user_name from users u1_0 where u1_0.user_name=?
2026-06-29 20:38:25                      [restDemo]                      [http-nio-8001-exec-3]                      DEBUG                      org.hibernate.SQL                      - select u1_0.id from users u1_0 where u1_0.email_id=? fetch first ? rows only
2026-06-29 20:38:25                      [restDemo]                      [http-nio-8001-exec-3]                      DEBUG                      org.hibernate.SQL                      - insert into users (city,created_at,created_by,created_date,email_id,mobile_no,name,password,updated_at,updated_by,updated_date,user_id,user_name,id) values (?,?,?,?,?,?,?,?,?,?,?,?,?,default)
2026-06-29 20:38:26                      [restDemo]                      [http-nio-8001-exec-4]                      DEBUG                      org.hibernate.SQL                      - select u1_0.id,u1_0.city,u1_0.created_at,u1_0.created_by,u1_0.created_date,u1_0.email_id,u1_0.mobile_no,u1_0.name,u1_0.password,u1_0.updated_at,u1_0.updated_by,u1_0.updated_date,u1_0.user_id,u1_0.user_name from users u1_0 where u1_0.user_name=?
2026-06-29 20:38:26                      [restDemo]                      [http-nio-8001-exec-4]                      DEBUG                      org.hibernate.SQL                      - select u1_0.id from users u1_0 where u1_0.email_id=? fetch first ? rows only
2026-06-29 20:38:26                      [restDemo]                      [http-nio-8001-exec-4]                      ERROR                      c.r.a.GlobalExceptionHandler                      - Exception while processing request
java.lang.IllegalStateException: Email id Already Exist
	at com.restDemo.service.UserService.insert(UserService.java:37)
	at com.restDemo.controller.UserController.insert(UserController.java:41)
	at java.base/jdk.internal.reflect.DirectMethodHandleAccessor.invoke(DirectMethodHandleAccessor.java:103)
	at java.base/java.lang.reflect.Method.invoke(Method.java:580)
	at org.springframework.web.method.support.InvocableHandlerMethod.doInvoke(InvocableHandlerMethod.java:255)
	at org.springframework.web.method.support.InvocableHandlerMethod.invokeForRequest(InvocableHandlerMethod.java:188)
	at org.springframework.web.servlet.mvc.method.annotation.ServletInvocableHandlerMethod.invokeAndHandle(ServletInvocableHandlerMethod.java:118)
	at org.springframework.web.servlet.mvc.method.annotation.RequestMappingHandlerAdapter.invokeHandlerMethod(RequestMappingHandlerAdapter.java:926)
	at org.springframework.web.servlet.mvc.method.annotation.RequestMappingHandlerAdapter.handleInternal(RequestMappingHandlerAdapter.java:831)
	at org.springframework.web.servlet.mvc.method.AbstractHandlerMethodAdapter.handle(AbstractHandlerMethodAdapter.java:87)
	at org.springframework.web.servlet.DispatcherServlet.doDispatch(DispatcherServlet.java:1089)
	at org.springframework.web.servlet.DispatcherServlet.doService(DispatcherServlet.java:979)
	at org.springframework.web.servlet.FrameworkServlet.processRequest(FrameworkServlet.java:1014)
	at org.springframework.web.servlet.FrameworkServlet.doPost(FrameworkServlet.java:914)
	at jakarta.servlet.http.HttpServlet.service(HttpServlet.java:590)
	at org.springframework.web.servlet.FrameworkServlet.service(FrameworkServlet.java:885)
	at jakarta.servlet.http.HttpServlet.service(HttpServlet.java:658)
	at org.apache.catalina.core.ApplicationFilterChain.internalDoFilter(ApplicationFilterChain.java:195)
	at org.apache.catalina.core.ApplicationFilterChain.doFilter(ApplicationFilterChain.java:140)
	at org.apache.tomcat.websocket.server.WsFilter.doFilter(WsFilter.java:51)
	at org.apache.catalina.core.ApplicationFilterChain.internalDoFilter(ApplicationFilterChain.java:164)
	at org.apache.catalina.core.ApplicationFilterChain.doFilter(ApplicationFilterChain.java:140)
	at org.springframework.web.filter.CompositeFilter$VirtualFilterChain.doFilter(CompositeFilter.java:108)
	at org.springframework.security.web.FilterChainProxy.lambda$doFilterInternal$3(FilterChainProxy.java:231)
	at org.springframework.security.web.FilterChainProxy$VirtualFilterChain.doFilter(FilterChainProxy.java:365)
	at org.springframework.security.web.access.intercept.AuthorizationFilter.doFilter(AuthorizationFilter.java:100)
	at org.springframework.security.web.FilterChainProxy$VirtualFilterChain.doFilter(FilterChainProxy.java:374)
	at org.springframework.security.web.access.ExceptionTranslationFilter.doFilter(ExceptionTranslationFilter.java:126)
	at org.springframework.security.web.access.ExceptionTranslationFilter.doFilter(ExceptionTranslationFilter.java:120)
	at org.springframework.security.web.FilterChainProxy$VirtualFilterChain.doFilter(FilterChainProxy.java:374)
	at org.springframework.security.web.authentication.AnonymousAuthenticationFilter.doFilter(AnonymousAuthenticationFilter.java:100)
	at org.springframework.security.web.FilterChainProxy$VirtualFilterChain.doFilter(FilterChainProxy.java:374)
	at org.springframework.security.web.servletapi.SecurityContextHolderAwareRequestFilter.doFilter(SecurityContextHolderAwareRequestFilter.java:179)
	at org.springframework.security.web.FilterChainProxy$VirtualFilterChain.doFilter(FilterChainProxy.java:374)
	at org.springframework.security.web.savedrequest.RequestCacheAwareFilter.doFilter(RequestCacheAwareFilter.java:63)
	at org.springframework.security.web.FilterChainProxy$VirtualFilterChain.doFilter(FilterChainProxy.java:374)
	at org.springframework.security.web.authentication.logout.LogoutFilter.doFilter(LogoutFilter.java:107)
	at org.springframework.security.web.authentication.logout.LogoutFilter.doFilter(LogoutFilter.java:93)
	at org.springframework.security.web.FilterChainProxy$VirtualFilterChain.doFilter(FilterChainProxy.java:374)
	at org.springframework.security.web.header.HeaderWriterFilter.doHeadersAfter(HeaderWriterFilter.java:90)
	at org.springframework.security.web.header.HeaderWriterFilter.doFilterInternal(HeaderWriterFilter.java:75)
	at org.springframework.web.filter.OncePerRequestFilter.doFilter(OncePerRequestFilter.java:116)
	at org.springframework.security.web.FilterChainProxy$VirtualFilterChain.doFilter(FilterChainProxy.java:374)
	at org.springframework.security.web.context.SecurityContextHolderFilter.doFilter(SecurityContextHolderFilter.java:82)
	at org.springframework.security.web.context.SecurityContextHolderFilter.doFilter(SecurityContextHolderFilter.java:69)
	at org.springframework.security.web.FilterChainProxy$VirtualFilterChain.doFilter(FilterChainProxy.java:374)
	at org.springframework.security.web.context.request.async.WebAsyncManagerIntegrationFilter.doFilterInternal(WebAsyncManagerIntegrationFilter.java:62)
	at org.springframework.web.filter.OncePerRequestFilter.doFilter(OncePerRequestFilter.java:116)
	at org.springframework.security.web.FilterChainProxy$VirtualFilterChain.doFilter(FilterChainProxy.java:374)
	at org.springframework.security.web.session.DisableEncodeUrlFilter.doFilterInternal(DisableEncodeUrlFilter.java:42)
	at org.springframework.web.filter.OncePerRequestFilter.doFilter(OncePerRequestFilter.java:116)
	at org.springframework.security.web.FilterChainProxy$VirtualFilterChain.doFilter(FilterChainProxy.java:374)
	at org.springframework.security.web.FilterChainProxy.doFilterInternal(FilterChainProxy.java:233)
	at org.springframework.security.web.FilterChainProxy.doFilter(FilterChainProxy.java:191)
	at org.springframework.web.filter.CompositeFilter$VirtualFilterChain.doFilter(CompositeFilter.java:113)
	at org.springframework.web.servlet.handler.HandlerMappingIntrospector.lambda$createCacheFilter$3(HandlerMappingIntrospector.java:195)
	at org.springframework.web.filter.CompositeFilter$VirtualFilterChain.doFilter(CompositeFilter.java:113)
	at org.springframework.web.filter.CompositeFilter.doFilter(CompositeFilter.java:74)
	at org.springframework.security.config.annotation.web.configuration.WebMvcSecurityConfiguration$CompositeFilterChainProxy.doFilter(WebMvcSecurityConfiguration.java:230)
	at org.springframework.web.filter.DelegatingFilterProxy.invokeDelegate(DelegatingFilterProxy.java:362)
	at org.springframework.web.filter.DelegatingFilterProxy.doFilter(DelegatingFilterProxy.java:278)
	at org.apache.catalina.core.ApplicationFilterChain.internalDoFilter(ApplicationFilterChain.java:164)
	at org.apache.catalina.core.ApplicationFilterChain.doFilter(ApplicationFilterChain.java:140)
	at org.springframework.web.filter.RequestContextFilter.doFilterInternal(RequestContextFilter.java:100)
	at org.springframework.web.filter.OncePerRequestFilter.doFilter(OncePerRequestFilter.java:116)
	at org.apache.catalina.core.ApplicationFilterChain.internalDoFilter(ApplicationFilterChain.java:164)
	at org.apache.catalina.core.ApplicationFilterChain.doFilter(ApplicationFilterChain.java:140)
	at org.springframework.web.filter.FormContentFilter.doFilterInternal(FormContentFilter.java:93)
	at org.springframework.web.filter.OncePerRequestFilter.doFilter(OncePerRequestFilter.java:116)
	at org.apache.catalina.core.ApplicationFilterChain.internalDoFilter(ApplicationFilterChain.java:164)
	at org.apache.catalina.core.ApplicationFilterChain.doFilter(ApplicationFilterChain.java:140)
	at org.springframework.web.filter.CharacterEncodingFilter.doFilterInternal(CharacterEncodingFilter.java:201)
	at org.springframework.web.filter.OncePerRequestFilter.doFilter(OncePerRequestFilter.java:116)
	at org.apache.catalina.core.ApplicationFilterChain.internalDoFilter(ApplicationFilterChain.java:164)
	at org.apache.catalina.core.ApplicationFilterChain.doFilter(ApplicationFilterChain.java:140)
	at org.apache.catalina.core.StandardWrapperValve.invoke(StandardWrapperValve.java:167)
	at org.apache.catalina.core.StandardContextValve.invoke(StandardContextValve.java:90)
	at org.apache.catalina.authenticator.AuthenticatorBase.invoke(AuthenticatorBase.java:483)
	at org.apache.catalina.core.StandardHostValve.invoke(StandardHostValve.java:115)
	at org.apache.catalina.valves.ErrorReportValve.invoke(ErrorReportValve.java:93)
	at org.apache.catalina.core.StandardEngineValve.invoke(StandardEngineValve.java:74)
	at org.apache.catalina.connector.CoyoteAdapter.service(CoyoteAdapter.java:344)
	at org.apache.coyote.http11.Http11Processor.service(Http11Processor.java:384)
	at org.apache.coyote.AbstractProcessorLight.process(AbstractProcessorLight.java:63)
	at org.apache.coyote.AbstractProtocol$ConnectionHandler.process(AbstractProtocol.java:905)
	at org.apache.tomcat.util.net.NioEndpoint$SocketProcessor.doRun(NioEndpoint.java:1741)
	at org.apache.tomcat.util.net.SocketProcessorBase.run(SocketProcessorBase.java:52)
	at org.apache.tomcat.util.threads.ThreadPoolExecutor.runWorker(ThreadPoolExecutor.java:1190)
	at org.apache.tomcat.util.threads.ThreadPoolExecutor$Worker.run(ThreadPoolExecutor.java:659)
	at org.apache.tomcat.util.threads.TaskThread$WrappingRunnable.run(TaskThread.java:63)
	at java.base/java.lang.Thread.run(Thread.java:1575)
2026-06-29 20:38:26                      [restDemo]                      [http-nio-8001-exec-4]                      WARN                       o.s.w.s.m.m.a.ExceptionHandlerExceptionResolver                      - Resolved [com.restDemo.apiexceptions.ApiException: java.lang.IllegalStateException: Email id Already Exist]
2026-06-29 20:38:40                      [restDemo]                      [http-nio-8001-exec-5]                      ERROR                      c.r.a.GlobalExceptionHandler                      - UNEXPECTED ERROR
java.lang.NumberFormatException: Cannot parse null string
	at java.base/java.lang.Long.parseLong(Long.java:580)
	at java.base/java.lang.Long.parseLong(Long.java:722)
	at com.restDemo.service.UserService.getAllUsers(UserService.java:69)
	at com.restDemo.controller.UserController.getAllUsers(UserController.java:47)
	at java.base/jdk.internal.reflect.DirectMethodHandleAccessor.invoke(DirectMethodHandleAccessor.java:103)
	at java.base/java.lang.reflect.Method.invoke(Method.java:580)
	at org.springframework.web.method.support.InvocableHandlerMethod.doInvoke(InvocableHandlerMethod.java:255)
	at org.springframework.web.method.support.InvocableHandlerMethod.invokeForRequest(InvocableHandlerMethod.java:188)
	at org.springframework.web.servlet.mvc.method.annotation.ServletInvocableHandlerMethod.invokeAndHandle(ServletInvocableHandlerMethod.java:118)
	at org.springframework.web.servlet.mvc.method.annotation.RequestMappingHandlerAdapter.invokeHandlerMethod(RequestMappingHandlerAdapter.java:926)
	at org.springframework.web.servlet.mvc.method.annotation.RequestMappingHandlerAdapter.handleInternal(RequestMappingHandlerAdapter.java:831)
	at org.springframework.web.servlet.mvc.method.AbstractHandlerMethodAdapter.handle(AbstractHandlerMethodAdapter.java:87)
	at org.springframework.web.servlet.DispatcherServlet.doDispatch(DispatcherServlet.java:1089)
	at org.springframework.web.servlet.DispatcherServlet.doService(DispatcherServlet.java:979)
	at org.springframework.web.servlet.FrameworkServlet.processRequest(FrameworkServlet.java:1014)
	at org.springframework.web.servlet.FrameworkServlet.doGet(FrameworkServlet.java:903)
	at jakarta.servlet.http.HttpServlet.service(HttpServlet.java:564)
	at org.springframework.web.servlet.FrameworkServlet.service(FrameworkServlet.java:885)
	at jakarta.servlet.http.HttpServlet.service(HttpServlet.java:658)
	at org.apache.catalina.core.ApplicationFilterChain.internalDoFilter(ApplicationFilterChain.java:195)
	at org.apache.catalina.core.ApplicationFilterChain.doFilter(ApplicationFilterChain.java:140)
	at org.apache.tomcat.websocket.server.WsFilter.doFilter(WsFilter.java:51)
	at org.apache.catalina.core.ApplicationFilterChain.internalDoFilter(ApplicationFilterChain.java:164)
	at org.apache.catalina.core.ApplicationFilterChain.doFilter(ApplicationFilterChain.java:140)
	at org.springframework.web.filter.CompositeFilter$VirtualFilterChain.doFilter(CompositeFilter.java:108)
	at org.springframework.security.web.FilterChainProxy.lambda$doFilterInternal$3(FilterChainProxy.java:231)
	at org.springframework.security.web.FilterChainProxy$VirtualFilterChain.doFilter(FilterChainProxy.java:365)
	at org.springframework.security.web.access.intercept.AuthorizationFilter.doFilter(AuthorizationFilter.java:100)
	at org.springframework.security.web.FilterChainProxy$VirtualFilterChain.doFilter(FilterChainProxy.java:374)
	at org.springframework.security.web.access.ExceptionTranslationFilter.doFilter(ExceptionTranslationFilter.java:126)
	at org.springframework.security.web.access.ExceptionTranslationFilter.doFilter(ExceptionTranslationFilter.java:120)
	at org.springframework.security.web.FilterChainProxy$VirtualFilterChain.doFilter(FilterChainProxy.java:374)
	at org.springframework.security.web.authentication.AnonymousAuthenticationFilter.doFilter(AnonymousAuthenticationFilter.java:100)
	at org.springframework.security.web.FilterChainProxy$VirtualFilterChain.doFilter(FilterChainProxy.java:374)
	at org.springframework.security.web.servletapi.SecurityContextHolderAwareRequestFilter.doFilter(SecurityContextHolderAwareRequestFilter.java:179)
	at org.springframework.security.web.FilterChainProxy$VirtualFilterChain.doFilter(FilterChainProxy.java:374)
	at org.springframework.security.web.savedrequest.RequestCacheAwareFilter.doFilter(RequestCacheAwareFilter.java:63)
	at org.springframework.security.web.FilterChainProxy$VirtualFilterChain.doFilter(FilterChainProxy.java:374)
	at org.springframework.security.web.authentication.logout.LogoutFilter.doFilter(LogoutFilter.java:107)
	at org.springframework.security.web.authentication.logout.LogoutFilter.doFilter(LogoutFilter.java:93)
	at org.springframework.security.web.FilterChainProxy$VirtualFilterChain.doFilter(FilterChainProxy.java:374)
	at org.springframework.security.web.header.HeaderWriterFilter.doHeadersAfter(HeaderWriterFilter.java:90)
	at org.springframework.security.web.header.HeaderWriterFilter.doFilterInternal(HeaderWriterFilter.java:75)
	at org.springframework.web.filter.OncePerRequestFilter.doFilter(OncePerRequestFilter.java:116)
	at org.springframework.security.web.FilterChainProxy$VirtualFilterChain.doFilter(FilterChainProxy.java:374)
	at org.springframework.security.web.context.SecurityContextHolderFilter.doFilter(SecurityContextHolderFilter.java:82)
	at org.springframework.security.web.context.SecurityContextHolderFilter.doFilter(SecurityContextHolderFilter.java:69)
	at org.springframework.security.web.FilterChainProxy$VirtualFilterChain.doFilter(FilterChainProxy.java:374)
	at org.springframework.security.web.context.request.async.WebAsyncManagerIntegrationFilter.doFilterInternal(WebAsyncManagerIntegrationFilter.java:62)
	at org.springframework.web.filter.OncePerRequestFilter.doFilter(OncePerRequestFilter.java:116)
	at org.springframework.security.web.FilterChainProxy$VirtualFilterChain.doFilter(FilterChainProxy.java:374)
	at org.springframework.security.web.session.DisableEncodeUrlFilter.doFilterInternal(DisableEncodeUrlFilter.java:42)
	at org.springframework.web.filter.OncePerRequestFilter.doFilter(OncePerRequestFilter.java:116)
	at org.springframework.security.web.FilterChainProxy$VirtualFilterChain.doFilter(FilterChainProxy.java:374)
	at org.springframework.security.web.FilterChainProxy.doFilterInternal(FilterChainProxy.java:233)
	at org.springframework.security.web.FilterChainProxy.doFilter(FilterChainProxy.java:191)
	at org.springframework.web.filter.CompositeFilter$VirtualFilterChain.doFilter(CompositeFilter.java:113)
	at org.springframework.web.servlet.handler.HandlerMappingIntrospector.lambda$createCacheFilter$3(HandlerMappingIntrospector.java:195)
	at org.springframework.web.filter.CompositeFilter$VirtualFilterChain.doFilter(CompositeFilter.java:113)
	at org.springframework.web.filter.CompositeFilter.doFilter(CompositeFilter.java:74)
	at org.springframework.security.config.annotation.web.configuration.WebMvcSecurityConfiguration$CompositeFilterChainProxy.doFilter(WebMvcSecurityConfiguration.java:230)
	at org.springframework.web.filter.DelegatingFilterProxy.invokeDelegate(DelegatingFilterProxy.java:362)
	at org.springframework.web.filter.DelegatingFilterProxy.doFilter(DelegatingFilterProxy.java:278)
	at org.apache.catalina.core.ApplicationFilterChain.internalDoFilter(ApplicationFilterChain.java:164)
	at org.apache.catalina.core.ApplicationFilterChain.doFilter(ApplicationFilterChain.java:140)
	at org.springframework.web.filter.RequestContextFilter.doFilterInternal(RequestContextFilter.java:100)
	at org.springframework.web.filter.OncePerRequestFilter.doFilter(OncePerRequestFilter.java:116)
	at org.apache.catalina.core.ApplicationFilterChain.internalDoFilter(ApplicationFilterChain.java:164)
	at org.apache.catalina.core.ApplicationFilterChain.doFilter(ApplicationFilterChain.java:140)
	at org.springframework.web.filter.FormContentFilter.doFilterInternal(FormContentFilter.java:93)
	at org.springframework.web.filter.OncePerRequestFilter.doFilter(OncePerRequestFilter.java:116)
	at org.apache.catalina.core.ApplicationFilterChain.internalDoFilter(ApplicationFilterChain.java:164)
	at org.apache.catalina.core.ApplicationFilterChain.doFilter(ApplicationFilterChain.java:140)
	at org.springframework.web.filter.CharacterEncodingFilter.doFilterInternal(CharacterEncodingFilter.java:201)
	at org.springframework.web.filter.OncePerRequestFilter.doFilter(OncePerRequestFilter.java:116)
	at org.apache.catalina.core.ApplicationFilterChain.internalDoFilter(ApplicationFilterChain.java:164)
	at org.apache.catalina.core.ApplicationFilterChain.doFilter(ApplicationFilterChain.java:140)
	at org.apache.catalina.core.StandardWrapperValve.invoke(StandardWrapperValve.java:167)
	at org.apache.catalina.core.StandardContextValve.invoke(StandardContextValve.java:90)
	at org.apache.catalina.authenticator.AuthenticatorBase.invoke(AuthenticatorBase.java:483)
	at org.apache.catalina.core.StandardHostValve.invoke(StandardHostValve.java:115)
	at org.apache.catalina.valves.ErrorReportValve.invoke(ErrorReportValve.java:93)
	at org.apache.catalina.core.StandardEngineValve.invoke(StandardEngineValve.java:74)
	at org.apache.catalina.connector.CoyoteAdapter.service(CoyoteAdapter.java:344)
	at org.apache.coyote.http11.Http11Processor.service(Http11Processor.java:384)
	at org.apache.coyote.AbstractProcessorLight.process(AbstractProcessorLight.java:63)
	at org.apache.coyote.AbstractProtocol$ConnectionHandler.process(AbstractProtocol.java:905)
	at org.apache.tomcat.util.net.NioEndpoint$SocketProcessor.doRun(NioEndpoint.java:1741)
	at org.apache.tomcat.util.net.SocketProcessorBase.run(SocketProcessorBase.java:52)
	at org.apache.tomcat.util.threads.ThreadPoolExecutor.runWorker(ThreadPoolExecutor.java:1190)
	at org.apache.tomcat.util.threads.ThreadPoolExecutor$Worker.run(ThreadPoolExecutor.java:659)
	at org.apache.tomcat.util.threads.TaskThread$WrappingRunnable.run(TaskThread.java:63)
	at java.base/java.lang.Thread.run(Thread.java:1575)
2026-06-29 20:38:40                      [restDemo]                      [http-nio-8001-exec-5]                      WARN                       o.s.w.s.m.m.a.ExceptionHandlerExceptionResolver                      - Resolved [java.lang.NumberFormatException: Cannot parse null string]
2026-06-29 20:38:58                      [restDemo]                      [http-nio-8001-exec-8]                      ERROR                      c.r.a.GlobalExceptionHandler                      - Exception while processing request
org.h2.jdbc.JdbcSQLSyntaxErrorException: Column "updated_by_d" not found [42122-224]
	at org.h2.message.DbException.getJdbcSQLException(DbException.java:514)
	at org.h2.message.DbException.getJdbcSQLException(DbException.java:489)
	at org.h2.message.DbException.get(DbException.java:223)
	at org.h2.message.DbException.get(DbException.java:199)
	at org.h2.jdbc.JdbcResultSet.getColumnIndex(JdbcResultSet.java:3492)
	at org.h2.jdbc.JdbcResultSet.getLong(JdbcResultSet.java:745)
	at com.zaxxer.hikari.pool.HikariProxyResultSet.getLong(HikariProxyResultSet.java)
	at com.restDemo.mapper.UserMapper.mapRow(UserMapper.java:25)
	at com.restDemo.mapper.UserMapper.mapRow(UserMapper.java:10)
	at org.springframework.jdbc.core.RowMapperResultSetExtractor.extractData(RowMapperResultSetExtractor.java:94)
	at org.springframework.jdbc.core.RowMapperResultSetExtractor.extractData(RowMapperResultSetExtractor.java:61)
	at org.springframework.jdbc.core.JdbcTemplate$1QueryStatementCallback.doInStatement(JdbcTemplate.java:464)
	at org.springframework.jdbc.core.JdbcTemplate.execute(JdbcTemplate.java:393)
	at org.springframework.jdbc.core.JdbcTemplate.query(JdbcTemplate.java:476)
	at org.springframework.jdbc.core.JdbcTemplate.query(JdbcTemplate.java:486)
	at com.restDemo.repositoryImpl.UserRepositoryImpl.getUsers(UserRepositoryImpl.java:19)
	at com.restDemo.service.UserService.getAllUserDTO(UserService.java:75)
	at com.restDemo.controller.UserController.getAllUsersDTO(UserController.java:66)
	at java.base/jdk.internal.reflect.DirectMethodHandleAccessor.invoke(DirectMethodHandleAccessor.java:103)
	at java.base/java.lang.reflect.Method.invoke(Method.java:580)
	at org.springframework.web.method.support.InvocableHandlerMethod.doInvoke(InvocableHandlerMethod.java:255)
	at org.springframework.web.method.support.InvocableHandlerMethod.invokeForRequest(InvocableHandlerMethod.java:188)
	at org.springframework.web.servlet.mvc.method.annotation.ServletInvocableHandlerMethod.invokeAndHandle(ServletInvocableHandlerMethod.java:118)
	at org.springframework.web.servlet.mvc.method.annotation.RequestMappingHandlerAdapter.invokeHandlerMethod(RequestMappingHandlerAdapter.java:926)
	at org.springframework.web.servlet.mvc.method.annotation.RequestMappingHandlerAdapter.handleInternal(RequestMappingHandlerAdapter.java:831)
	at org.springframework.web.servlet.mvc.method.AbstractHandlerMethodAdapter.handle(AbstractHandlerMethodAdapter.java:87)
	at org.springframework.web.servlet.DispatcherServlet.doDispatch(DispatcherServlet.java:1089)
	at org.springframework.web.servlet.DispatcherServlet.doService(DispatcherServlet.java:979)
	at org.springframework.web.servlet.FrameworkServlet.processRequest(FrameworkServlet.java:1014)
	at org.springframework.web.servlet.FrameworkServlet.doGet(FrameworkServlet.java:903)
	at jakarta.servlet.http.HttpServlet.service(HttpServlet.java:564)
	at org.springframework.web.servlet.FrameworkServlet.service(FrameworkServlet.java:885)
	at jakarta.servlet.http.HttpServlet.service(HttpServlet.java:658)
	at org.apache.catalina.core.ApplicationFilterChain.internalDoFilter(ApplicationFilterChain.java:195)
	at org.apache.catalina.core.ApplicationFilterChain.doFilter(ApplicationFilterChain.java:140)
	at org.apache.tomcat.websocket.server.WsFilter.doFilter(WsFilter.java:51)
	at org.apache.catalina.core.ApplicationFilterChain.internalDoFilter(ApplicationFilterChain.java:164)
	at org.apache.catalina.core.ApplicationFilterChain.doFilter(ApplicationFilterChain.java:140)
	at org.springframework.web.filter.CompositeFilter$VirtualFilterChain.doFilter(CompositeFilter.java:108)
	at org.springframework.security.web.FilterChainProxy.lambda$doFilterInternal$3(FilterChainProxy.java:231)
	at org.springframework.security.web.FilterChainProxy$VirtualFilterChain.doFilter(FilterChainProxy.java:365)
	at org.springframework.security.web.access.intercept.AuthorizationFilter.doFilter(AuthorizationFilter.java:100)
	at org.springframework.security.web.FilterChainProxy$VirtualFilterChain.doFilter(FilterChainProxy.java:374)
	at org.springframework.security.web.access.ExceptionTranslationFilter.doFilter(ExceptionTranslationFilter.java:126)
	at org.springframework.security.web.access.ExceptionTranslationFilter.doFilter(ExceptionTranslationFilter.java:120)
	at org.springframework.security.web.FilterChainProxy$VirtualFilterChain.doFilter(FilterChainProxy.java:374)
	at org.springframework.security.web.authentication.AnonymousAuthenticationFilter.doFilter(AnonymousAuthenticationFilter.java:100)
	at org.springframework.security.web.FilterChainProxy$VirtualFilterChain.doFilter(FilterChainProxy.java:374)
	at org.springframework.security.web.servletapi.SecurityContextHolderAwareRequestFilter.doFilter(SecurityContextHolderAwareRequestFilter.java:179)
	at org.springframework.security.web.FilterChainProxy$VirtualFilterChain.doFilter(FilterChainProxy.java:374)
	at org.springframework.security.web.savedrequest.RequestCacheAwareFilter.doFilter(RequestCacheAwareFilter.java:63)
	at org.springframework.security.web.FilterChainProxy$VirtualFilterChain.doFilter(FilterChainProxy.java:374)
	at org.springframework.security.web.authentication.logout.LogoutFilter.doFilter(LogoutFilter.java:107)
	at org.springframework.security.web.authentication.logout.LogoutFilter.doFilter(LogoutFilter.java:93)
	at org.springframework.security.web.FilterChainProxy$VirtualFilterChain.doFilter(FilterChainProxy.java:374)
	at org.springframework.security.web.header.HeaderWriterFilter.doHeadersAfter(HeaderWriterFilter.java:90)
	at org.springframework.security.web.header.HeaderWriterFilter.doFilterInternal(HeaderWriterFilter.java:75)
	at org.springframework.web.filter.OncePerRequestFilter.doFilter(OncePerRequestFilter.java:116)
	at org.springframework.security.web.FilterChainProxy$VirtualFilterChain.doFilter(FilterChainProxy.java:374)
	at org.springframework.security.web.context.SecurityContextHolderFilter.doFilter(SecurityContextHolderFilter.java:82)
	at org.springframework.security.web.context.SecurityContextHolderFilter.doFilter(SecurityContextHolderFilter.java:69)
	at org.springframework.security.web.FilterChainProxy$VirtualFilterChain.doFilter(FilterChainProxy.java:374)
	at org.springframework.security.web.context.request.async.WebAsyncManagerIntegrationFilter.doFilterInternal(WebAsyncManagerIntegrationFilter.java:62)
	at org.springframework.web.filter.OncePerRequestFilter.doFilter(OncePerRequestFilter.java:116)
	at org.springframework.security.web.FilterChainProxy$VirtualFilterChain.doFilter(FilterChainProxy.java:374)
	at org.springframework.security.web.session.DisableEncodeUrlFilter.doFilterInternal(DisableEncodeUrlFilter.java:42)
	at org.springframework.web.filter.OncePerRequestFilter.doFilter(OncePerRequestFilter.java:116)
	at org.springframework.security.web.FilterChainProxy$VirtualFilterChain.doFilter(FilterChainProxy.java:374)
	at org.springframework.security.web.FilterChainProxy.doFilterInternal(FilterChainProxy.java:233)
	at org.springframework.security.web.FilterChainProxy.doFilter(FilterChainProxy.java:191)
	at org.springframework.web.filter.CompositeFilter$VirtualFilterChain.doFilter(CompositeFilter.java:113)
	at org.springframework.web.servlet.handler.HandlerMappingIntrospector.lambda$createCacheFilter$3(HandlerMappingIntrospector.java:195)
	at org.springframework.web.filter.CompositeFilter$VirtualFilterChain.doFilter(CompositeFilter.java:113)
	at org.springframework.web.filter.CompositeFilter.doFilter(CompositeFilter.java:74)
	at org.springframework.security.config.annotation.web.configuration.WebMvcSecurityConfiguration$CompositeFilterChainProxy.doFilter(WebMvcSecurityConfiguration.java:230)
	at org.springframework.web.filter.DelegatingFilterProxy.invokeDelegate(DelegatingFilterProxy.java:362)
	at org.springframework.web.filter.DelegatingFilterProxy.doFilter(DelegatingFilterProxy.java:278)
	at org.apache.catalina.core.ApplicationFilterChain.internalDoFilter(ApplicationFilterChain.java:164)
	at org.apache.catalina.core.ApplicationFilterChain.doFilter(ApplicationFilterChain.java:140)
	at org.springframework.web.filter.RequestContextFilter.doFilterInternal(RequestContextFilter.java:100)
	at org.springframework.web.filter.OncePerRequestFilter.doFilter(OncePerRequestFilter.java:116)
	at org.apache.catalina.core.ApplicationFilterChain.internalDoFilter(ApplicationFilterChain.java:164)
	at org.apache.catalina.core.ApplicationFilterChain.doFilter(ApplicationFilterChain.java:140)
	at org.springframework.web.filter.FormContentFilter.doFilterInternal(FormContentFilter.java:93)
	at org.springframework.web.filter.OncePerRequestFilter.doFilter(OncePerRequestFilter.java:116)
	at org.apache.catalina.core.ApplicationFilterChain.internalDoFilter(ApplicationFilterChain.java:164)
	at org.apache.catalina.core.ApplicationFilterChain.doFilter(ApplicationFilterChain.java:140)
	at org.springframework.web.filter.CharacterEncodingFilter.doFilterInternal(CharacterEncodingFilter.java:201)
	at org.springframework.web.filter.OncePerRequestFilter.doFilter(OncePerRequestFilter.java:116)
	at org.apache.catalina.core.ApplicationFilterChain.internalDoFilter(ApplicationFilterChain.java:164)
	at org.apache.catalina.core.ApplicationFilterChain.doFilter(ApplicationFilterChain.java:140)
	at org.apache.catalina.core.StandardWrapperValve.invoke(StandardWrapperValve.java:167)
	at org.apache.catalina.core.StandardContextValve.invoke(StandardContextValve.java:90)
	at org.apache.catalina.authenticator.AuthenticatorBase.invoke(AuthenticatorBase.java:483)
	at org.apache.catalina.core.StandardHostValve.invoke(StandardHostValve.java:115)
	at org.apache.catalina.valves.ErrorReportValve.invoke(ErrorReportValve.java:93)
	at org.apache.catalina.core.StandardEngineValve.invoke(StandardEngineValve.java:74)
	at org.apache.catalina.connector.CoyoteAdapter.service(CoyoteAdapter.java:344)
	at org.apache.coyote.http11.Http11Processor.service(Http11Processor.java:384)
	at org.apache.coyote.AbstractProcessorLight.process(AbstractProcessorLight.java:63)
	at org.apache.coyote.AbstractProtocol$ConnectionHandler.process(AbstractProtocol.java:905)
	at org.apache.tomcat.util.net.NioEndpoint$SocketProcessor.doRun(NioEndpoint.java:1741)
	at org.apache.tomcat.util.net.SocketProcessorBase.run(SocketProcessorBase.java:52)
	at org.apache.tomcat.util.threads.ThreadPoolExecutor.runWorker(ThreadPoolExecutor.java:1190)
	at org.apache.tomcat.util.threads.ThreadPoolExecutor$Worker.run(ThreadPoolExecutor.java:659)
	at org.apache.tomcat.util.threads.TaskThread$WrappingRunnable.run(TaskThread.java:63)
	at java.base/java.lang.Thread.run(Thread.java:1575)
2026-06-29 20:38:58                      [restDemo]                      [http-nio-8001-exec-8]                      WARN                       o.s.w.s.m.m.a.ExceptionHandlerExceptionResolver                      - Resolved [org.springframework.jdbc.BadSqlGrammarException: StatementCallback; bad SQL grammar [SELECT * FROM users]]
2026-06-29 20:39:47                      [restDemo]                      [SpringApplicationShutdownHook]                      INFO                       o.s.o.j.LocalContainerEntityManagerFactoryBean                      - Closing JPA EntityManagerFactory for persistence unit 'default'
2026-06-29 20:39:47                      [restDemo]                      [SpringApplicationShutdownHook]                      WARN                       o.s.b.f.s.DisposableBeanAdapter                      - Invocation of destroy method failed on bean with name 'inMemoryDatabaseShutdownExecutor': org.h2.jdbc.JdbcSQLNonTransientConnectionException: Database is already closed (to disable automatic closing at VM shutdown, add ";DB_CLOSE_ON_EXIT=FALSE" to the db URL) [90121-224]
2026-06-29 20:39:47                      [restDemo]                      [SpringApplicationShutdownHook]                      INFO                       com.zaxxer.hikari.HikariDataSource                      - HikariPool-1 - Shutdown initiated...
2026-06-29 20:39:47                      [restDemo]                      [SpringApplicationShutdownHook]                      INFO                       com.zaxxer.hikari.HikariDataSource                      - HikariPool-1 - Shutdown completed.
2026-07-18 23:09:17                      [restDemo]                      [background-preinit]                      INFO                       o.h.validator.internal.util.Version                      - HV000001: Hibernate Validator 9.1.0.Final
2026-07-18 23:09:17                      [restDemo]                      [restartedMain]                      INFO                       com.restDemo.RestDemoApplication                      - Starting RestDemoApplication using Java 23.0.1 with PID 22856 (D:\Spring Boot\Spring boot Projects\restDemo\target\classes started by Zahir in D:\Spring Boot\Spring boot Projects\restDemo)
2026-07-18 23:09:17                      [restDemo]                      [restartedMain]                      INFO                       com.restDemo.RestDemoApplication                      - No active profile set, falling back to 1 default profile: "default"
2026-07-18 23:09:17                      [restDemo]                      [restartedMain]                      INFO                       o.s.b.d.e.DevToolsPropertyDefaultsPostProcessor                      - Devtools property defaults active! Set 'spring.devtools.add-properties' to 'false' to disable
2026-07-18 23:09:17                      [restDemo]                      [restartedMain]                      INFO                       o.s.b.d.e.DevToolsPropertyDefaultsPostProcessor                      - For additional web related logging consider setting the 'logging.level.web' property to 'DEBUG'
2026-07-18 23:09:19                      [restDemo]                      [restartedMain]                      INFO                       o.s.d.r.c.RepositoryConfigurationDelegate                      - Bootstrapping Spring Data JPA repositories in DEFAULT mode.
2026-07-18 23:09:19                      [restDemo]                      [restartedMain]                      INFO                       o.s.d.r.c.RepositoryConfigurationDelegate                      - Finished Spring Data repository scanning in 73 ms. Found 1 JPA repository interface.
2026-07-18 23:09:20                      [restDemo]                      [restartedMain]                      INFO                       o.s.boot.tomcat.TomcatWebServer                      - Tomcat initialized with port 8001 (http)
2026-07-18 23:09:20                      [restDemo]                      [restartedMain]                      INFO                       o.a.coyote.http11.Http11NioProtocol                      - Initializing ProtocolHandler ["http-nio-8001"]
2026-07-18 23:09:20                      [restDemo]                      [restartedMain]                      INFO                       o.a.catalina.core.StandardService                      - Starting service [Tomcat]
2026-07-18 23:09:20                      [restDemo]                      [restartedMain]                      INFO                       o.a.catalina.core.StandardEngine                      - Starting Servlet engine: [Apache Tomcat/11.0.22]
2026-07-18 23:09:20                      [restDemo]                      [restartedMain]                      INFO                       o.s.b.w.c.s.WebApplicationContextInitializer                      - Root WebApplicationContext: initialization completed in 3396 ms
2026-07-18 23:09:21                      [restDemo]                      [restartedMain]                      INFO                       org.hibernate.orm.jpa                      - HHH008540: Processing PersistenceUnitInfo [name: default]
2026-07-18 23:09:21                      [restDemo]                      [restartedMain]                      INFO                       org.hibernate.orm.core                      - HHH000001: Hibernate ORM core version 7.4.1.Final
2026-07-18 23:09:22                      [restDemo]                      [restartedMain]                      INFO                       o.s.o.j.p.SpringPersistenceUnitInfo                      - No LoadTimeWeaver setup: ignoring JPA class transformer
2026-07-18 23:09:22                      [restDemo]                      [restartedMain]                      INFO                       com.zaxxer.hikari.HikariDataSource                      - HikariPool-1 - Starting...
2026-07-18 23:09:22                      [restDemo]                      [restartedMain]                      INFO                       com.zaxxer.hikari.pool.HikariPool                      - HikariPool-1 - Added connection com.mysql.cj.jdbc.ConnectionImpl@5ec086
2026-07-18 23:09:22                      [restDemo]                      [restartedMain]                      INFO                       com.zaxxer.hikari.HikariDataSource                      - HikariPool-1 - Start completed.
2026-07-18 23:09:22                      [restDemo]                      [restartedMain]                      WARN                       org.hibernate.orm.deprecation                      - HHH90000025: H2Dialect does not need to be specified explicitly using 'hibernate.dialect' (remove the property setting and it will be selected by default)
2026-07-18 23:09:22                      [restDemo]                      [restartedMain]                      INFO                       o.hibernate.orm.connections.pooling                      - HHH10001005: Database info:
	Database JDBC URL [jdbc:mysql://localhost:3306/mvc-project?allowPublicKeyRetrieval=true&useSSL=false]
	Database driver: MySQL Connector/J
	Database dialect: H2Dialect
	Database version: 8.0.34
	Default catalog/schema: mvc-project/undefined
	Autocommit mode: undefined/unknown
	Isolation level: REPEATABLE_READ [default REPEATABLE_READ]
	JDBC fetch size: none
	Pool: DataSourceConnectionProvider
	Minimum pool size: undefined/unknown
	Maximum pool size: undefined/unknown
2026-07-18 23:09:24                      [restDemo]                      [restartedMain]                      INFO                       org.hibernate.orm.core                      - HHH000489: No JTA platform available (set 'hibernate.transaction.jta.platform' to enable JTA platform integration)
2026-07-18 23:09:25                      [restDemo]                      [restartedMain]                      WARN                       org.hibernate.orm.jdbc.error                      - HHH000247: ErrorCode: 1109, SQLState: 42S02
2026-07-18 23:09:25                      [restDemo]                      [restartedMain]                      WARN                       org.hibernate.orm.jdbc.error                      - Unknown table 'SEQUENCES' in information_schema
2026-07-18 23:09:25                      [restDemo]                      [restartedMain]                      ERROR                      o.s.o.j.LocalContainerEntityManagerFactoryBean                      - Failed to initialize JPA EntityManagerFactory: Unable to build Hibernate SessionFactory  [persistence unit: default] ; nested exception is org.hibernate.exception.SQLGrammarException: Unable to build DatabaseInformation [Unknown table 'SEQUENCES' in information_schema] [n/a]
2026-07-18 23:09:25                      [restDemo]                      [restartedMain]                      WARN                       o.s.b.w.s.s.c.AnnotationConfigServletWebServerApplicationContext                      - Exception encountered during context initialization - cancelling refresh attempt: org.springframework.beans.factory.BeanCreationException: Error creating bean with name 'entityManagerFactory' defined in class path resource [org/springframework/boot/hibernate/autoconfigure/HibernateJpaConfiguration.class]: Unable to build Hibernate SessionFactory  [persistence unit: default] ; nested exception is org.hibernate.exception.SQLGrammarException: Unable to build DatabaseInformation [Unknown table 'SEQUENCES' in information_schema] [n/a]
2026-07-18 23:09:25                      [restDemo]                      [restartedMain]                      INFO                       com.zaxxer.hikari.HikariDataSource                      - HikariPool-1 - Shutdown initiated...
2026-07-18 23:09:25                      [restDemo]                      [restartedMain]                      INFO                       com.zaxxer.hikari.HikariDataSource                      - HikariPool-1 - Shutdown completed.
2026-07-18 23:09:25                      [restDemo]                      [restartedMain]                      INFO                       o.a.catalina.core.StandardService                      - Stopping service [Tomcat]
2026-07-18 23:09:25                      [restDemo]                      [restartedMain]                      INFO                       o.s.b.a.l.ConditionEvaluationReportLogger                      - 

Error starting ApplicationContext. To display the condition evaluation report re-run your application with 'debug' enabled.
2026-07-18 23:09:25                      [restDemo]                      [restartedMain]                      ERROR                      o.s.boot.SpringApplication                      - Application run failed
org.springframework.beans.factory.BeanCreationException: Error creating bean with name 'entityManagerFactory' defined in class path resource [org/springframework/boot/hibernate/autoconfigure/HibernateJpaConfiguration.class]: Unable to build Hibernate SessionFactory  [persistence unit: default] ; nested exception is org.hibernate.exception.SQLGrammarException: Unable to build DatabaseInformation [Unknown table 'SEQUENCES' in information_schema] [n/a]
	at org.springframework.beans.factory.support.AbstractAutowireCapableBeanFactory.initializeBean(AbstractAutowireCapableBeanFactory.java:1815)
	at org.springframework.beans.factory.support.AbstractAutowireCapableBeanFactory.doCreateBean(AbstractAutowireCapableBeanFactory.java:603)
	at org.springframework.beans.factory.support.AbstractAutowireCapableBeanFactory.createBean(AbstractAutowireCapableBeanFactory.java:525)
	at org.springframework.beans.factory.support.AbstractBeanFactory.lambda$doGetBean$0(AbstractBeanFactory.java:333)
	at org.springframework.beans.factory.support.DefaultSingletonBeanRegistry.getSingleton(DefaultSingletonBeanRegistry.java:371)
	at org.springframework.beans.factory.support.AbstractBeanFactory.doGetBean(AbstractBeanFactory.java:331)
	at org.springframework.beans.factory.support.AbstractBeanFactory.getBean(AbstractBeanFactory.java:201)
	at org.springframework.context.support.AbstractApplicationContext.finishBeanFactoryInitialization(AbstractApplicationContext.java:977)
	at org.springframework.context.support.AbstractApplicationContext.refresh(AbstractApplicationContext.java:621)
	at org.springframework.boot.web.server.servlet.context.ServletWebServerApplicationContext.refresh(ServletWebServerApplicationContext.java:143)
	at org.springframework.boot.SpringApplication.refresh(SpringApplication.java:756)
	at org.springframework.boot.SpringApplication.refreshContext(SpringApplication.java:445)
	at org.springframework.boot.SpringApplication.run(SpringApplication.java:321)
	at org.springframework.boot.SpringApplication.run(SpringApplication.java:1365)
	at org.springframework.boot.SpringApplication.run(SpringApplication.java:1354)
	at com.restDemo.RestDemoApplication.main(RestDemoApplication.java:10)
	at java.base/jdk.internal.reflect.DirectMethodHandleAccessor.invoke(DirectMethodHandleAccessor.java:103)
	at java.base/java.lang.reflect.Method.invoke(Method.java:580)
	at org.springframework.boot.devtools.restart.RestartLauncher.run(RestartLauncher.java:52)
Caused by: jakarta.persistence.PersistenceException: Unable to build Hibernate SessionFactory  [persistence unit: default] ; nested exception is org.hibernate.exception.SQLGrammarException: Unable to build DatabaseInformation [Unknown table 'SEQUENCES' in information_schema] [n/a]
	at org.springframework.orm.jpa.AbstractEntityManagerFactoryBean.buildNativeEntityManagerFactory(AbstractEntityManagerFactoryBean.java:448)
	at org.springframework.orm.jpa.AbstractEntityManagerFactoryBean.afterPropertiesSet(AbstractEntityManagerFactoryBean.java:411)
	at org.springframework.orm.jpa.LocalContainerEntityManagerFactoryBean.afterPropertiesSet(LocalContainerEntityManagerFactoryBean.java:419)
	at org.springframework.beans.factory.support.AbstractAutowireCapableBeanFactory.invokeInitMethods(AbstractAutowireCapableBeanFactory.java:1862)
	at org.springframework.beans.factory.support.AbstractAutowireCapableBeanFactory.initializeBean(AbstractAutowireCapableBeanFactory.java:1811)
	... 18 common frames omitted
Caused by: org.hibernate.exception.SQLGrammarException: Unable to build DatabaseInformation [Unknown table 'SEQUENCES' in information_schema] [n/a]
	at org.hibernate.exception.internal.SQLExceptionTypeDelegate.convert(SQLExceptionTypeDelegate.java:64)
	at org.hibernate.exception.internal.StandardSQLExceptionConverter.convert(StandardSQLExceptionConverter.java:34)
	at org.hibernate.engine.jdbc.spi.SqlExceptionHelper.convert(SqlExceptionHelper.java:115)
	at org.hibernate.engine.jdbc.spi.SqlExceptionHelper.convert(SqlExceptionHelper.java:101)
	at org.hibernate.tool.schema.internal.GroupedSchemaMigratorImpl.buildDatabaseInformation(GroupedSchemaMigratorImpl.java:122)
	at org.hibernate.tool.schema.internal.AbstractSchemaMigrator.doMigration(AbstractSchemaMigrator.java:83)
	at org.hibernate.tool.schema.spi.SchemaManagementToolCoordinator.performDatabaseAction(SchemaManagementToolCoordinator.java:269)
	at org.hibernate.tool.schema.spi.SchemaManagementToolCoordinator.lambda$process$1(SchemaManagementToolCoordinator.java:101)
	at java.base/java.util.HashMap.forEach(HashMap.java:1430)
	at org.hibernate.tool.schema.spi.SchemaManagementToolCoordinator.process(SchemaManagementToolCoordinator.java:100)
	at org.hibernate.boot.internal.SessionFactoryObserverForSchemaExport.sessionFactoryCreated(SessionFactoryObserverForSchemaExport.java:35)
	at org.hibernate.internal.SessionFactoryObserverChain.sessionFactoryCreated(SessionFactoryObserverChain.java:33)
	at org.hibernate.internal.SessionFactoryImpl.<init>(SessionFactoryImpl.java:327)
	at org.hibernate.internal.SessionFactoryRegistry.instantiateSessionFactory(SessionFactoryRegistry.java:64)
	at org.hibernate.boot.internal.SessionFactoryBuilderImpl.build(SessionFactoryBuilderImpl.java:458)
	at org.hibernate.jpa.boot.internal.EntityManagerFactoryBuilderImpl.build(EntityManagerFactoryBuilderImpl.java:1452)
	at org.springframework.orm.jpa.vendor.SpringHibernateJpaPersistenceProvider.createContainerEntityManagerFactory(SpringHibernateJpaPersistenceProvider.java:93)
	at org.springframework.orm.jpa.LocalContainerEntityManagerFactoryBean.createNativeEntityManagerFactory(LocalContainerEntityManagerFactoryBean.java:443)
	at org.springframework.orm.jpa.AbstractEntityManagerFactoryBean.buildNativeEntityManagerFactory(AbstractEntityManagerFactoryBean.java:436)
	... 22 common frames omitted
Caused by: java.sql.SQLSyntaxErrorException: Unknown table 'SEQUENCES' in information_schema
	at com.mysql.cj.jdbc.exceptions.SQLError.createSQLException(SQLError.java:112)
	at com.mysql.cj.jdbc.exceptions.SQLExceptionsMapping.translateException(SQLExceptionsMapping.java:114)
	at com.mysql.cj.jdbc.ClientPreparedStatement.executeInternal(ClientPreparedStatement.java:988)
	at com.mysql.cj.jdbc.ClientPreparedStatement.executeQuery(ClientPreparedStatement.java:1056)
	at com.zaxxer.hikari.pool.ProxyPreparedStatement.executeQuery(ProxyPreparedStatement.java:52)
	at com.zaxxer.hikari.pool.HikariProxyPreparedStatement.executeQuery(HikariProxyPreparedStatement.java)
	at org.hibernate.tool.schema.extract.spi.ExtractionContext.getQueryResults(ExtractionContext.java:47)
	at org.hibernate.tool.schema.extract.internal.SequenceInformationExtractorLegacyImpl.extractMetadata(SequenceInformationExtractorLegacyImpl.java:36)
	at org.hibernate.tool.schema.extract.internal.DatabaseInformationImpl.initializeSequences(DatabaseInformationImpl.java:73)
	at org.hibernate.tool.schema.extract.internal.DatabaseInformationImpl.<init>(DatabaseInformationImpl.java:63)
	at org.hibernate.tool.schema.extract.internal.CachingDatabaseInformationImpl.<init>(CachingDatabaseInformationImpl.java:43)
	at org.hibernate.tool.schema.internal.GroupedSchemaMigratorImpl.buildDatabaseInformation(GroupedSchemaMigratorImpl.java:112)
	... 36 common frames omitted
2026-07-18 23:13:45                      [restDemo]                      [background-preinit]                      INFO                       o.h.validator.internal.util.Version                      - HV000001: Hibernate Validator 9.1.0.Final
2026-07-18 23:13:45                      [restDemo]                      [restartedMain]                      INFO                       com.restDemo.RestDemoApplication                      - Starting RestDemoApplication using Java 23.0.1 with PID 23132 (D:\Spring Boot\Spring boot Projects\restDemo\target\classes started by Zahir in D:\Spring Boot\Spring boot Projects\restDemo)
2026-07-18 23:13:45                      [restDemo]                      [restartedMain]                      INFO                       com.restDemo.RestDemoApplication                      - No active profile set, falling back to 1 default profile: "default"
2026-07-18 23:13:45                      [restDemo]                      [restartedMain]                      INFO                       o.s.b.d.e.DevToolsPropertyDefaultsPostProcessor                      - Devtools property defaults active! Set 'spring.devtools.add-properties' to 'false' to disable
2026-07-18 23:13:45                      [restDemo]                      [restartedMain]                      INFO                       o.s.b.d.e.DevToolsPropertyDefaultsPostProcessor                      - For additional web related logging consider setting the 'logging.level.web' property to 'DEBUG'
2026-07-18 23:13:47                      [restDemo]                      [restartedMain]                      INFO                       o.s.d.r.c.RepositoryConfigurationDelegate                      - Bootstrapping Spring Data JPA repositories in DEFAULT mode.
2026-07-18 23:13:47                      [restDemo]                      [restartedMain]                      INFO                       o.s.d.r.c.RepositoryConfigurationDelegate                      - Finished Spring Data repository scanning in 73 ms. Found 1 JPA repository interface.
2026-07-18 23:13:49                      [restDemo]                      [restartedMain]                      INFO                       o.s.boot.tomcat.TomcatWebServer                      - Tomcat initialized with port 8001 (http)
2026-07-18 23:13:49                      [restDemo]                      [restartedMain]                      INFO                       o.a.coyote.http11.Http11NioProtocol                      - Initializing ProtocolHandler ["http-nio-8001"]
2026-07-18 23:13:49                      [restDemo]                      [restartedMain]                      INFO                       o.a.catalina.core.StandardService                      - Starting service [Tomcat]
2026-07-18 23:13:49                      [restDemo]                      [restartedMain]                      INFO                       o.a.catalina.core.StandardEngine                      - Starting Servlet engine: [Apache Tomcat/11.0.22]
2026-07-18 23:13:49                      [restDemo]                      [restartedMain]                      INFO                       o.s.b.w.c.s.WebApplicationContextInitializer                      - Root WebApplicationContext: initialization completed in 3545 ms
2026-07-18 23:13:50                      [restDemo]                      [restartedMain]                      INFO                       org.hibernate.orm.jpa                      - HHH008540: Processing PersistenceUnitInfo [name: default]
2026-07-18 23:13:50                      [restDemo]                      [restartedMain]                      INFO                       org.hibernate.orm.core                      - HHH000001: Hibernate ORM core version 7.4.1.Final
2026-07-18 23:13:50                      [restDemo]                      [restartedMain]                      INFO                       o.s.o.j.p.SpringPersistenceUnitInfo                      - No LoadTimeWeaver setup: ignoring JPA class transformer
2026-07-18 23:13:50                      [restDemo]                      [restartedMain]                      INFO                       com.zaxxer.hikari.HikariDataSource                      - HikariPool-1 - Starting...
2026-07-18 23:13:51                      [restDemo]                      [restartedMain]                      INFO                       com.zaxxer.hikari.pool.HikariPool                      - HikariPool-1 - Added connection com.mysql.cj.jdbc.ConnectionImpl@567d918a
2026-07-18 23:13:51                      [restDemo]                      [restartedMain]                      INFO                       com.zaxxer.hikari.HikariDataSource                      - HikariPool-1 - Start completed.
2026-07-18 23:13:51                      [restDemo]                      [restartedMain]                      WARN                       org.hibernate.orm.jdbc                      - HHH100046: Could not obtain connection to query JDBC database metadata
org.hibernate.boot.registry.selector.spi.StrategySelectionException: Unable to resolve name [org.hibernate.dialect.MySQLDialect#spring.jpa.hibernate.ddl-auto=update] as strategy [org.hibernate.dialect.Dialect]
	at org.hibernate.boot.registry.selector.internal.StrategySelectorImpl.selectStrategyImplementor(StrategySelectorImpl.java:82)
	at org.hibernate.boot.registry.selector.internal.StrategySelectorImpl.resolveStrategy(StrategySelectorImpl.java:176)
	at org.hibernate.boot.registry.selector.internal.StrategySelectorImpl.resolveStrategy(StrategySelectorImpl.java:118)
	at org.hibernate.engine.jdbc.dialect.internal.DialectFactoryImpl.constructDialect(DialectFactoryImpl.java:122)
	at org.hibernate.engine.jdbc.dialect.internal.DialectFactoryImpl.buildDialect(DialectFactoryImpl.java:87)
	at org.hibernate.engine.jdbc.env.internal.JdbcEnvironmentInitiator$1.execute(JdbcEnvironmentInitiator.java:398)
	at org.hibernate.engine.jdbc.env.internal.JdbcEnvironmentInitiator$1.execute(JdbcEnvironmentInitiator.java:367)
	at org.hibernate.jdbc.WorkExecutor.executeReturningWork(WorkExecutor.java:56)
	at org.hibernate.jdbc.AbstractReturningWork.accept(AbstractReturningWork.java:32)
	at org.hibernate.resource.transaction.backend.jdbc.internal.JdbcIsolationDelegate.doWorkAndCommit(JdbcIsolationDelegate.java:89)
	at org.hibernate.resource.transaction.backend.jdbc.internal.JdbcIsolationDelegate.delegateWork(JdbcIsolationDelegate.java:64)
	at org.hibernate.engine.jdbc.env.internal.JdbcEnvironmentInitiator.getJdbcEnvironmentUsingJdbcMetadata(JdbcEnvironmentInitiator.java:366)
	at org.hibernate.engine.jdbc.env.internal.JdbcEnvironmentInitiator.getJdbcEnvironment(JdbcEnvironmentInitiator.java:143)
	at org.hibernate.engine.jdbc.env.internal.JdbcEnvironmentInitiator.initiateService(JdbcEnvironmentInitiator.java:120)
	at org.hibernate.engine.jdbc.env.internal.JdbcEnvironmentInitiator.initiateService(JdbcEnvironmentInitiator.java:80)
	at org.hibernate.boot.registry.internal.StandardServiceRegistryImpl.initiateService(StandardServiceRegistryImpl.java:133)
	at org.hibernate.service.internal.AbstractServiceRegistryImpl.createService(AbstractServiceRegistryImpl.java:260)
	at org.hibernate.service.internal.AbstractServiceRegistryImpl.initializeService(AbstractServiceRegistryImpl.java:235)
	at org.hibernate.service.internal.AbstractServiceRegistryImpl.getService(AbstractServiceRegistryImpl.java:212)
	at org.hibernate.boot.model.relational.Database.<init>(Database.java:44)
	at org.hibernate.boot.internal.InFlightMetadataCollectorImpl.getDatabase(InFlightMetadataCollectorImpl.java:251)
	at org.hibernate.boot.internal.InFlightMetadataCollectorImpl.<init>(InFlightMetadataCollectorImpl.java:203)
	at org.hibernate.boot.model.process.spi.MetadataBuildingProcess.complete(MetadataBuildingProcess.java:180)
	at org.hibernate.jpa.boot.internal.EntityManagerFactoryBuilderImpl.metadata(EntityManagerFactoryBuilderImpl.java:1388)
	at org.hibernate.jpa.boot.internal.EntityManagerFactoryBuilderImpl.populateSessionFactoryBuilder(EntityManagerFactoryBuilderImpl.java:1468)
	at org.hibernate.jpa.boot.internal.EntityManagerFactoryBuilderImpl.build(EntityManagerFactoryBuilderImpl.java:1450)
	at org.springframework.orm.jpa.vendor.SpringHibernateJpaPersistenceProvider.createContainerEntityManagerFactory(SpringHibernateJpaPersistenceProvider.java:93)
	at org.springframework.orm.jpa.LocalContainerEntityManagerFactoryBean.createNativeEntityManagerFactory(LocalContainerEntityManagerFactoryBean.java:443)
	at org.springframework.orm.jpa.AbstractEntityManagerFactoryBean.buildNativeEntityManagerFactory(AbstractEntityManagerFactoryBean.java:436)
	at org.springframework.orm.jpa.AbstractEntityManagerFactoryBean.afterPropertiesSet(AbstractEntityManagerFactoryBean.java:411)
	at org.springframework.orm.jpa.LocalContainerEntityManagerFactoryBean.afterPropertiesSet(LocalContainerEntityManagerFactoryBean.java:419)
	at org.springframework.beans.factory.support.AbstractAutowireCapableBeanFactory.invokeInitMethods(AbstractAutowireCapableBeanFactory.java:1862)
	at org.springframework.beans.factory.support.AbstractAutowireCapableBeanFactory.initializeBean(AbstractAutowireCapableBeanFactory.java:1811)
	at org.springframework.beans.factory.support.AbstractAutowireCapableBeanFactory.doCreateBean(AbstractAutowireCapableBeanFactory.java:603)
	at org.springframework.beans.factory.support.AbstractAutowireCapableBeanFactory.createBean(AbstractAutowireCapableBeanFactory.java:525)
	at org.springframework.beans.factory.support.AbstractBeanFactory.lambda$doGetBean$0(AbstractBeanFactory.java:333)
	at org.springframework.beans.factory.support.DefaultSingletonBeanRegistry.getSingleton(DefaultSingletonBeanRegistry.java:371)
	at org.springframework.beans.factory.support.AbstractBeanFactory.doGetBean(AbstractBeanFactory.java:331)
	at org.springframework.beans.factory.support.AbstractBeanFactory.getBean(AbstractBeanFactory.java:201)
	at org.springframework.context.support.AbstractApplicationContext.finishBeanFactoryInitialization(AbstractApplicationContext.java:977)
	at org.springframework.context.support.AbstractApplicationContext.refresh(AbstractApplicationContext.java:621)
	at org.springframework.boot.web.server.servlet.context.ServletWebServerApplicationContext.refresh(ServletWebServerApplicationContext.java:143)
	at org.springframework.boot.SpringApplication.refresh(SpringApplication.java:756)
	at org.springframework.boot.SpringApplication.refreshContext(SpringApplication.java:445)
	at org.springframework.boot.SpringApplication.run(SpringApplication.java:321)
	at org.springframework.boot.SpringApplication.run(SpringApplication.java:1365)
	at org.springframework.boot.SpringApplication.run(SpringApplication.java:1354)
	at com.restDemo.RestDemoApplication.main(RestDemoApplication.java:10)
	at java.base/jdk.internal.reflect.DirectMethodHandleAccessor.invoke(DirectMethodHandleAccessor.java:103)
	at java.base/java.lang.reflect.Method.invoke(Method.java:580)
	at org.springframework.boot.devtools.restart.RestartLauncher.run(RestartLauncher.java:52)
Caused by: org.hibernate.boot.registry.classloading.spi.ClassLoadingException: Unable to load class [org.hibernate.dialect.MySQLDialect#spring.jpa.hibernate.ddl-auto=update]
	at org.hibernate.boot.registry.classloading.internal.ClassLoaderServiceImpl.classForName(ClassLoaderServiceImpl.java:88)
	at org.hibernate.boot.registry.selector.internal.StrategySelectorImpl.selectStrategyImplementor(StrategySelectorImpl.java:78)
	... 50 common frames omitted
Caused by: java.lang.ClassNotFoundException: Could not load requested class: org.hibernate.dialect.MySQLDialect#spring.jpa.hibernate.ddl-auto=update
	at org.hibernate.boot.registry.classloading.internal.AggregatedClassLoader.findClass(AggregatedClassLoader.java:198)
	at java.base/java.lang.ClassLoader.loadClass(ClassLoader.java:595)
	at java.base/java.lang.ClassLoader.loadClass(ClassLoader.java:528)
	at java.base/java.lang.Class.forName0(Native Method)
	at java.base/java.lang.Class.forName(Class.java:578)
	at java.base/java.lang.Class.forName(Class.java:557)
	at org.hibernate.boot.registry.classloading.internal.ClassLoaderServiceImpl.classForName(ClassLoaderServiceImpl.java:85)
	... 51 common frames omitted
	Suppressed: java.lang.ClassNotFoundException: org.hibernate.dialect.MySQLDialect#spring.jpa.hibernate.ddl-auto=update
		at java.base/jdk.internal.loader.BuiltinClassLoader.loadClass(BuiltinClassLoader.java:641)
		at java.base/jdk.internal.loader.ClassLoaders$AppClassLoader.loadClass(ClassLoaders.java:188)
		at java.base/java.lang.ClassLoader.loadClass(ClassLoader.java:528)
		at java.base/java.lang.Class.forName0(Native Method)
		at java.base/java.lang.Class.forName(Class.java:578)
		at java.base/java.lang.Class.forName(Class.java:557)
		at org.springframework.boot.devtools.restart.classloader.RestartClassLoader.loadClass(RestartClassLoader.java:123)
		at java.base/java.lang.ClassLoader.loadClass(ClassLoader.java:528)
		at org.hibernate.boot.registry.classloading.internal.AggregatedClassLoader.findClass(AggregatedClassLoader.java:202)
		... 57 common frames omitted
	Suppressed: java.lang.ClassNotFoundException: org.hibernate.dialect.MySQLDialect#spring.jpa.hibernate.ddl-auto=update
		at java.base/jdk.internal.loader.BuiltinClassLoader.loadClass(BuiltinClassLoader.java:641)
		at java.base/jdk.internal.loader.ClassLoaders$AppClassLoader.loadClass(ClassLoaders.java:188)
		at java.base/java.lang.ClassLoader.loadClass(ClassLoader.java:528)
		at org.hibernate.boot.registry.classloading.internal.AggregatedClassLoader.findClass(AggregatedClassLoader.java:202)
		... 57 common frames omitted
	Suppressed: java.lang.ClassNotFoundException: org.hibernate.dialect.MySQLDialect#spring.jpa.hibernate.ddl-auto=update
		at java.base/jdk.internal.loader.BuiltinClassLoader.loadClass(BuiltinClassLoader.java:641)
		at java.base/jdk.internal.loader.ClassLoaders$AppClassLoader.loadClass(ClassLoaders.java:188)
		at java.base/java.lang.ClassLoader.loadClass(ClassLoader.java:528)
		at java.base/java.lang.Class.forName0(Native Method)
		at java.base/java.lang.Class.forName(Class.java:578)
		at java.base/java.lang.Class.forName(Class.java:557)
		at org.springframework.boot.devtools.restart.classloader.RestartClassLoader.loadClass(RestartClassLoader.java:123)
		at java.base/java.lang.ClassLoader.loadClass(ClassLoader.java:528)
		at org.hibernate.boot.registry.classloading.internal.AggregatedClassLoader.findClass(AggregatedClassLoader.java:202)
		... 57 common frames omitted
	Suppressed: java.lang.ClassNotFoundException: org.hibernate.dialect.MySQLDialect#spring.jpa.hibernate.ddl-auto=update
		at java.base/jdk.internal.loader.BuiltinClassLoader.loadClass(BuiltinClassLoader.java:641)
		at java.base/jdk.internal.loader.ClassLoaders$AppClassLoader.loadClass(ClassLoaders.java:188)
		at java.base/java.lang.ClassLoader.loadClass(ClassLoader.java:528)
		at org.hibernate.boot.registry.classloading.internal.AggregatedClassLoader.findClass(AggregatedClassLoader.java:202)
		... 57 common frames omitted
2026-07-18 23:13:51                      [restDemo]                      [restartedMain]                      ERROR                      o.s.o.j.LocalContainerEntityManagerFactoryBean                      - Failed to initialize JPA EntityManagerFactory: Unable to create requested service [org.hibernate.engine.jdbc.env.spi.JdbcEnvironment] due to: Unable to resolve name [org.hibernate.dialect.MySQLDialect#spring.jpa.hibernate.ddl-auto=update] as strategy [org.hibernate.dialect.Dialect]
2026-07-18 23:13:51                      [restDemo]                      [restartedMain]                      WARN                       o.s.b.w.s.s.c.AnnotationConfigServletWebServerApplicationContext                      - Exception encountered during context initialization - cancelling refresh attempt: org.springframework.beans.factory.BeanCreationException: Error creating bean with name 'entityManagerFactory' defined in class path resource [org/springframework/boot/hibernate/autoconfigure/HibernateJpaConfiguration.class]: Unable to create requested service [org.hibernate.engine.jdbc.env.spi.JdbcEnvironment] due to: Unable to resolve name [org.hibernate.dialect.MySQLDialect#spring.jpa.hibernate.ddl-auto=update] as strategy [org.hibernate.dialect.Dialect]
2026-07-18 23:13:51                      [restDemo]                      [restartedMain]                      INFO                       com.zaxxer.hikari.HikariDataSource                      - HikariPool-1 - Shutdown initiated...
2026-07-18 23:13:51                      [restDemo]                      [restartedMain]                      INFO                       com.zaxxer.hikari.HikariDataSource                      - HikariPool-1 - Shutdown completed.
2026-07-18 23:13:51                      [restDemo]                      [restartedMain]                      INFO                       o.a.catalina.core.StandardService                      - Stopping service [Tomcat]
2026-07-18 23:13:51                      [restDemo]                      [restartedMain]                      INFO                       o.s.b.a.l.ConditionEvaluationReportLogger                      - 

Error starting ApplicationContext. To display the condition evaluation report re-run your application with 'debug' enabled.
2026-07-18 23:13:51                      [restDemo]                      [restartedMain]                      ERROR                      o.s.boot.SpringApplication                      - Application run failed
org.springframework.beans.factory.BeanCreationException: Error creating bean with name 'entityManagerFactory' defined in class path resource [org/springframework/boot/hibernate/autoconfigure/HibernateJpaConfiguration.class]: Unable to create requested service [org.hibernate.engine.jdbc.env.spi.JdbcEnvironment] due to: Unable to resolve name [org.hibernate.dialect.MySQLDialect#spring.jpa.hibernate.ddl-auto=update] as strategy [org.hibernate.dialect.Dialect]
	at org.springframework.beans.factory.support.AbstractAutowireCapableBeanFactory.initializeBean(AbstractAutowireCapableBeanFactory.java:1815)
	at org.springframework.beans.factory.support.AbstractAutowireCapableBeanFactory.doCreateBean(AbstractAutowireCapableBeanFactory.java:603)
	at org.springframework.beans.factory.support.AbstractAutowireCapableBeanFactory.createBean(AbstractAutowireCapableBeanFactory.java:525)
	at org.springframework.beans.factory.support.AbstractBeanFactory.lambda$doGetBean$0(AbstractBeanFactory.java:333)
	at org.springframework.beans.factory.support.DefaultSingletonBeanRegistry.getSingleton(DefaultSingletonBeanRegistry.java:371)
	at org.springframework.beans.factory.support.AbstractBeanFactory.doGetBean(AbstractBeanFactory.java:331)
	at org.springframework.beans.factory.support.AbstractBeanFactory.getBean(AbstractBeanFactory.java:201)
	at org.springframework.context.support.AbstractApplicationContext.finishBeanFactoryInitialization(AbstractApplicationContext.java:977)
	at org.springframework.context.support.AbstractApplicationContext.refresh(AbstractApplicationContext.java:621)
	at org.springframework.boot.web.server.servlet.context.ServletWebServerApplicationContext.refresh(ServletWebServerApplicationContext.java:143)
	at org.springframework.boot.SpringApplication.refresh(SpringApplication.java:756)
	at org.springframework.boot.SpringApplication.refreshContext(SpringApplication.java:445)
	at org.springframework.boot.SpringApplication.run(SpringApplication.java:321)
	at org.springframework.boot.SpringApplication.run(SpringApplication.java:1365)
	at org.springframework.boot.SpringApplication.run(SpringApplication.java:1354)
	at com.restDemo.RestDemoApplication.main(RestDemoApplication.java:10)
	at java.base/jdk.internal.reflect.DirectMethodHandleAccessor.invoke(DirectMethodHandleAccessor.java:103)
	at java.base/java.lang.reflect.Method.invoke(Method.java:580)
	at org.springframework.boot.devtools.restart.RestartLauncher.run(RestartLauncher.java:52)
Caused by: org.hibernate.service.spi.ServiceException: Unable to create requested service [org.hibernate.engine.jdbc.env.spi.JdbcEnvironment] due to: Unable to resolve name [org.hibernate.dialect.MySQLDialect#spring.jpa.hibernate.ddl-auto=update] as strategy [org.hibernate.dialect.Dialect]
	at org.hibernate.service.internal.AbstractServiceRegistryImpl.createService(AbstractServiceRegistryImpl.java:273)
	at org.hibernate.service.internal.AbstractServiceRegistryImpl.initializeService(AbstractServiceRegistryImpl.java:235)
	at org.hibernate.service.internal.AbstractServiceRegistryImpl.getService(AbstractServiceRegistryImpl.java:212)
	at org.hibernate.boot.model.relational.Database.<init>(Database.java:44)
	at org.hibernate.boot.internal.InFlightMetadataCollectorImpl.getDatabase(InFlightMetadataCollectorImpl.java:251)
	at org.hibernate.boot.internal.InFlightMetadataCollectorImpl.<init>(InFlightMetadataCollectorImpl.java:203)
	at org.hibernate.boot.model.process.spi.MetadataBuildingProcess.complete(MetadataBuildingProcess.java:180)
	at org.hibernate.jpa.boot.internal.EntityManagerFactoryBuilderImpl.metadata(EntityManagerFactoryBuilderImpl.java:1388)
	at org.hibernate.jpa.boot.internal.EntityManagerFactoryBuilderImpl.populateSessionFactoryBuilder(EntityManagerFactoryBuilderImpl.java:1468)
	at org.hibernate.jpa.boot.internal.EntityManagerFactoryBuilderImpl.build(EntityManagerFactoryBuilderImpl.java:1450)
	at org.springframework.orm.jpa.vendor.SpringHibernateJpaPersistenceProvider.createContainerEntityManagerFactory(SpringHibernateJpaPersistenceProvider.java:93)
	at org.springframework.orm.jpa.LocalContainerEntityManagerFactoryBean.createNativeEntityManagerFactory(LocalContainerEntityManagerFactoryBean.java:443)
	at org.springframework.orm.jpa.AbstractEntityManagerFactoryBean.buildNativeEntityManagerFactory(AbstractEntityManagerFactoryBean.java:436)
	at org.springframework.orm.jpa.AbstractEntityManagerFactoryBean.afterPropertiesSet(AbstractEntityManagerFactoryBean.java:411)
	at org.springframework.orm.jpa.LocalContainerEntityManagerFactoryBean.afterPropertiesSet(LocalContainerEntityManagerFactoryBean.java:419)
	at org.springframework.beans.factory.support.AbstractAutowireCapableBeanFactory.invokeInitMethods(AbstractAutowireCapableBeanFactory.java:1862)
	at org.springframework.beans.factory.support.AbstractAutowireCapableBeanFactory.initializeBean(AbstractAutowireCapableBeanFactory.java:1811)
	... 18 common frames omitted
Caused by: org.hibernate.boot.registry.selector.spi.StrategySelectionException: Unable to resolve name [org.hibernate.dialect.MySQLDialect#spring.jpa.hibernate.ddl-auto=update] as strategy [org.hibernate.dialect.Dialect]
	at org.hibernate.boot.registry.selector.internal.StrategySelectorImpl.selectStrategyImplementor(StrategySelectorImpl.java:82)
	at org.hibernate.boot.registry.selector.internal.StrategySelectorImpl.resolveStrategy(StrategySelectorImpl.java:176)
	at org.hibernate.boot.registry.selector.internal.StrategySelectorImpl.resolveStrategy(StrategySelectorImpl.java:118)
	at org.hibernate.engine.jdbc.dialect.internal.DialectFactoryImpl.constructDialect(DialectFactoryImpl.java:122)
	at org.hibernate.engine.jdbc.dialect.internal.DialectFactoryImpl.buildDialect(DialectFactoryImpl.java:87)
	at org.hibernate.engine.jdbc.env.internal.JdbcEnvironmentInitiator.getJdbcEnvironmentWithDefaults(JdbcEnvironmentInitiator.java:200)
	at org.hibernate.engine.jdbc.env.internal.JdbcEnvironmentInitiator.getJdbcEnvironmentUsingJdbcMetadata(JdbcEnvironmentInitiator.java:452)
	at org.hibernate.engine.jdbc.env.internal.JdbcEnvironmentInitiator.getJdbcEnvironment(JdbcEnvironmentInitiator.java:143)
	at org.hibernate.engine.jdbc.env.internal.JdbcEnvironmentInitiator.initiateService(JdbcEnvironmentInitiator.java:120)
	at org.hibernate.engine.jdbc.env.internal.JdbcEnvironmentInitiator.initiateService(JdbcEnvironmentInitiator.java:80)
	at org.hibernate.boot.registry.internal.StandardServiceRegistryImpl.initiateService(StandardServiceRegistryImpl.java:133)
	at org.hibernate.service.internal.AbstractServiceRegistryImpl.createService(AbstractServiceRegistryImpl.java:260)
	... 34 common frames omitted
Caused by: org.hibernate.boot.registry.classloading.spi.ClassLoadingException: Unable to load class [org.hibernate.dialect.MySQLDialect#spring.jpa.hibernate.ddl-auto=update]
	at org.hibernate.boot.registry.classloading.internal.ClassLoaderServiceImpl.classForName(ClassLoaderServiceImpl.java:88)
	at org.hibernate.boot.registry.selector.internal.StrategySelectorImpl.selectStrategyImplementor(StrategySelectorImpl.java:78)
	... 45 common frames omitted
Caused by: java.lang.ClassNotFoundException: Could not load requested class: org.hibernate.dialect.MySQLDialect#spring.jpa.hibernate.ddl-auto=update
	at org.hibernate.boot.registry.classloading.internal.AggregatedClassLoader.findClass(AggregatedClassLoader.java:198)
	at java.base/java.lang.ClassLoader.loadClass(ClassLoader.java:595)
	at java.base/java.lang.ClassLoader.loadClass(ClassLoader.java:528)
	at java.base/java.lang.Class.forName0(Native Method)
	at java.base/java.lang.Class.forName(Class.java:578)
	at java.base/java.lang.Class.forName(Class.java:557)
	at org.hibernate.boot.registry.classloading.internal.ClassLoaderServiceImpl.classForName(ClassLoaderServiceImpl.java:85)
	... 46 common frames omitted
	Suppressed: java.lang.ClassNotFoundException: org.hibernate.dialect.MySQLDialect#spring.jpa.hibernate.ddl-auto=update
		at java.base/jdk.internal.loader.BuiltinClassLoader.loadClass(BuiltinClassLoader.java:641)
		at java.base/jdk.internal.loader.ClassLoaders$AppClassLoader.loadClass(ClassLoaders.java:188)
		at java.base/java.lang.ClassLoader.loadClass(ClassLoader.java:528)
		at java.base/java.lang.Class.forName0(Native Method)
		at java.base/java.lang.Class.forName(Class.java:578)
		at java.base/java.lang.Class.forName(Class.java:557)
		at org.springframework.boot.devtools.restart.classloader.RestartClassLoader.loadClass(RestartClassLoader.java:123)
		at java.base/java.lang.ClassLoader.loadClass(ClassLoader.java:528)
		at org.hibernate.boot.registry.classloading.internal.AggregatedClassLoader.findClass(AggregatedClassLoader.java:202)
		... 52 common frames omitted
	Suppressed: java.lang.ClassNotFoundException: org.hibernate.dialect.MySQLDialect#spring.jpa.hibernate.ddl-auto=update
		at java.base/jdk.internal.loader.BuiltinClassLoader.loadClass(BuiltinClassLoader.java:641)
		at java.base/jdk.internal.loader.ClassLoaders$AppClassLoader.loadClass(ClassLoaders.java:188)
		at java.base/java.lang.ClassLoader.loadClass(ClassLoader.java:528)
		at org.hibernate.boot.registry.classloading.internal.AggregatedClassLoader.findClass(AggregatedClassLoader.java:202)
		... 52 common frames omitted
	Suppressed: java.lang.ClassNotFoundException: org.hibernate.dialect.MySQLDialect#spring.jpa.hibernate.ddl-auto=update
		at java.base/jdk.internal.loader.BuiltinClassLoader.loadClass(BuiltinClassLoader.java:641)
		at java.base/jdk.internal.loader.ClassLoaders$AppClassLoader.loadClass(ClassLoaders.java:188)
		at java.base/java.lang.ClassLoader.loadClass(ClassLoader.java:528)
		at java.base/java.lang.Class.forName0(Native Method)
		at java.base/java.lang.Class.forName(Class.java:578)
		at java.base/java.lang.Class.forName(Class.java:557)
		at org.springframework.boot.devtools.restart.classloader.RestartClassLoader.loadClass(RestartClassLoader.java:123)
		at java.base/java.lang.ClassLoader.loadClass(ClassLoader.java:528)
		at org.hibernate.boot.registry.classloading.internal.AggregatedClassLoader.findClass(AggregatedClassLoader.java:202)
		... 52 common frames omitted
	Suppressed: java.lang.ClassNotFoundException: org.hibernate.dialect.MySQLDialect#spring.jpa.hibernate.ddl-auto=update
		at java.base/jdk.internal.loader.BuiltinClassLoader.loadClass(BuiltinClassLoader.java:641)
		at java.base/jdk.internal.loader.ClassLoaders$AppClassLoader.loadClass(ClassLoaders.java:188)
		at java.base/java.lang.ClassLoader.loadClass(ClassLoader.java:528)
		at org.hibernate.boot.registry.classloading.internal.AggregatedClassLoader.findClass(AggregatedClassLoader.java:202)
		... 52 common frames omitted
2026-07-18 23:15:25                      [restDemo]                      [background-preinit]                      INFO                       o.h.validator.internal.util.Version                      - HV000001: Hibernate Validator 9.1.0.Final
2026-07-18 23:15:25                      [restDemo]                      [restartedMain]                      INFO                       com.restDemo.RestDemoApplication                      - Starting RestDemoApplication using Java 23.0.1 with PID 9376 (D:\Spring Boot\Spring boot Projects\restDemo\target\classes started by Zahir in D:\Spring Boot\Spring boot Projects\restDemo)
2026-07-18 23:15:25                      [restDemo]                      [restartedMain]                      INFO                       com.restDemo.RestDemoApplication                      - No active profile set, falling back to 1 default profile: "default"
2026-07-18 23:15:25                      [restDemo]                      [restartedMain]                      INFO                       o.s.b.d.e.DevToolsPropertyDefaultsPostProcessor                      - Devtools property defaults active! Set 'spring.devtools.add-properties' to 'false' to disable
2026-07-18 23:15:25                      [restDemo]                      [restartedMain]                      INFO                       o.s.b.d.e.DevToolsPropertyDefaultsPostProcessor                      - For additional web related logging consider setting the 'logging.level.web' property to 'DEBUG'
2026-07-18 23:15:27                      [restDemo]                      [restartedMain]                      INFO                       o.s.d.r.c.RepositoryConfigurationDelegate                      - Bootstrapping Spring Data JPA repositories in DEFAULT mode.
2026-07-18 23:15:28                      [restDemo]                      [restartedMain]                      INFO                       o.s.d.r.c.RepositoryConfigurationDelegate                      - Finished Spring Data repository scanning in 73 ms. Found 1 JPA repository interface.
2026-07-18 23:15:29                      [restDemo]                      [restartedMain]                      INFO                       o.s.boot.tomcat.TomcatWebServer                      - Tomcat initialized with port 8001 (http)
2026-07-18 23:15:29                      [restDemo]                      [restartedMain]                      INFO                       o.a.coyote.http11.Http11NioProtocol                      - Initializing ProtocolHandler ["http-nio-8001"]
2026-07-18 23:15:29                      [restDemo]                      [restartedMain]                      INFO                       o.a.catalina.core.StandardService                      - Starting service [Tomcat]
2026-07-18 23:15:29                      [restDemo]                      [restartedMain]                      INFO                       o.a.catalina.core.StandardEngine                      - Starting Servlet engine: [Apache Tomcat/11.0.22]
2026-07-18 23:15:29                      [restDemo]                      [restartedMain]                      INFO                       o.s.b.w.c.s.WebApplicationContextInitializer                      - Root WebApplicationContext: initialization completed in 3590 ms
2026-07-18 23:15:30                      [restDemo]                      [restartedMain]                      INFO                       org.hibernate.orm.jpa                      - HHH008540: Processing PersistenceUnitInfo [name: default]
2026-07-18 23:15:30                      [restDemo]                      [restartedMain]                      INFO                       org.hibernate.orm.core                      - HHH000001: Hibernate ORM core version 7.4.1.Final
2026-07-18 23:15:30                      [restDemo]                      [restartedMain]                      INFO                       o.s.o.j.p.SpringPersistenceUnitInfo                      - No LoadTimeWeaver setup: ignoring JPA class transformer
2026-07-18 23:15:30                      [restDemo]                      [restartedMain]                      INFO                       com.zaxxer.hikari.HikariDataSource                      - HikariPool-1 - Starting...
2026-07-18 23:15:31                      [restDemo]                      [restartedMain]                      INFO                       com.zaxxer.hikari.pool.HikariPool                      - HikariPool-1 - Added connection com.mysql.cj.jdbc.ConnectionImpl@43956fd2
2026-07-18 23:15:31                      [restDemo]                      [restartedMain]                      INFO                       com.zaxxer.hikari.HikariDataSource                      - HikariPool-1 - Start completed.
2026-07-18 23:15:31                      [restDemo]                      [restartedMain]                      WARN                       org.hibernate.orm.deprecation                      - HHH90000025: MySQLDialect does not need to be specified explicitly using 'hibernate.dialect' (remove the property setting and it will be selected by default)
2026-07-18 23:15:31                      [restDemo]                      [restartedMain]                      INFO                       o.hibernate.orm.connections.pooling                      - HHH10001005: Database info:
	Database JDBC URL [jdbc:mysql://localhost:3306/mvc-project?allowPublicKeyRetrieval=true&useSSL=false]
	Database driver: MySQL Connector/J
	Database dialect: MySQLDialect
	Database version: 8.0.34
	Default catalog/schema: mvc-project/undefined
	Autocommit mode: undefined/unknown
	Isolation level: REPEATABLE_READ [default REPEATABLE_READ]
	JDBC fetch size: none
	Pool: DataSourceConnectionProvider
	Minimum pool size: undefined/unknown
	Maximum pool size: undefined/unknown
2026-07-18 23:15:32                      [restDemo]                      [restartedMain]                      INFO                       org.hibernate.orm.core                      - HHH000489: No JTA platform available (set 'hibernate.transaction.jta.platform' to enable JTA platform integration)
2026-07-18 23:15:32                      [restDemo]                      [restartedMain]                      DEBUG                      org.hibernate.SQL                      - create table users (id bigint not null auto_increment, created_at bigint, created_by bigint, created_date datetime(6), updated_at bigint, updated_by bigint, updated_date datetime(6), city varchar(255), email_id varchar(255), mobile_no varchar(255), name varchar(255), password varchar(255), user_id varchar(255), user_name varchar(255), primary key (id)) engine=InnoDB
2026-07-18 23:15:32                      [restDemo]                      [restartedMain]                      INFO                       o.s.o.j.LocalContainerEntityManagerFactoryBean                      - Initialized JPA EntityManagerFactory for persistence unit 'default'
2026-07-18 23:15:33                      [restDemo]                      [restartedMain]                      INFO                       o.s.d.j.r.q.QueryEnhancerFactories                      - Hibernate is in classpath; If applicable, HQL parser will be used.
2026-07-18 23:15:33                      [restDemo]                      [restartedMain]                      WARN                       o.s.b.j.a.JpaBaseConfiguration$JpaWebConfiguration                      - spring.jpa.open-in-view is enabled by default. Therefore, database queries may be performed during view rendering. Explicitly configure spring.jpa.open-in-view to disable this warning
2026-07-18 23:15:33                      [restDemo]                      [restartedMain]                      WARN                       o.s.b.s.a.UserDetailsServiceAutoConfiguration                      - 

Using generated security password: 46cfa752-8e37-4532-bb06-4bb366654a40

This generated password is for development use only. Your security configuration must be updated before running your application in production.

2026-07-18 23:15:33                      [restDemo]                      [restartedMain]                      INFO                       o.s.s.c.a.a.c.InitializeUserDetailsBeanManagerConfigurer$InitializeUserDetailsManagerConfigurer                      - Global AuthenticationManager configured with UserDetailsService bean with name inMemoryUserDetailsManager
2026-07-18 23:15:35                      [restDemo]                      [restartedMain]                      INFO                       o.a.coyote.http11.Http11NioProtocol                      - Starting ProtocolHandler ["http-nio-8001"]
2026-07-18 23:15:35                      [restDemo]                      [restartedMain]                      INFO                       o.s.boot.tomcat.TomcatWebServer                      - Tomcat started on port 8001 (http) with context path '/'
2026-07-18 23:15:35                      [restDemo]                      [restartedMain]                      INFO                       com.restDemo.RestDemoApplication                      - Started RestDemoApplication in 10.959 seconds (process running for 11.984)
2026-07-18 23:15:35                      [restDemo]                      [restartedMain]                      WARN                       o.s.c.events.SpringDocAppInitializer                      - SpringDoc /v3/api-docs endpoint is enabled by default. To disable it in production, set the property 'springdoc.api-docs.enabled=false'
2026-07-18 23:16:18                      [restDemo]                      [SpringApplicationShutdownHook]                      INFO                       o.s.boot.tomcat.GracefulShutdown                      - Commencing graceful shutdown. Waiting for active requests to complete
2026-07-18 23:16:18                      [restDemo]                      [tomcat-shutdown]                      INFO                       o.s.boot.tomcat.GracefulShutdown                      - Graceful shutdown complete
2026-07-18 23:16:18                      [restDemo]                      [SpringApplicationShutdownHook]                      INFO                       o.s.o.j.LocalContainerEntityManagerFactoryBean                      - Closing JPA EntityManagerFactory for persistence unit 'default'
2026-07-18 23:16:18                      [restDemo]                      [SpringApplicationShutdownHook]                      INFO                       com.zaxxer.hikari.HikariDataSource                      - HikariPool-1 - Shutdown initiated...
2026-07-18 23:16:18                      [restDemo]                      [SpringApplicationShutdownHook]                      INFO                       com.zaxxer.hikari.HikariDataSource                      - HikariPool-1 - Shutdown completed.
2026-07-18 23:50:34                      [restDemo]                      [background-preinit]                      INFO                       o.h.validator.internal.util.Version                      - HV000001: Hibernate Validator 9.1.0.Final
2026-07-18 23:50:34                      [restDemo]                      [restartedMain]                      INFO                       com.restDemo.RestDemoApplication                      - Starting RestDemoApplication using Java 23.0.1 with PID 8704 (D:\Spring Boot\Spring boot Projects\restDemo\target\classes started by Zahir in D:\Spring Boot\Spring boot Projects\restDemo)
2026-07-18 23:50:34                      [restDemo]                      [restartedMain]                      INFO                       com.restDemo.RestDemoApplication                      - No active profile set, falling back to 1 default profile: "default"
2026-07-18 23:50:34                      [restDemo]                      [restartedMain]                      INFO                       o.s.b.d.e.DevToolsPropertyDefaultsPostProcessor                      - Devtools property defaults active! Set 'spring.devtools.add-properties' to 'false' to disable
2026-07-18 23:50:34                      [restDemo]                      [restartedMain]                      INFO                       o.s.b.d.e.DevToolsPropertyDefaultsPostProcessor                      - For additional web related logging consider setting the 'logging.level.web' property to 'DEBUG'
2026-07-18 23:50:36                      [restDemo]                      [restartedMain]                      WARN                       o.s.b.w.s.s.c.AnnotationConfigServletWebServerApplicationContext                      - Exception encountered during context initialization - cancelling refresh attempt: java.lang.IllegalStateException: Error processing condition on org.springdoc.webmvc.ui.SwaggerConfig.swaggerWelcome
2026-07-18 23:50:36                      [restDemo]                      [restartedMain]                      INFO                       o.s.b.a.l.ConditionEvaluationReportLogger                      - 

Error starting ApplicationContext. To display the condition evaluation report re-run your application with 'debug' enabled.
2026-07-18 23:50:36                      [restDemo]                      [restartedMain]                      ERROR                      o.s.boot.SpringApplication                      - Application run failed
java.lang.IllegalStateException: Error processing condition on org.springdoc.webmvc.ui.SwaggerConfig.swaggerWelcome
	at org.springframework.boot.autoconfigure.condition.SpringBootCondition.matches(SpringBootCondition.java:60)
	at org.springframework.context.annotation.ConditionEvaluator.shouldSkip(ConditionEvaluator.java:100)
	at org.springframework.context.annotation.ConfigurationClassBeanDefinitionReader.loadBeanDefinitionsForBeanMethod(ConfigurationClassBeanDefinitionReader.java:196)
	at org.springframework.context.annotation.ConfigurationClassBeanDefinitionReader.loadBeanDefinitionsForConfigurationClass(ConfigurationClassBeanDefinitionReader.java:148)
	at org.springframework.context.annotation.ConfigurationClassBeanDefinitionReader.loadBeanDefinitions(ConfigurationClassBeanDefinitionReader.java:124)
	at org.springframework.context.annotation.ConfigurationClassPostProcessor.processConfigBeanDefinitions(ConfigurationClassPostProcessor.java:464)
	at org.springframework.context.annotation.ConfigurationClassPostProcessor.postProcessBeanDefinitionRegistry(ConfigurationClassPostProcessor.java:316)
	at org.springframework.context.support.PostProcessorRegistrationDelegate.invokeBeanDefinitionRegistryPostProcessors(PostProcessorRegistrationDelegate.java:349)
	at org.springframework.context.support.PostProcessorRegistrationDelegate.invokeBeanFactoryPostProcessors(PostProcessorRegistrationDelegate.java:118)
	at org.springframework.context.support.AbstractApplicationContext.invokeBeanFactoryPostProcessors(AbstractApplicationContext.java:795)
	at org.springframework.context.support.AbstractApplicationContext.refresh(AbstractApplicationContext.java:603)
	at org.springframework.boot.web.server.servlet.context.ServletWebServerApplicationContext.refresh(ServletWebServerApplicationContext.java:143)
	at org.springframework.boot.SpringApplication.refresh(SpringApplication.java:756)
	at org.springframework.boot.SpringApplication.refreshContext(SpringApplication.java:445)
	at org.springframework.boot.SpringApplication.run(SpringApplication.java:321)
	at org.springframework.boot.SpringApplication.run(SpringApplication.java:1365)
	at org.springframework.boot.SpringApplication.run(SpringApplication.java:1354)
	at com.restDemo.RestDemoApplication.main(RestDemoApplication.java:10)
	at java.base/jdk.internal.reflect.DirectMethodHandleAccessor.invoke(DirectMethodHandleAccessor.java:103)
	at java.base/java.lang.reflect.Method.invoke(Method.java:580)
	at org.springframework.boot.devtools.restart.RestartLauncher.run(RestartLauncher.java:52)
Caused by: java.lang.IllegalStateException: @ConditionalOnMissingBean did not specify a bean using type, name or annotation and the attempt to deduce the bean's type failed
	at org.springframework.boot.autoconfigure.condition.OnBeanCondition$Spec.validate(OnBeanCondition.java:657)
	at org.springframework.boot.autoconfigure.condition.OnBeanCondition$Spec.<init>(OnBeanCondition.java:603)
	at org.springframework.boot.autoconfigure.condition.OnBeanCondition.getMatchOutcome(OnBeanCondition.java:147)
	at org.springframework.boot.autoconfigure.condition.SpringBootCondition.matches(SpringBootCondition.java:47)
	... 20 common frames omitted
Caused by: org.springframework.boot.autoconfigure.condition.OnBeanCondition$BeanTypeDeductionException: Failed to deduce bean type for org.springdoc.webmvc.ui.SwaggerConfig.swaggerWelcome
	at org.springframework.boot.autoconfigure.condition.OnBeanCondition$Spec.deducedBeanTypeForBeanMethod(OnBeanCondition.java:686)
	at org.springframework.boot.autoconfigure.condition.OnBeanCondition$Spec.deducedBeanType(OnBeanCondition.java:676)
	at org.springframework.boot.autoconfigure.condition.OnBeanCondition$Spec.<init>(OnBeanCondition.java:596)
	... 22 common frames omitted
Caused by: java.lang.IllegalStateException: Failed to introspect Class [org.springdoc.webmvc.ui.SwaggerConfig] from ClassLoader [jdk.internal.loader.ClassLoaders$AppClassLoader@5a07e868]
	at org.springframework.util.ReflectionUtils.getDeclaredMethods(ReflectionUtils.java:483)
	at org.springframework.util.ReflectionUtils.findMethod(ReflectionUtils.java:240)
	at org.springframework.util.ReflectionUtils.findMethod(ReflectionUtils.java:221)
	at org.springframework.boot.autoconfigure.condition.OnBeanCondition$Spec.findBeanMethod(OnBeanCondition.java:715)
	at org.springframework.boot.autoconfigure.condition.OnBeanCondition$Spec.getMethodReturnType(OnBeanCondition.java:710)
	at org.springframework.boot.autoconfigure.condition.OnBeanCondition$Spec.getReturnType(OnBeanCondition.java:694)
	at org.springframework.boot.autoconfigure.condition.OnBeanCondition$Spec.deducedBeanTypeForBeanMethod(OnBeanCondition.java:683)
	... 24 common frames omitted
Caused by: java.lang.NoClassDefFoundError: org/springframework/boot/autoconfigure/web/servlet/WebMvcProperties
	at java.base/java.lang.Class.getDeclaredMethods0(Native Method)
	at java.base/java.lang.Class.privateGetDeclaredMethods(Class.java:3650)
	at java.base/java.lang.Class.getDeclaredMethods(Class.java:2735)
	at org.springframework.util.ReflectionUtils.getDeclaredMethods(ReflectionUtils.java:465)
	... 30 common frames omitted
Caused by: java.lang.ClassNotFoundException: org.springframework.boot.autoconfigure.web.servlet.WebMvcProperties
	at java.base/jdk.internal.loader.BuiltinClassLoader.loadClass(BuiltinClassLoader.java:641)
	at java.base/jdk.internal.loader.ClassLoaders$AppClassLoader.loadClass(ClassLoaders.java:188)
	at java.base/java.lang.ClassLoader.loadClass(ClassLoader.java:528)
	... 34 common frames omitted
2026-07-18 23:52:48                      [restDemo]                      [background-preinit]                      INFO                       o.h.validator.internal.util.Version                      - HV000001: Hibernate Validator 9.1.0.Final
2026-07-18 23:52:48                      [restDemo]                      [restartedMain]                      INFO                       com.restDemo.RestDemoApplication                      - Starting RestDemoApplication using Java 23.0.1 with PID 7512 (D:\Spring Boot\Spring boot Projects\restDemo\target\classes started by Zahir in D:\Spring Boot\Spring boot Projects\restDemo)
2026-07-18 23:52:48                      [restDemo]                      [restartedMain]                      INFO                       com.restDemo.RestDemoApplication                      - No active profile set, falling back to 1 default profile: "default"
2026-07-18 23:52:48                      [restDemo]                      [restartedMain]                      INFO                       o.s.b.d.e.DevToolsPropertyDefaultsPostProcessor                      - Devtools property defaults active! Set 'spring.devtools.add-properties' to 'false' to disable
2026-07-18 23:52:48                      [restDemo]                      [restartedMain]                      INFO                       o.s.b.d.e.DevToolsPropertyDefaultsPostProcessor                      - For additional web related logging consider setting the 'logging.level.web' property to 'DEBUG'
2026-07-18 23:52:49                      [restDemo]                      [restartedMain]                      WARN                       o.s.b.w.s.s.c.AnnotationConfigServletWebServerApplicationContext                      - Exception encountered during context initialization - cancelling refresh attempt: java.lang.IllegalStateException: Error processing condition on org.springdoc.webmvc.ui.SwaggerConfig.swaggerWelcome
2026-07-18 23:52:49                      [restDemo]                      [restartedMain]                      INFO                       o.s.b.a.l.ConditionEvaluationReportLogger                      - 

Error starting ApplicationContext. To display the condition evaluation report re-run your application with 'debug' enabled.
2026-07-18 23:52:49                      [restDemo]                      [restartedMain]                      ERROR                      o.s.boot.SpringApplication                      - Application run failed
java.lang.IllegalStateException: Error processing condition on org.springdoc.webmvc.ui.SwaggerConfig.swaggerWelcome
	at org.springframework.boot.autoconfigure.condition.SpringBootCondition.matches(SpringBootCondition.java:60)
	at org.springframework.context.annotation.ConditionEvaluator.shouldSkip(ConditionEvaluator.java:100)
	at org.springframework.context.annotation.ConfigurationClassBeanDefinitionReader.loadBeanDefinitionsForBeanMethod(ConfigurationClassBeanDefinitionReader.java:196)
	at org.springframework.context.annotation.ConfigurationClassBeanDefinitionReader.loadBeanDefinitionsForConfigurationClass(ConfigurationClassBeanDefinitionReader.java:148)
	at org.springframework.context.annotation.ConfigurationClassBeanDefinitionReader.loadBeanDefinitions(ConfigurationClassBeanDefinitionReader.java:124)
	at org.springframework.context.annotation.ConfigurationClassPostProcessor.processConfigBeanDefinitions(ConfigurationClassPostProcessor.java:464)
	at org.springframework.context.annotation.ConfigurationClassPostProcessor.postProcessBeanDefinitionRegistry(ConfigurationClassPostProcessor.java:316)
	at org.springframework.context.support.PostProcessorRegistrationDelegate.invokeBeanDefinitionRegistryPostProcessors(PostProcessorRegistrationDelegate.java:349)
	at org.springframework.context.support.PostProcessorRegistrationDelegate.invokeBeanFactoryPostProcessors(PostProcessorRegistrationDelegate.java:118)
	at org.springframework.context.support.AbstractApplicationContext.invokeBeanFactoryPostProcessors(AbstractApplicationContext.java:795)
	at org.springframework.context.support.AbstractApplicationContext.refresh(AbstractApplicationContext.java:603)
	at org.springframework.boot.web.server.servlet.context.ServletWebServerApplicationContext.refresh(ServletWebServerApplicationContext.java:143)
	at org.springframework.boot.SpringApplication.refresh(SpringApplication.java:756)
	at org.springframework.boot.SpringApplication.refreshContext(SpringApplication.java:445)
	at org.springframework.boot.SpringApplication.run(SpringApplication.java:321)
	at org.springframework.boot.SpringApplication.run(SpringApplication.java:1365)
	at org.springframework.boot.SpringApplication.run(SpringApplication.java:1354)
	at com.restDemo.RestDemoApplication.main(RestDemoApplication.java:10)
	at java.base/jdk.internal.reflect.DirectMethodHandleAccessor.invoke(DirectMethodHandleAccessor.java:103)
	at java.base/java.lang.reflect.Method.invoke(Method.java:580)
	at org.springframework.boot.devtools.restart.RestartLauncher.run(RestartLauncher.java:52)
Caused by: java.lang.IllegalStateException: @ConditionalOnMissingBean did not specify a bean using type, name or annotation and the attempt to deduce the bean's type failed
	at org.springframework.boot.autoconfigure.condition.OnBeanCondition$Spec.validate(OnBeanCondition.java:657)
	at org.springframework.boot.autoconfigure.condition.OnBeanCondition$Spec.<init>(OnBeanCondition.java:603)
	at org.springframework.boot.autoconfigure.condition.OnBeanCondition.getMatchOutcome(OnBeanCondition.java:147)
	at org.springframework.boot.autoconfigure.condition.SpringBootCondition.matches(SpringBootCondition.java:47)
	... 20 common frames omitted
Caused by: org.springframework.boot.autoconfigure.condition.OnBeanCondition$BeanTypeDeductionException: Failed to deduce bean type for org.springdoc.webmvc.ui.SwaggerConfig.swaggerWelcome
	at org.springframework.boot.autoconfigure.condition.OnBeanCondition$Spec.deducedBeanTypeForBeanMethod(OnBeanCondition.java:686)
	at org.springframework.boot.autoconfigure.condition.OnBeanCondition$Spec.deducedBeanType(OnBeanCondition.java:676)
	at org.springframework.boot.autoconfigure.condition.OnBeanCondition$Spec.<init>(OnBeanCondition.java:596)
	... 22 common frames omitted
Caused by: java.lang.IllegalStateException: Failed to introspect Class [org.springdoc.webmvc.ui.SwaggerConfig] from ClassLoader [jdk.internal.loader.ClassLoaders$AppClassLoader@5a07e868]
	at org.springframework.util.ReflectionUtils.getDeclaredMethods(ReflectionUtils.java:483)
	at org.springframework.util.ReflectionUtils.findMethod(ReflectionUtils.java:240)
	at org.springframework.util.ReflectionUtils.findMethod(ReflectionUtils.java:221)
	at org.springframework.boot.autoconfigure.condition.OnBeanCondition$Spec.findBeanMethod(OnBeanCondition.java:715)
	at org.springframework.boot.autoconfigure.condition.OnBeanCondition$Spec.getMethodReturnType(OnBeanCondition.java:710)
	at org.springframework.boot.autoconfigure.condition.OnBeanCondition$Spec.getReturnType(OnBeanCondition.java:694)
	at org.springframework.boot.autoconfigure.condition.OnBeanCondition$Spec.deducedBeanTypeForBeanMethod(OnBeanCondition.java:683)
	... 24 common frames omitted
Caused by: java.lang.NoClassDefFoundError: org/springframework/boot/autoconfigure/web/servlet/WebMvcProperties
	at java.base/java.lang.Class.getDeclaredMethods0(Native Method)
	at java.base/java.lang.Class.privateGetDeclaredMethods(Class.java:3650)
	at java.base/java.lang.Class.getDeclaredMethods(Class.java:2735)
	at org.springframework.util.ReflectionUtils.getDeclaredMethods(ReflectionUtils.java:465)
	... 30 common frames omitted
Caused by: java.lang.ClassNotFoundException: org.springframework.boot.autoconfigure.web.servlet.WebMvcProperties
	at java.base/jdk.internal.loader.BuiltinClassLoader.loadClass(BuiltinClassLoader.java:641)
	at java.base/jdk.internal.loader.ClassLoaders$AppClassLoader.loadClass(ClassLoaders.java:188)
	at java.base/java.lang.ClassLoader.loadClass(ClassLoader.java:528)
	... 34 common frames omitted
2026-07-18 23:53:32                      [restDemo]                      [background-preinit]                      INFO                       o.h.validator.internal.util.Version                      - HV000001: Hibernate Validator 9.1.0.Final
2026-07-18 23:53:32                      [restDemo]                      [restartedMain]                      INFO                       com.restDemo.RestDemoApplication                      - Starting RestDemoApplication using Java 23.0.1 with PID 16020 (D:\Spring Boot\Spring boot Projects\restDemo\target\classes started by Zahir in D:\Spring Boot\Spring boot Projects\restDemo)
2026-07-18 23:53:32                      [restDemo]                      [restartedMain]                      INFO                       com.restDemo.RestDemoApplication                      - No active profile set, falling back to 1 default profile: "default"
2026-07-18 23:53:32                      [restDemo]                      [restartedMain]                      INFO                       o.s.b.d.e.DevToolsPropertyDefaultsPostProcessor                      - Devtools property defaults active! Set 'spring.devtools.add-properties' to 'false' to disable
2026-07-18 23:53:32                      [restDemo]                      [restartedMain]                      INFO                       o.s.b.d.e.DevToolsPropertyDefaultsPostProcessor                      - For additional web related logging consider setting the 'logging.level.web' property to 'DEBUG'
2026-07-18 23:53:34                      [restDemo]                      [restartedMain]                      WARN                       o.s.b.w.s.s.c.AnnotationConfigServletWebServerApplicationContext                      - Exception encountered during context initialization - cancelling refresh attempt: java.lang.IllegalStateException: Error processing condition on org.springdoc.webmvc.ui.SwaggerConfig.swaggerWelcome
2026-07-18 23:53:34                      [restDemo]                      [restartedMain]                      INFO                       o.s.b.a.l.ConditionEvaluationReportLogger                      - 

Error starting ApplicationContext. To display the condition evaluation report re-run your application with 'debug' enabled.
2026-07-18 23:53:34                      [restDemo]                      [restartedMain]                      ERROR                      o.s.boot.SpringApplication                      - Application run failed
java.lang.IllegalStateException: Error processing condition on org.springdoc.webmvc.ui.SwaggerConfig.swaggerWelcome
	at org.springframework.boot.autoconfigure.condition.SpringBootCondition.matches(SpringBootCondition.java:60)
	at org.springframework.context.annotation.ConditionEvaluator.shouldSkip(ConditionEvaluator.java:100)
	at org.springframework.context.annotation.ConfigurationClassBeanDefinitionReader.loadBeanDefinitionsForBeanMethod(ConfigurationClassBeanDefinitionReader.java:196)
	at org.springframework.context.annotation.ConfigurationClassBeanDefinitionReader.loadBeanDefinitionsForConfigurationClass(ConfigurationClassBeanDefinitionReader.java:148)
	at org.springframework.context.annotation.ConfigurationClassBeanDefinitionReader.loadBeanDefinitions(ConfigurationClassBeanDefinitionReader.java:124)
	at org.springframework.context.annotation.ConfigurationClassPostProcessor.processConfigBeanDefinitions(ConfigurationClassPostProcessor.java:464)
	at org.springframework.context.annotation.ConfigurationClassPostProcessor.postProcessBeanDefinitionRegistry(ConfigurationClassPostProcessor.java:316)
	at org.springframework.context.support.PostProcessorRegistrationDelegate.invokeBeanDefinitionRegistryPostProcessors(PostProcessorRegistrationDelegate.java:349)
	at org.springframework.context.support.PostProcessorRegistrationDelegate.invokeBeanFactoryPostProcessors(PostProcessorRegistrationDelegate.java:118)
	at org.springframework.context.support.AbstractApplicationContext.invokeBeanFactoryPostProcessors(AbstractApplicationContext.java:795)
	at org.springframework.context.support.AbstractApplicationContext.refresh(AbstractApplicationContext.java:603)
	at org.springframework.boot.web.server.servlet.context.ServletWebServerApplicationContext.refresh(ServletWebServerApplicationContext.java:143)
	at org.springframework.boot.SpringApplication.refresh(SpringApplication.java:756)
	at org.springframework.boot.SpringApplication.refreshContext(SpringApplication.java:445)
	at org.springframework.boot.SpringApplication.run(SpringApplication.java:321)
	at org.springframework.boot.SpringApplication.run(SpringApplication.java:1365)
	at org.springframework.boot.SpringApplication.run(SpringApplication.java:1354)
	at com.restDemo.RestDemoApplication.main(RestDemoApplication.java:10)
	at java.base/jdk.internal.reflect.DirectMethodHandleAccessor.invoke(DirectMethodHandleAccessor.java:103)
	at java.base/java.lang.reflect.Method.invoke(Method.java:580)
	at org.springframework.boot.devtools.restart.RestartLauncher.run(RestartLauncher.java:52)
Caused by: java.lang.IllegalStateException: @ConditionalOnMissingBean did not specify a bean using type, name or annotation and the attempt to deduce the bean's type failed
	at org.springframework.boot.autoconfigure.condition.OnBeanCondition$Spec.validate(OnBeanCondition.java:657)
	at org.springframework.boot.autoconfigure.condition.OnBeanCondition$Spec.<init>(OnBeanCondition.java:603)
	at org.springframework.boot.autoconfigure.condition.OnBeanCondition.getMatchOutcome(OnBeanCondition.java:147)
	at org.springframework.boot.autoconfigure.condition.SpringBootCondition.matches(SpringBootCondition.java:47)
	... 20 common frames omitted
Caused by: org.springframework.boot.autoconfigure.condition.OnBeanCondition$BeanTypeDeductionException: Failed to deduce bean type for org.springdoc.webmvc.ui.SwaggerConfig.swaggerWelcome
	at org.springframework.boot.autoconfigure.condition.OnBeanCondition$Spec.deducedBeanTypeForBeanMethod(OnBeanCondition.java:686)
	at org.springframework.boot.autoconfigure.condition.OnBeanCondition$Spec.deducedBeanType(OnBeanCondition.java:676)
	at org.springframework.boot.autoconfigure.condition.OnBeanCondition$Spec.<init>(OnBeanCondition.java:596)
	... 22 common frames omitted
Caused by: java.lang.IllegalStateException: Failed to introspect Class [org.springdoc.webmvc.ui.SwaggerConfig] from ClassLoader [jdk.internal.loader.ClassLoaders$AppClassLoader@5a07e868]
	at org.springframework.util.ReflectionUtils.getDeclaredMethods(ReflectionUtils.java:483)
	at org.springframework.util.ReflectionUtils.findMethod(ReflectionUtils.java:240)
	at org.springframework.util.ReflectionUtils.findMethod(ReflectionUtils.java:221)
	at org.springframework.boot.autoconfigure.condition.OnBeanCondition$Spec.findBeanMethod(OnBeanCondition.java:715)
	at org.springframework.boot.autoconfigure.condition.OnBeanCondition$Spec.getMethodReturnType(OnBeanCondition.java:710)
	at org.springframework.boot.autoconfigure.condition.OnBeanCondition$Spec.getReturnType(OnBeanCondition.java:694)
	at org.springframework.boot.autoconfigure.condition.OnBeanCondition$Spec.deducedBeanTypeForBeanMethod(OnBeanCondition.java:683)
	... 24 common frames omitted
Caused by: java.lang.NoClassDefFoundError: org/springframework/boot/autoconfigure/web/servlet/WebMvcProperties
	at java.base/java.lang.Class.getDeclaredMethods0(Native Method)
	at java.base/java.lang.Class.privateGetDeclaredMethods(Class.java:3650)
	at java.base/java.lang.Class.getDeclaredMethods(Class.java:2735)
	at org.springframework.util.ReflectionUtils.getDeclaredMethods(ReflectionUtils.java:465)
	... 30 common frames omitted
Caused by: java.lang.ClassNotFoundException: org.springframework.boot.autoconfigure.web.servlet.WebMvcProperties
	at java.base/jdk.internal.loader.BuiltinClassLoader.loadClass(BuiltinClassLoader.java:641)
	at java.base/jdk.internal.loader.ClassLoaders$AppClassLoader.loadClass(ClassLoaders.java:188)
	at java.base/java.lang.ClassLoader.loadClass(ClassLoader.java:528)
	... 34 common frames omitted
2026-07-18 23:54:46                      [restDemo]                      [background-preinit]                      INFO                       o.h.validator.internal.util.Version                      - HV000001: Hibernate Validator 9.1.0.Final
2026-07-18 23:54:46                      [restDemo]                      [restartedMain]                      INFO                       com.restDemo.RestDemoApplication                      - Starting RestDemoApplication using Java 23.0.1 with PID 19520 (D:\Spring Boot\Spring boot Projects\restDemo\target\classes started by Zahir in D:\Spring Boot\Spring boot Projects\restDemo)
2026-07-18 23:54:46                      [restDemo]                      [restartedMain]                      INFO                       com.restDemo.RestDemoApplication                      - No active profile set, falling back to 1 default profile: "default"
2026-07-18 23:54:46                      [restDemo]                      [restartedMain]                      INFO                       o.s.b.d.e.DevToolsPropertyDefaultsPostProcessor                      - Devtools property defaults active! Set 'spring.devtools.add-properties' to 'false' to disable
2026-07-18 23:54:46                      [restDemo]                      [restartedMain]                      INFO                       o.s.b.d.e.DevToolsPropertyDefaultsPostProcessor                      - For additional web related logging consider setting the 'logging.level.web' property to 'DEBUG'
2026-07-18 23:54:48                      [restDemo]                      [restartedMain]                      WARN                       o.s.b.w.s.s.c.AnnotationConfigServletWebServerApplicationContext                      - Exception encountered during context initialization - cancelling refresh attempt: java.lang.IllegalStateException: Error processing condition on org.springdoc.webmvc.ui.SwaggerConfig.swaggerWelcome
2026-07-18 23:54:48                      [restDemo]                      [restartedMain]                      INFO                       o.s.b.a.l.ConditionEvaluationReportLogger                      - 

Error starting ApplicationContext. To display the condition evaluation report re-run your application with 'debug' enabled.
2026-07-18 23:54:48                      [restDemo]                      [restartedMain]                      ERROR                      o.s.boot.SpringApplication                      - Application run failed
java.lang.IllegalStateException: Error processing condition on org.springdoc.webmvc.ui.SwaggerConfig.swaggerWelcome
	at org.springframework.boot.autoconfigure.condition.SpringBootCondition.matches(SpringBootCondition.java:60)
	at org.springframework.context.annotation.ConditionEvaluator.shouldSkip(ConditionEvaluator.java:100)
	at org.springframework.context.annotation.ConfigurationClassBeanDefinitionReader.loadBeanDefinitionsForBeanMethod(ConfigurationClassBeanDefinitionReader.java:196)
	at org.springframework.context.annotation.ConfigurationClassBeanDefinitionReader.loadBeanDefinitionsForConfigurationClass(ConfigurationClassBeanDefinitionReader.java:148)
	at org.springframework.context.annotation.ConfigurationClassBeanDefinitionReader.loadBeanDefinitions(ConfigurationClassBeanDefinitionReader.java:124)
	at org.springframework.context.annotation.ConfigurationClassPostProcessor.processConfigBeanDefinitions(ConfigurationClassPostProcessor.java:464)
	at org.springframework.context.annotation.ConfigurationClassPostProcessor.postProcessBeanDefinitionRegistry(ConfigurationClassPostProcessor.java:316)
	at org.springframework.context.support.PostProcessorRegistrationDelegate.invokeBeanDefinitionRegistryPostProcessors(PostProcessorRegistrationDelegate.java:349)
	at org.springframework.context.support.PostProcessorRegistrationDelegate.invokeBeanFactoryPostProcessors(PostProcessorRegistrationDelegate.java:118)
	at org.springframework.context.support.AbstractApplicationContext.invokeBeanFactoryPostProcessors(AbstractApplicationContext.java:795)
	at org.springframework.context.support.AbstractApplicationContext.refresh(AbstractApplicationContext.java:603)
	at org.springframework.boot.web.server.servlet.context.ServletWebServerApplicationContext.refresh(ServletWebServerApplicationContext.java:143)
	at org.springframework.boot.SpringApplication.refresh(SpringApplication.java:756)
	at org.springframework.boot.SpringApplication.refreshContext(SpringApplication.java:445)
	at org.springframework.boot.SpringApplication.run(SpringApplication.java:321)
	at org.springframework.boot.SpringApplication.run(SpringApplication.java:1365)
	at org.springframework.boot.SpringApplication.run(SpringApplication.java:1354)
	at com.restDemo.RestDemoApplication.main(RestDemoApplication.java:10)
	at java.base/jdk.internal.reflect.DirectMethodHandleAccessor.invoke(DirectMethodHandleAccessor.java:103)
	at java.base/java.lang.reflect.Method.invoke(Method.java:580)
	at org.springframework.boot.devtools.restart.RestartLauncher.run(RestartLauncher.java:52)
Caused by: java.lang.IllegalStateException: @ConditionalOnMissingBean did not specify a bean using type, name or annotation and the attempt to deduce the bean's type failed
	at org.springframework.boot.autoconfigure.condition.OnBeanCondition$Spec.validate(OnBeanCondition.java:657)
	at org.springframework.boot.autoconfigure.condition.OnBeanCondition$Spec.<init>(OnBeanCondition.java:603)
	at org.springframework.boot.autoconfigure.condition.OnBeanCondition.getMatchOutcome(OnBeanCondition.java:147)
	at org.springframework.boot.autoconfigure.condition.SpringBootCondition.matches(SpringBootCondition.java:47)
	... 20 common frames omitted
Caused by: org.springframework.boot.autoconfigure.condition.OnBeanCondition$BeanTypeDeductionException: Failed to deduce bean type for org.springdoc.webmvc.ui.SwaggerConfig.swaggerWelcome
	at org.springframework.boot.autoconfigure.condition.OnBeanCondition$Spec.deducedBeanTypeForBeanMethod(OnBeanCondition.java:686)
	at org.springframework.boot.autoconfigure.condition.OnBeanCondition$Spec.deducedBeanType(OnBeanCondition.java:676)
	at org.springframework.boot.autoconfigure.condition.OnBeanCondition$Spec.<init>(OnBeanCondition.java:596)
	... 22 common frames omitted
Caused by: java.lang.IllegalStateException: Failed to introspect Class [org.springdoc.webmvc.ui.SwaggerConfig] from ClassLoader [jdk.internal.loader.ClassLoaders$AppClassLoader@5a07e868]
	at org.springframework.util.ReflectionUtils.getDeclaredMethods(ReflectionUtils.java:483)
	at org.springframework.util.ReflectionUtils.findMethod(ReflectionUtils.java:240)
	at org.springframework.util.ReflectionUtils.findMethod(ReflectionUtils.java:221)
	at org.springframework.boot.autoconfigure.condition.OnBeanCondition$Spec.findBeanMethod(OnBeanCondition.java:715)
	at org.springframework.boot.autoconfigure.condition.OnBeanCondition$Spec.getMethodReturnType(OnBeanCondition.java:710)
	at org.springframework.boot.autoconfigure.condition.OnBeanCondition$Spec.getReturnType(OnBeanCondition.java:694)
	at org.springframework.boot.autoconfigure.condition.OnBeanCondition$Spec.deducedBeanTypeForBeanMethod(OnBeanCondition.java:683)
	... 24 common frames omitted
Caused by: java.lang.NoClassDefFoundError: org/springframework/boot/autoconfigure/web/servlet/WebMvcProperties
	at java.base/java.lang.Class.getDeclaredMethods0(Native Method)
	at java.base/java.lang.Class.privateGetDeclaredMethods(Class.java:3650)
	at java.base/java.lang.Class.getDeclaredMethods(Class.java:2735)
	at org.springframework.util.ReflectionUtils.getDeclaredMethods(ReflectionUtils.java:465)
	... 30 common frames omitted
Caused by: java.lang.ClassNotFoundException: org.springframework.boot.autoconfigure.web.servlet.WebMvcProperties
	at java.base/jdk.internal.loader.BuiltinClassLoader.loadClass(BuiltinClassLoader.java:641)
	at java.base/jdk.internal.loader.ClassLoaders$AppClassLoader.loadClass(ClassLoaders.java:188)
	at java.base/java.lang.ClassLoader.loadClass(ClassLoader.java:528)
	... 34 common frames omitted
2026-07-18 23:56:10                      [restDemo]                      [background-preinit]                      INFO                       o.h.validator.internal.util.Version                      - HV000001: Hibernate Validator 9.1.0.Final
2026-07-18 23:56:10                      [restDemo]                      [restartedMain]                      INFO                       com.restDemo.RestDemoApplication                      - Starting RestDemoApplication using Java 23.0.1 with PID 21092 (D:\Spring Boot\Spring boot Projects\restDemo\target\classes started by Zahir in D:\Spring Boot\Spring boot Projects\restDemo)
2026-07-18 23:56:10                      [restDemo]                      [restartedMain]                      INFO                       com.restDemo.RestDemoApplication                      - No active profile set, falling back to 1 default profile: "default"
2026-07-18 23:56:10                      [restDemo]                      [restartedMain]                      INFO                       o.s.b.d.e.DevToolsPropertyDefaultsPostProcessor                      - Devtools property defaults active! Set 'spring.devtools.add-properties' to 'false' to disable
2026-07-18 23:56:10                      [restDemo]                      [restartedMain]                      INFO                       o.s.b.d.e.DevToolsPropertyDefaultsPostProcessor                      - For additional web related logging consider setting the 'logging.level.web' property to 'DEBUG'
2026-07-18 23:56:12                      [restDemo]                      [restartedMain]                      WARN                       o.s.b.w.s.s.c.AnnotationConfigServletWebServerApplicationContext                      - Exception encountered during context initialization - cancelling refresh attempt: java.lang.IllegalStateException: Error processing condition on org.springdoc.webmvc.ui.SwaggerConfig.swaggerWelcome
2026-07-18 23:56:12                      [restDemo]                      [restartedMain]                      INFO                       o.s.b.a.l.ConditionEvaluationReportLogger                      - 

Error starting ApplicationContext. To display the condition evaluation report re-run your application with 'debug' enabled.
2026-07-18 23:56:12                      [restDemo]                      [restartedMain]                      ERROR                      o.s.boot.SpringApplication                      - Application run failed
java.lang.IllegalStateException: Error processing condition on org.springdoc.webmvc.ui.SwaggerConfig.swaggerWelcome
	at org.springframework.boot.autoconfigure.condition.SpringBootCondition.matches(SpringBootCondition.java:60)
	at org.springframework.context.annotation.ConditionEvaluator.shouldSkip(ConditionEvaluator.java:100)
	at org.springframework.context.annotation.ConfigurationClassBeanDefinitionReader.loadBeanDefinitionsForBeanMethod(ConfigurationClassBeanDefinitionReader.java:196)
	at org.springframework.context.annotation.ConfigurationClassBeanDefinitionReader.loadBeanDefinitionsForConfigurationClass(ConfigurationClassBeanDefinitionReader.java:148)
	at org.springframework.context.annotation.ConfigurationClassBeanDefinitionReader.loadBeanDefinitions(ConfigurationClassBeanDefinitionReader.java:124)
	at org.springframework.context.annotation.ConfigurationClassPostProcessor.processConfigBeanDefinitions(ConfigurationClassPostProcessor.java:464)
	at org.springframework.context.annotation.ConfigurationClassPostProcessor.postProcessBeanDefinitionRegistry(ConfigurationClassPostProcessor.java:316)
	at org.springframework.context.support.PostProcessorRegistrationDelegate.invokeBeanDefinitionRegistryPostProcessors(PostProcessorRegistrationDelegate.java:349)
	at org.springframework.context.support.PostProcessorRegistrationDelegate.invokeBeanFactoryPostProcessors(PostProcessorRegistrationDelegate.java:118)
	at org.springframework.context.support.AbstractApplicationContext.invokeBeanFactoryPostProcessors(AbstractApplicationContext.java:795)
	at org.springframework.context.support.AbstractApplicationContext.refresh(AbstractApplicationContext.java:603)
	at org.springframework.boot.web.server.servlet.context.ServletWebServerApplicationContext.refresh(ServletWebServerApplicationContext.java:143)
	at org.springframework.boot.SpringApplication.refresh(SpringApplication.java:756)
	at org.springframework.boot.SpringApplication.refreshContext(SpringApplication.java:445)
	at org.springframework.boot.SpringApplication.run(SpringApplication.java:321)
	at org.springframework.boot.SpringApplication.run(SpringApplication.java:1365)
	at org.springframework.boot.SpringApplication.run(SpringApplication.java:1354)
	at com.restDemo.RestDemoApplication.main(RestDemoApplication.java:10)
	at java.base/jdk.internal.reflect.DirectMethodHandleAccessor.invoke(DirectMethodHandleAccessor.java:103)
	at java.base/java.lang.reflect.Method.invoke(Method.java:580)
	at org.springframework.boot.devtools.restart.RestartLauncher.run(RestartLauncher.java:52)
Caused by: java.lang.IllegalStateException: @ConditionalOnMissingBean did not specify a bean using type, name or annotation and the attempt to deduce the bean's type failed
	at org.springframework.boot.autoconfigure.condition.OnBeanCondition$Spec.validate(OnBeanCondition.java:657)
	at org.springframework.boot.autoconfigure.condition.OnBeanCondition$Spec.<init>(OnBeanCondition.java:603)
	at org.springframework.boot.autoconfigure.condition.OnBeanCondition.getMatchOutcome(OnBeanCondition.java:147)
	at org.springframework.boot.autoconfigure.condition.SpringBootCondition.matches(SpringBootCondition.java:47)
	... 20 common frames omitted
Caused by: org.springframework.boot.autoconfigure.condition.OnBeanCondition$BeanTypeDeductionException: Failed to deduce bean type for org.springdoc.webmvc.ui.SwaggerConfig.swaggerWelcome
	at org.springframework.boot.autoconfigure.condition.OnBeanCondition$Spec.deducedBeanTypeForBeanMethod(OnBeanCondition.java:686)
	at org.springframework.boot.autoconfigure.condition.OnBeanCondition$Spec.deducedBeanType(OnBeanCondition.java:676)
	at org.springframework.boot.autoconfigure.condition.OnBeanCondition$Spec.<init>(OnBeanCondition.java:596)
	... 22 common frames omitted
Caused by: java.lang.IllegalStateException: Failed to introspect Class [org.springdoc.webmvc.ui.SwaggerConfig] from ClassLoader [jdk.internal.loader.ClassLoaders$AppClassLoader@5a07e868]
	at org.springframework.util.ReflectionUtils.getDeclaredMethods(ReflectionUtils.java:483)
	at org.springframework.util.ReflectionUtils.findMethod(ReflectionUtils.java:240)
	at org.springframework.util.ReflectionUtils.findMethod(ReflectionUtils.java:221)
	at org.springframework.boot.autoconfigure.condition.OnBeanCondition$Spec.findBeanMethod(OnBeanCondition.java:715)
	at org.springframework.boot.autoconfigure.condition.OnBeanCondition$Spec.getMethodReturnType(OnBeanCondition.java:710)
	at org.springframework.boot.autoconfigure.condition.OnBeanCondition$Spec.getReturnType(OnBeanCondition.java:694)
	at org.springframework.boot.autoconfigure.condition.OnBeanCondition$Spec.deducedBeanTypeForBeanMethod(OnBeanCondition.java:683)
	... 24 common frames omitted
Caused by: java.lang.NoClassDefFoundError: org/springframework/boot/autoconfigure/web/servlet/WebMvcProperties
	at java.base/java.lang.Class.getDeclaredMethods0(Native Method)
	at java.base/java.lang.Class.privateGetDeclaredMethods(Class.java:3650)
	at java.base/java.lang.Class.getDeclaredMethods(Class.java:2735)
	at org.springframework.util.ReflectionUtils.getDeclaredMethods(ReflectionUtils.java:465)
	... 30 common frames omitted
Caused by: java.lang.ClassNotFoundException: org.springframework.boot.autoconfigure.web.servlet.WebMvcProperties
	at java.base/jdk.internal.loader.BuiltinClassLoader.loadClass(BuiltinClassLoader.java:641)
	at java.base/jdk.internal.loader.ClassLoaders$AppClassLoader.loadClass(ClassLoaders.java:188)
	at java.base/java.lang.ClassLoader.loadClass(ClassLoader.java:528)
	... 34 common frames omitted
2026-07-18 23:57:30                      [restDemo]                      [background-preinit]                      INFO                       o.h.validator.internal.util.Version                      - HV000001: Hibernate Validator 9.1.0.Final
2026-07-18 23:57:30                      [restDemo]                      [restartedMain]                      INFO                       com.restDemo.RestDemoApplication                      - Starting RestDemoApplication using Java 23.0.1 with PID 11912 (D:\Spring Boot\Spring boot Projects\restDemo\target\classes started by Zahir in D:\Spring Boot\Spring boot Projects\restDemo)
2026-07-18 23:57:30                      [restDemo]                      [restartedMain]                      INFO                       com.restDemo.RestDemoApplication                      - No active profile set, falling back to 1 default profile: "default"
2026-07-18 23:57:30                      [restDemo]                      [restartedMain]                      INFO                       o.s.b.d.e.DevToolsPropertyDefaultsPostProcessor                      - Devtools property defaults active! Set 'spring.devtools.add-properties' to 'false' to disable
2026-07-18 23:57:30                      [restDemo]                      [restartedMain]                      INFO                       o.s.b.d.e.DevToolsPropertyDefaultsPostProcessor                      - For additional web related logging consider setting the 'logging.level.web' property to 'DEBUG'
2026-07-18 23:57:32                      [restDemo]                      [restartedMain]                      WARN                       o.s.b.w.s.s.c.AnnotationConfigServletWebServerApplicationContext                      - Exception encountered during context initialization - cancelling refresh attempt: java.lang.IllegalStateException: Error processing condition on org.springdoc.webmvc.ui.SwaggerConfig.swaggerWelcome
2026-07-18 23:57:32                      [restDemo]                      [restartedMain]                      INFO                       o.s.b.a.l.ConditionEvaluationReportLogger                      - 

Error starting ApplicationContext. To display the condition evaluation report re-run your application with 'debug' enabled.
2026-07-18 23:57:32                      [restDemo]                      [restartedMain]                      ERROR                      o.s.boot.SpringApplication                      - Application run failed
java.lang.IllegalStateException: Error processing condition on org.springdoc.webmvc.ui.SwaggerConfig.swaggerWelcome
	at org.springframework.boot.autoconfigure.condition.SpringBootCondition.matches(SpringBootCondition.java:60)
	at org.springframework.context.annotation.ConditionEvaluator.shouldSkip(ConditionEvaluator.java:100)
	at org.springframework.context.annotation.ConfigurationClassBeanDefinitionReader.loadBeanDefinitionsForBeanMethod(ConfigurationClassBeanDefinitionReader.java:196)
	at org.springframework.context.annotation.ConfigurationClassBeanDefinitionReader.loadBeanDefinitionsForConfigurationClass(ConfigurationClassBeanDefinitionReader.java:148)
	at org.springframework.context.annotation.ConfigurationClassBeanDefinitionReader.loadBeanDefinitions(ConfigurationClassBeanDefinitionReader.java:124)
	at org.springframework.context.annotation.ConfigurationClassPostProcessor.processConfigBeanDefinitions(ConfigurationClassPostProcessor.java:464)
	at org.springframework.context.annotation.ConfigurationClassPostProcessor.postProcessBeanDefinitionRegistry(ConfigurationClassPostProcessor.java:316)
	at org.springframework.context.support.PostProcessorRegistrationDelegate.invokeBeanDefinitionRegistryPostProcessors(PostProcessorRegistrationDelegate.java:349)
	at org.springframework.context.support.PostProcessorRegistrationDelegate.invokeBeanFactoryPostProcessors(PostProcessorRegistrationDelegate.java:118)
	at org.springframework.context.support.AbstractApplicationContext.invokeBeanFactoryPostProcessors(AbstractApplicationContext.java:795)
	at org.springframework.context.support.AbstractApplicationContext.refresh(AbstractApplicationContext.java:603)
	at org.springframework.boot.web.server.servlet.context.ServletWebServerApplicationContext.refresh(ServletWebServerApplicationContext.java:143)
	at org.springframework.boot.SpringApplication.refresh(SpringApplication.java:756)
	at org.springframework.boot.SpringApplication.refreshContext(SpringApplication.java:445)
	at org.springframework.boot.SpringApplication.run(SpringApplication.java:321)
	at org.springframework.boot.SpringApplication.run(SpringApplication.java:1365)
	at org.springframework.boot.SpringApplication.run(SpringApplication.java:1354)
	at com.restDemo.RestDemoApplication.main(RestDemoApplication.java:10)
	at java.base/jdk.internal.reflect.DirectMethodHandleAccessor.invoke(DirectMethodHandleAccessor.java:103)
	at java.base/java.lang.reflect.Method.invoke(Method.java:580)
	at org.springframework.boot.devtools.restart.RestartLauncher.run(RestartLauncher.java:52)
Caused by: java.lang.IllegalStateException: @ConditionalOnMissingBean did not specify a bean using type, name or annotation and the attempt to deduce the bean's type failed
	at org.springframework.boot.autoconfigure.condition.OnBeanCondition$Spec.validate(OnBeanCondition.java:657)
	at org.springframework.boot.autoconfigure.condition.OnBeanCondition$Spec.<init>(OnBeanCondition.java:603)
	at org.springframework.boot.autoconfigure.condition.OnBeanCondition.getMatchOutcome(OnBeanCondition.java:147)
	at org.springframework.boot.autoconfigure.condition.SpringBootCondition.matches(SpringBootCondition.java:47)
	... 20 common frames omitted
Caused by: org.springframework.boot.autoconfigure.condition.OnBeanCondition$BeanTypeDeductionException: Failed to deduce bean type for org.springdoc.webmvc.ui.SwaggerConfig.swaggerWelcome
	at org.springframework.boot.autoconfigure.condition.OnBeanCondition$Spec.deducedBeanTypeForBeanMethod(OnBeanCondition.java:686)
	at org.springframework.boot.autoconfigure.condition.OnBeanCondition$Spec.deducedBeanType(OnBeanCondition.java:676)
	at org.springframework.boot.autoconfigure.condition.OnBeanCondition$Spec.<init>(OnBeanCondition.java:596)
	... 22 common frames omitted
Caused by: java.lang.IllegalStateException: Failed to introspect Class [org.springdoc.webmvc.ui.SwaggerConfig] from ClassLoader [jdk.internal.loader.ClassLoaders$AppClassLoader@5a07e868]
	at org.springframework.util.ReflectionUtils.getDeclaredMethods(ReflectionUtils.java:483)
	at org.springframework.util.ReflectionUtils.findMethod(ReflectionUtils.java:240)
	at org.springframework.util.ReflectionUtils.findMethod(ReflectionUtils.java:221)
	at org.springframework.boot.autoconfigure.condition.OnBeanCondition$Spec.findBeanMethod(OnBeanCondition.java:715)
	at org.springframework.boot.autoconfigure.condition.OnBeanCondition$Spec.getMethodReturnType(OnBeanCondition.java:710)
	at org.springframework.boot.autoconfigure.condition.OnBeanCondition$Spec.getReturnType(OnBeanCondition.java:694)
	at org.springframework.boot.autoconfigure.condition.OnBeanCondition$Spec.deducedBeanTypeForBeanMethod(OnBeanCondition.java:683)
	... 24 common frames omitted
Caused by: java.lang.NoClassDefFoundError: org/springframework/boot/autoconfigure/web/servlet/WebMvcProperties
	at java.base/java.lang.Class.getDeclaredMethods0(Native Method)
	at java.base/java.lang.Class.privateGetDeclaredMethods(Class.java:3650)
	at java.base/java.lang.Class.getDeclaredMethods(Class.java:2735)
	at org.springframework.util.ReflectionUtils.getDeclaredMethods(ReflectionUtils.java:465)
	... 30 common frames omitted
Caused by: java.lang.ClassNotFoundException: org.springframework.boot.autoconfigure.web.servlet.WebMvcProperties
	at java.base/jdk.internal.loader.BuiltinClassLoader.loadClass(BuiltinClassLoader.java:641)
	at java.base/jdk.internal.loader.ClassLoaders$AppClassLoader.loadClass(ClassLoaders.java:188)
	at java.base/java.lang.ClassLoader.loadClass(ClassLoader.java:528)
	... 34 common frames omitted
2026-07-18 23:58:30                      [restDemo]                      [background-preinit]                      INFO                       o.h.validator.internal.util.Version                      - HV000001: Hibernate Validator 9.1.0.Final
2026-07-18 23:58:30                      [restDemo]                      [restartedMain]                      INFO                       com.restDemo.RestDemoApplication                      - Starting RestDemoApplication using Java 23.0.1 with PID 21256 (D:\Spring Boot\Spring boot Projects\restDemo\target\classes started by Zahir in D:\Spring Boot\Spring boot Projects\restDemo)
2026-07-18 23:58:30                      [restDemo]                      [restartedMain]                      INFO                       com.restDemo.RestDemoApplication                      - No active profile set, falling back to 1 default profile: "default"
2026-07-18 23:58:30                      [restDemo]                      [restartedMain]                      INFO                       o.s.b.d.e.DevToolsPropertyDefaultsPostProcessor                      - Devtools property defaults active! Set 'spring.devtools.add-properties' to 'false' to disable
2026-07-18 23:58:30                      [restDemo]                      [restartedMain]                      INFO                       o.s.b.d.e.DevToolsPropertyDefaultsPostProcessor                      - For additional web related logging consider setting the 'logging.level.web' property to 'DEBUG'
2026-07-18 23:58:32                      [restDemo]                      [restartedMain]                      WARN                       o.s.b.w.s.s.c.AnnotationConfigServletWebServerApplicationContext                      - Exception encountered during context initialization - cancelling refresh attempt: java.lang.IllegalStateException: Error processing condition on org.springdoc.webmvc.ui.SwaggerConfig.swaggerWelcome
2026-07-18 23:58:32                      [restDemo]                      [restartedMain]                      INFO                       o.s.b.a.l.ConditionEvaluationReportLogger                      - 

Error starting ApplicationContext. To display the condition evaluation report re-run your application with 'debug' enabled.
2026-07-18 23:58:32                      [restDemo]                      [restartedMain]                      ERROR                      o.s.boot.SpringApplication                      - Application run failed
java.lang.IllegalStateException: Error processing condition on org.springdoc.webmvc.ui.SwaggerConfig.swaggerWelcome
	at org.springframework.boot.autoconfigure.condition.SpringBootCondition.matches(SpringBootCondition.java:60)
	at org.springframework.context.annotation.ConditionEvaluator.shouldSkip(ConditionEvaluator.java:100)
	at org.springframework.context.annotation.ConfigurationClassBeanDefinitionReader.loadBeanDefinitionsForBeanMethod(ConfigurationClassBeanDefinitionReader.java:196)
	at org.springframework.context.annotation.ConfigurationClassBeanDefinitionReader.loadBeanDefinitionsForConfigurationClass(ConfigurationClassBeanDefinitionReader.java:148)
	at org.springframework.context.annotation.ConfigurationClassBeanDefinitionReader.loadBeanDefinitions(ConfigurationClassBeanDefinitionReader.java:124)
	at org.springframework.context.annotation.ConfigurationClassPostProcessor.processConfigBeanDefinitions(ConfigurationClassPostProcessor.java:464)
	at org.springframework.context.annotation.ConfigurationClassPostProcessor.postProcessBeanDefinitionRegistry(ConfigurationClassPostProcessor.java:316)
	at org.springframework.context.support.PostProcessorRegistrationDelegate.invokeBeanDefinitionRegistryPostProcessors(PostProcessorRegistrationDelegate.java:349)
	at org.springframework.context.support.PostProcessorRegistrationDelegate.invokeBeanFactoryPostProcessors(PostProcessorRegistrationDelegate.java:118)
	at org.springframework.context.support.AbstractApplicationContext.invokeBeanFactoryPostProcessors(AbstractApplicationContext.java:795)
	at org.springframework.context.support.AbstractApplicationContext.refresh(AbstractApplicationContext.java:603)
	at org.springframework.boot.web.server.servlet.context.ServletWebServerApplicationContext.refresh(ServletWebServerApplicationContext.java:143)
	at org.springframework.boot.SpringApplication.refresh(SpringApplication.java:756)
	at org.springframework.boot.SpringApplication.refreshContext(SpringApplication.java:445)
	at org.springframework.boot.SpringApplication.run(SpringApplication.java:321)
	at org.springframework.boot.SpringApplication.run(SpringApplication.java:1365)
	at org.springframework.boot.SpringApplication.run(SpringApplication.java:1354)
	at com.restDemo.RestDemoApplication.main(RestDemoApplication.java:10)
	at java.base/jdk.internal.reflect.DirectMethodHandleAccessor.invoke(DirectMethodHandleAccessor.java:103)
	at java.base/java.lang.reflect.Method.invoke(Method.java:580)
	at org.springframework.boot.devtools.restart.RestartLauncher.run(RestartLauncher.java:52)
Caused by: java.lang.IllegalStateException: @ConditionalOnMissingBean did not specify a bean using type, name or annotation and the attempt to deduce the bean's type failed
	at org.springframework.boot.autoconfigure.condition.OnBeanCondition$Spec.validate(OnBeanCondition.java:657)
	at org.springframework.boot.autoconfigure.condition.OnBeanCondition$Spec.<init>(OnBeanCondition.java:603)
	at org.springframework.boot.autoconfigure.condition.OnBeanCondition.getMatchOutcome(OnBeanCondition.java:147)
	at org.springframework.boot.autoconfigure.condition.SpringBootCondition.matches(SpringBootCondition.java:47)
	... 20 common frames omitted
Caused by: org.springframework.boot.autoconfigure.condition.OnBeanCondition$BeanTypeDeductionException: Failed to deduce bean type for org.springdoc.webmvc.ui.SwaggerConfig.swaggerWelcome
	at org.springframework.boot.autoconfigure.condition.OnBeanCondition$Spec.deducedBeanTypeForBeanMethod(OnBeanCondition.java:686)
	at org.springframework.boot.autoconfigure.condition.OnBeanCondition$Spec.deducedBeanType(OnBeanCondition.java:676)
	at org.springframework.boot.autoconfigure.condition.OnBeanCondition$Spec.<init>(OnBeanCondition.java:596)
	... 22 common frames omitted
Caused by: java.lang.IllegalStateException: Failed to introspect Class [org.springdoc.webmvc.ui.SwaggerConfig] from ClassLoader [jdk.internal.loader.ClassLoaders$AppClassLoader@5a07e868]
	at org.springframework.util.ReflectionUtils.getDeclaredMethods(ReflectionUtils.java:483)
	at org.springframework.util.ReflectionUtils.findMethod(ReflectionUtils.java:240)
	at org.springframework.util.ReflectionUtils.findMethod(ReflectionUtils.java:221)
	at org.springframework.boot.autoconfigure.condition.OnBeanCondition$Spec.findBeanMethod(OnBeanCondition.java:715)
	at org.springframework.boot.autoconfigure.condition.OnBeanCondition$Spec.getMethodReturnType(OnBeanCondition.java:710)
	at org.springframework.boot.autoconfigure.condition.OnBeanCondition$Spec.getReturnType(OnBeanCondition.java:694)
	at org.springframework.boot.autoconfigure.condition.OnBeanCondition$Spec.deducedBeanTypeForBeanMethod(OnBeanCondition.java:683)
	... 24 common frames omitted
Caused by: java.lang.NoClassDefFoundError: org/springframework/boot/autoconfigure/web/servlet/WebMvcProperties
	at java.base/java.lang.Class.getDeclaredMethods0(Native Method)
	at java.base/java.lang.Class.privateGetDeclaredMethods(Class.java:3650)
	at java.base/java.lang.Class.getDeclaredMethods(Class.java:2735)
	at org.springframework.util.ReflectionUtils.getDeclaredMethods(ReflectionUtils.java:465)
	... 30 common frames omitted
Caused by: java.lang.ClassNotFoundException: org.springframework.boot.autoconfigure.web.servlet.WebMvcProperties
	at java.base/jdk.internal.loader.BuiltinClassLoader.loadClass(BuiltinClassLoader.java:641)
	at java.base/jdk.internal.loader.ClassLoaders$AppClassLoader.loadClass(ClassLoaders.java:188)
	at java.base/java.lang.ClassLoader.loadClass(ClassLoader.java:528)
	... 34 common frames omitted
2026-07-18 23:59:20                      [restDemo]                      [background-preinit]                      INFO                       o.h.validator.internal.util.Version                      - HV000001: Hibernate Validator 9.1.0.Final
2026-07-18 23:59:20                      [restDemo]                      [restartedMain]                      INFO                       com.restDemo.RestDemoApplication                      - Starting RestDemoApplication using Java 23.0.1 with PID 3156 (D:\Spring Boot\Spring boot Projects\restDemo\target\classes started by Zahir in D:\Spring Boot\Spring boot Projects\restDemo)
2026-07-18 23:59:20                      [restDemo]                      [restartedMain]                      INFO                       com.restDemo.RestDemoApplication                      - No active profile set, falling back to 1 default profile: "default"
2026-07-18 23:59:20                      [restDemo]                      [restartedMain]                      INFO                       o.s.b.d.e.DevToolsPropertyDefaultsPostProcessor                      - Devtools property defaults active! Set 'spring.devtools.add-properties' to 'false' to disable
2026-07-18 23:59:20                      [restDemo]                      [restartedMain]                      INFO                       o.s.b.d.e.DevToolsPropertyDefaultsPostProcessor                      - For additional web related logging consider setting the 'logging.level.web' property to 'DEBUG'
2026-07-18 23:59:22                      [restDemo]                      [restartedMain]                      INFO                       o.s.d.r.c.RepositoryConfigurationDelegate                      - Bootstrapping Spring Data JPA repositories in DEFAULT mode.
2026-07-18 23:59:22                      [restDemo]                      [restartedMain]                      INFO                       o.s.d.r.c.RepositoryConfigurationDelegate                      - Finished Spring Data repository scanning in 74 ms. Found 1 JPA repository interface.
2026-07-18 23:59:23                      [restDemo]                      [restartedMain]                      INFO                       o.s.boot.tomcat.TomcatWebServer                      - Tomcat initialized with port 8001 (http)
2026-07-18 23:59:23                      [restDemo]                      [restartedMain]                      INFO                       o.a.coyote.http11.Http11NioProtocol                      - Initializing ProtocolHandler ["http-nio-8001"]
2026-07-18 23:59:23                      [restDemo]                      [restartedMain]                      INFO                       o.a.catalina.core.StandardService                      - Starting service [Tomcat]
2026-07-18 23:59:23                      [restDemo]                      [restartedMain]                      INFO                       o.a.catalina.core.StandardEngine                      - Starting Servlet engine: [Apache Tomcat/11.0.22]
2026-07-18 23:59:23                      [restDemo]                      [restartedMain]                      INFO                       o.s.b.w.c.s.WebApplicationContextInitializer                      - Root WebApplicationContext: initialization completed in 2994 ms
2026-07-18 23:59:23                      [restDemo]                      [restartedMain]                      INFO                       org.hibernate.orm.jpa                      - HHH008540: Processing PersistenceUnitInfo [name: default]
2026-07-18 23:59:24                      [restDemo]                      [restartedMain]                      INFO                       org.hibernate.orm.core                      - HHH000001: Hibernate ORM core version 7.4.1.Final
2026-07-18 23:59:24                      [restDemo]                      [restartedMain]                      INFO                       o.s.o.j.p.SpringPersistenceUnitInfo                      - No LoadTimeWeaver setup: ignoring JPA class transformer
2026-07-18 23:59:24                      [restDemo]                      [restartedMain]                      INFO                       com.zaxxer.hikari.HikariDataSource                      - HikariPool-1 - Starting...
2026-07-18 23:59:25                      [restDemo]                      [restartedMain]                      INFO                       com.zaxxer.hikari.pool.HikariPool                      - HikariPool-1 - Added connection com.mysql.cj.jdbc.ConnectionImpl@2ef2d191
2026-07-18 23:59:25                      [restDemo]                      [restartedMain]                      INFO                       com.zaxxer.hikari.HikariDataSource                      - HikariPool-1 - Start completed.
2026-07-18 23:59:25                      [restDemo]                      [restartedMain]                      WARN                       org.hibernate.orm.deprecation                      - HHH90000025: MySQLDialect does not need to be specified explicitly using 'hibernate.dialect' (remove the property setting and it will be selected by default)
2026-07-18 23:59:25                      [restDemo]                      [restartedMain]                      INFO                       o.hibernate.orm.connections.pooling                      - HHH10001005: Database info:
	Database JDBC URL [jdbc:mysql://localhost:3306/mvc-project?allowPublicKeyRetrieval=true&useSSL=false]
	Database driver: MySQL Connector/J
	Database dialect: MySQLDialect
	Database version: 8.0.34
	Default catalog/schema: mvc-project/undefined
	Autocommit mode: undefined/unknown
	Isolation level: REPEATABLE_READ [default REPEATABLE_READ]
	JDBC fetch size: none
	Pool: DataSourceConnectionProvider
	Minimum pool size: undefined/unknown
	Maximum pool size: undefined/unknown
2026-07-18 23:59:26                      [restDemo]                      [restartedMain]                      INFO                       org.hibernate.orm.core                      - HHH000489: No JTA platform available (set 'hibernate.transaction.jta.platform' to enable JTA platform integration)
2026-07-18 23:59:26                      [restDemo]                      [restartedMain]                      INFO                       o.s.o.j.LocalContainerEntityManagerFactoryBean                      - Initialized JPA EntityManagerFactory for persistence unit 'default'
2026-07-18 23:59:27                      [restDemo]                      [restartedMain]                      INFO                       o.s.d.j.r.q.QueryEnhancerFactories                      - Hibernate is in classpath; If applicable, HQL parser will be used.
2026-07-18 23:59:27                      [restDemo]                      [restartedMain]                      WARN                       o.s.b.j.a.JpaBaseConfiguration$JpaWebConfiguration                      - spring.jpa.open-in-view is enabled by default. Therefore, database queries may be performed during view rendering. Explicitly configure spring.jpa.open-in-view to disable this warning
2026-07-18 23:59:27                      [restDemo]                      [restartedMain]                      WARN                       o.s.b.s.a.UserDetailsServiceAutoConfiguration                      - 

Using generated security password: 21405e79-8c13-4de8-9824-285cf41df608

This generated password is for development use only. Your security configuration must be updated before running your application in production.

2026-07-18 23:59:27                      [restDemo]                      [restartedMain]                      INFO                       o.s.s.c.a.a.c.InitializeUserDetailsBeanManagerConfigurer$InitializeUserDetailsManagerConfigurer                      - Global AuthenticationManager configured with UserDetailsService bean with name inMemoryUserDetailsManager
2026-07-18 23:59:29                      [restDemo]                      [restartedMain]                      INFO                       o.a.coyote.http11.Http11NioProtocol                      - Starting ProtocolHandler ["http-nio-8001"]
2026-07-18 23:59:29                      [restDemo]                      [restartedMain]                      INFO                       o.s.boot.tomcat.TomcatWebServer                      - Tomcat started on port 8001 (http) with context path '/'
2026-07-18 23:59:29                      [restDemo]                      [restartedMain]                      INFO                       com.restDemo.RestDemoApplication                      - Started RestDemoApplication in 9.689 seconds (process running for 10.547)
