2026-07-19 00:12:22                      [restDemo]                      [SpringApplicationShutdownHook]                      INFO                       o.s.boot.tomcat.GracefulShutdown                      - Commencing graceful shutdown. Waiting for active requests to complete
2026-07-19 00:12:22                      [restDemo]                      [tomcat-shutdown]                      INFO                       o.s.boot.tomcat.GracefulShutdown                      - Graceful shutdown complete
2026-07-19 00:12:22                      [restDemo]                      [SpringApplicationShutdownHook]                      INFO                       o.s.o.j.LocalContainerEntityManagerFactoryBean                      - Closing JPA EntityManagerFactory for persistence unit 'default'
2026-07-19 00:12:22                      [restDemo]                      [SpringApplicationShutdownHook]                      INFO                       com.zaxxer.hikari.HikariDataSource                      - HikariPool-1 - Shutdown initiated...
2026-07-19 00:12:22                      [restDemo]                      [SpringApplicationShutdownHook]                      INFO                       com.zaxxer.hikari.HikariDataSource                      - HikariPool-1 - Shutdown completed.
2026-07-19 00:14:27                      [restDemo]                      [background-preinit]                      INFO                       o.h.validator.internal.util.Version                      - HV000001: Hibernate Validator 8.0.3.Final
2026-07-19 00:14:27                      [restDemo]                      [restartedMain]                      INFO                       com.restDemo.RestDemoApplication                      - Starting RestDemoApplication using Java 23.0.1 with PID 10480 (D:\Spring Boot\Spring boot Projects\restDemo\target\classes started by Zahir in D:\Spring Boot\Spring boot Projects\restDemo)
2026-07-19 00:14:27                      [restDemo]                      [restartedMain]                      INFO                       com.restDemo.RestDemoApplication                      - No active profile set, falling back to 1 default profile: "default"
2026-07-19 00:14:27                      [restDemo]                      [restartedMain]                      INFO                       o.s.b.d.e.DevToolsPropertyDefaultsPostProcessor                      - Devtools property defaults active! Set 'spring.devtools.add-properties' to 'false' to disable
2026-07-19 00:14:27                      [restDemo]                      [restartedMain]                      INFO                       o.s.b.d.e.DevToolsPropertyDefaultsPostProcessor                      - For additional web related logging consider setting the 'logging.level.web' property to 'DEBUG'
2026-07-19 00:14:29                      [restDemo]                      [restartedMain]                      INFO                       o.s.d.r.c.RepositoryConfigurationDelegate                      - Bootstrapping Spring Data JPA repositories in DEFAULT mode.
2026-07-19 00:14:29                      [restDemo]                      [restartedMain]                      INFO                       o.s.d.r.c.RepositoryConfigurationDelegate                      - Finished Spring Data repository scanning in 128 ms. Found 1 JPA repository interface.
2026-07-19 00:14:31                      [restDemo]                      [restartedMain]                      INFO                       o.s.b.w.e.tomcat.TomcatWebServer                      - Tomcat initialized with port 8001 (http)
2026-07-19 00:14:31                      [restDemo]                      [restartedMain]                      INFO                       o.a.coyote.http11.Http11NioProtocol                      - Initializing ProtocolHandler ["http-nio-8001"]
2026-07-19 00:14:31                      [restDemo]                      [restartedMain]                      INFO                       o.a.catalina.core.StandardService                      - Starting service [Tomcat]
2026-07-19 00:14:31                      [restDemo]                      [restartedMain]                      INFO                       o.a.catalina.core.StandardEngine                      - Starting Servlet engine: [Apache Tomcat/10.1.46]
2026-07-19 00:14:31                      [restDemo]                      [restartedMain]                      INFO                       o.a.c.c.C.[Tomcat].[localhost].[/]                      - Initializing Spring embedded WebApplicationContext
2026-07-19 00:14:31                      [restDemo]                      [restartedMain]                      INFO                       o.s.b.w.s.c.ServletWebServerApplicationContext                      - Root WebApplicationContext: initialization completed in 3463 ms
2026-07-19 00:14:31                      [restDemo]                      [restartedMain]                      INFO                       o.h.jpa.internal.util.LogHelper                      - HHH000204: Processing PersistenceUnitInfo [name: default]
2026-07-19 00:14:31                      [restDemo]                      [restartedMain]                      INFO                       org.hibernate.Version                      - HHH000412: Hibernate ORM core version 6.6.29.Final
2026-07-19 00:14:31                      [restDemo]                      [restartedMain]                      INFO                       o.h.c.i.RegionFactoryInitiator                      - HHH000026: Second-level cache disabled
2026-07-19 00:14:32                      [restDemo]                      [restartedMain]                      INFO                       o.s.o.j.p.SpringPersistenceUnitInfo                      - No LoadTimeWeaver setup: ignoring JPA class transformer
2026-07-19 00:14:32                      [restDemo]                      [restartedMain]                      INFO                       com.zaxxer.hikari.HikariDataSource                      - HikariPool-1 - Starting...
2026-07-19 00:14:32                      [restDemo]                      [restartedMain]                      INFO                       com.zaxxer.hikari.pool.HikariPool                      - HikariPool-1 - Added connection com.mysql.cj.jdbc.ConnectionImpl@419144cd
2026-07-19 00:14:32                      [restDemo]                      [restartedMain]                      INFO                       com.zaxxer.hikari.HikariDataSource                      - HikariPool-1 - Start completed.
2026-07-19 00:14:32                      [restDemo]                      [restartedMain]                      WARN                       org.hibernate.orm.deprecation                      - HHH90000025: MySQLDialect does not need to be specified explicitly using 'hibernate.dialect' (remove the property setting and it will be selected by default)
2026-07-19 00:14:32                      [restDemo]                      [restartedMain]                      INFO                       o.hibernate.orm.connections.pooling                      - HHH10001005: Database info:
	Database JDBC URL [undefined/unknown]
	Database driver: undefined/unknown
	Database version: 8.0.34
	Autocommit mode: undefined/unknown
	Isolation level: undefined/unknown
	Minimum pool size: undefined/unknown
	Maximum pool size: undefined/unknown
2026-07-19 00:14:34                      [restDemo]                      [restartedMain]                      INFO                       o.h.e.t.j.p.i.JtaPlatformInitiator                      - HHH000489: No JTA platform available (set 'hibernate.transaction.jta.platform' to enable JTA platform integration)
2026-07-19 00:14:34                      [restDemo]                      [restartedMain]                      INFO                       o.s.o.j.LocalContainerEntityManagerFactoryBean                      - Initialized JPA EntityManagerFactory for persistence unit 'default'
2026-07-19 00:14:35                      [restDemo]                      [restartedMain]                      WARN                       o.s.b.a.o.j.JpaBaseConfiguration$JpaWebConfiguration                      - spring.jpa.open-in-view is enabled by default. Therefore, database queries may be performed during view rendering. Explicitly configure spring.jpa.open-in-view to disable this warning
2026-07-19 00:14:35                      [restDemo]                      [restartedMain]                      WARN                       o.s.b.a.s.s.UserDetailsServiceAutoConfiguration                      - 

Using generated security password: 23fe0377-55b4-4c4d-bd5f-b60c7d77187f

This generated password is for development use only. Your security configuration must be updated before running your application in production.

2026-07-19 00:14:35                      [restDemo]                      [restartedMain]                      INFO                       o.s.s.c.a.a.c.InitializeUserDetailsBeanManagerConfigurer$InitializeUserDetailsManagerConfigurer                      - Global AuthenticationManager configured with UserDetailsService bean with name inMemoryUserDetailsManager
2026-07-19 00:14:36                      [restDemo]                      [restartedMain]                      INFO                       o.s.b.d.a.OptionalLiveReloadServer                      - LiveReload server is running on port 35729
2026-07-19 00:14:36                      [restDemo]                      [restartedMain]                      INFO                       o.a.coyote.http11.Http11NioProtocol                      - Starting ProtocolHandler ["http-nio-8001"]
2026-07-19 00:14:36                      [restDemo]                      [restartedMain]                      INFO                       o.s.b.w.e.tomcat.TomcatWebServer                      - Tomcat started on port 8001 (http) with context path '/'
2026-07-19 00:14:36                      [restDemo]                      [restartedMain]                      INFO                       com.restDemo.RestDemoApplication                      - Started RestDemoApplication in 9.859 seconds (process running for 11.211)
2026-07-19 00:20:19                      [restDemo]                      [SpringApplicationShutdownHook]                      INFO                       o.s.b.w.e.tomcat.GracefulShutdown                      - Commencing graceful shutdown. Waiting for active requests to complete
2026-07-19 00:20:19                      [restDemo]                      [tomcat-shutdown]                      INFO                       o.s.b.w.e.tomcat.GracefulShutdown                      - Graceful shutdown complete
2026-07-19 00:20:19                      [restDemo]                      [SpringApplicationShutdownHook]                      INFO                       o.s.o.j.LocalContainerEntityManagerFactoryBean                      - Closing JPA EntityManagerFactory for persistence unit 'default'
2026-07-19 00:20:19                      [restDemo]                      [SpringApplicationShutdownHook]                      INFO                       com.zaxxer.hikari.HikariDataSource                      - HikariPool-1 - Shutdown initiated...
2026-07-19 00:20:19                      [restDemo]                      [SpringApplicationShutdownHook]                      INFO                       com.zaxxer.hikari.HikariDataSource                      - HikariPool-1 - Shutdown completed.
2026-07-19 00:20:25                      [restDemo]                      [background-preinit]                      INFO                       o.h.validator.internal.util.Version                      - HV000001: Hibernate Validator 8.0.3.Final
2026-07-19 00:20:25                      [restDemo]                      [restartedMain]                      INFO                       com.restDemo.RestDemoApplication                      - Starting RestDemoApplication using Java 23.0.1 with PID 11012 (D:\Spring Boot\Spring boot Projects\restDemo\target\classes started by Zahir in D:\Spring Boot\Spring boot Projects\restDemo)
2026-07-19 00:20:25                      [restDemo]                      [restartedMain]                      INFO                       com.restDemo.RestDemoApplication                      - No active profile set, falling back to 1 default profile: "default"
2026-07-19 00:20:25                      [restDemo]                      [restartedMain]                      INFO                       o.s.b.d.e.DevToolsPropertyDefaultsPostProcessor                      - Devtools property defaults active! Set 'spring.devtools.add-properties' to 'false' to disable
2026-07-19 00:20:25                      [restDemo]                      [restartedMain]                      INFO                       o.s.b.d.e.DevToolsPropertyDefaultsPostProcessor                      - For additional web related logging consider setting the 'logging.level.web' property to 'DEBUG'
2026-07-19 00:20:27                      [restDemo]                      [restartedMain]                      INFO                       o.s.d.r.c.RepositoryConfigurationDelegate                      - Bootstrapping Spring Data JPA repositories in DEFAULT mode.
2026-07-19 00:20:27                      [restDemo]                      [restartedMain]                      INFO                       o.s.d.r.c.RepositoryConfigurationDelegate                      - Finished Spring Data repository scanning in 121 ms. Found 1 JPA repository interface.
2026-07-19 00:20:28                      [restDemo]                      [restartedMain]                      INFO                       o.s.b.w.e.tomcat.TomcatWebServer                      - Tomcat initialized with port 8001 (http)
2026-07-19 00:20:28                      [restDemo]                      [restartedMain]                      INFO                       o.a.coyote.http11.Http11NioProtocol                      - Initializing ProtocolHandler ["http-nio-8001"]
2026-07-19 00:20:28                      [restDemo]                      [restartedMain]                      INFO                       o.a.catalina.core.StandardService                      - Starting service [Tomcat]
2026-07-19 00:20:28                      [restDemo]                      [restartedMain]                      INFO                       o.a.catalina.core.StandardEngine                      - Starting Servlet engine: [Apache Tomcat/10.1.46]
2026-07-19 00:20:28                      [restDemo]                      [restartedMain]                      INFO                       o.a.c.c.C.[Tomcat].[localhost].[/]                      - Initializing Spring embedded WebApplicationContext
2026-07-19 00:20:28                      [restDemo]                      [restartedMain]                      INFO                       o.s.b.w.s.c.ServletWebServerApplicationContext                      - Root WebApplicationContext: initialization completed in 3216 ms
2026-07-19 00:20:29                      [restDemo]                      [restartedMain]                      INFO                       o.h.jpa.internal.util.LogHelper                      - HHH000204: Processing PersistenceUnitInfo [name: default]
2026-07-19 00:20:29                      [restDemo]                      [restartedMain]                      INFO                       org.hibernate.Version                      - HHH000412: Hibernate ORM core version 6.6.29.Final
2026-07-19 00:20:29                      [restDemo]                      [restartedMain]                      INFO                       o.h.c.i.RegionFactoryInitiator                      - HHH000026: Second-level cache disabled
2026-07-19 00:20:30                      [restDemo]                      [restartedMain]                      INFO                       o.s.o.j.p.SpringPersistenceUnitInfo                      - No LoadTimeWeaver setup: ignoring JPA class transformer
2026-07-19 00:20:30                      [restDemo]                      [restartedMain]                      INFO                       com.zaxxer.hikari.HikariDataSource                      - HikariPool-1 - Starting...
2026-07-19 00:20:30                      [restDemo]                      [restartedMain]                      INFO                       com.zaxxer.hikari.pool.HikariPool                      - HikariPool-1 - Added connection com.mysql.cj.jdbc.ConnectionImpl@4a4271fd
2026-07-19 00:20:30                      [restDemo]                      [restartedMain]                      INFO                       com.zaxxer.hikari.HikariDataSource                      - HikariPool-1 - Start completed.
2026-07-19 00:20:30                      [restDemo]                      [restartedMain]                      WARN                       org.hibernate.orm.deprecation                      - HHH90000025: MySQLDialect does not need to be specified explicitly using 'hibernate.dialect' (remove the property setting and it will be selected by default)
2026-07-19 00:20:30                      [restDemo]                      [restartedMain]                      INFO                       o.hibernate.orm.connections.pooling                      - HHH10001005: Database info:
	Database JDBC URL [undefined/unknown]
	Database driver: undefined/unknown
	Database version: 8.0.34
	Autocommit mode: undefined/unknown
	Isolation level: undefined/unknown
	Minimum pool size: undefined/unknown
	Maximum pool size: undefined/unknown
2026-07-19 00:20:31                      [restDemo]                      [restartedMain]                      INFO                       o.h.e.t.j.p.i.JtaPlatformInitiator                      - HHH000489: No JTA platform available (set 'hibernate.transaction.jta.platform' to enable JTA platform integration)
2026-07-19 00:20:31                      [restDemo]                      [restartedMain]                      INFO                       o.s.o.j.LocalContainerEntityManagerFactoryBean                      - Initialized JPA EntityManagerFactory for persistence unit 'default'
2026-07-19 00:20:32                      [restDemo]                      [restartedMain]                      WARN                       o.s.b.a.o.j.JpaBaseConfiguration$JpaWebConfiguration                      - spring.jpa.open-in-view is enabled by default. Therefore, database queries may be performed during view rendering. Explicitly configure spring.jpa.open-in-view to disable this warning
2026-07-19 00:20:32                      [restDemo]                      [restartedMain]                      WARN                       o.s.b.a.s.s.UserDetailsServiceAutoConfiguration                      - 

Using generated security password: 5ad5612a-2a79-473b-92a7-ec93bfef48c3

This generated password is for development use only. Your security configuration must be updated before running your application in production.

2026-07-19 00:20:32                      [restDemo]                      [restartedMain]                      INFO                       o.s.s.c.a.a.c.InitializeUserDetailsBeanManagerConfigurer$InitializeUserDetailsManagerConfigurer                      - Global AuthenticationManager configured with UserDetailsService bean with name inMemoryUserDetailsManager
2026-07-19 00:20:33                      [restDemo]                      [restartedMain]                      INFO                       o.s.b.d.a.OptionalLiveReloadServer                      - LiveReload server is running on port 35729
2026-07-19 00:20:33                      [restDemo]                      [restartedMain]                      INFO                       o.a.coyote.http11.Http11NioProtocol                      - Starting ProtocolHandler ["http-nio-8001"]
2026-07-19 00:20:33                      [restDemo]                      [restartedMain]                      INFO                       o.s.b.w.e.tomcat.TomcatWebServer                      - Tomcat started on port 8001 (http) with context path '/'
2026-07-19 00:20:33                      [restDemo]                      [restartedMain]                      INFO                       com.restDemo.RestDemoApplication                      - Started RestDemoApplication in 8.953 seconds (process running for 9.709)
2026-07-19 00:21:01                      [restDemo]                      [SpringApplicationShutdownHook]                      INFO                       o.s.b.w.e.tomcat.GracefulShutdown                      - Commencing graceful shutdown. Waiting for active requests to complete
2026-07-19 00:21:01                      [restDemo]                      [tomcat-shutdown]                      INFO                       o.s.b.w.e.tomcat.GracefulShutdown                      - Graceful shutdown complete
2026-07-19 00:21:01                      [restDemo]                      [SpringApplicationShutdownHook]                      INFO                       o.s.o.j.LocalContainerEntityManagerFactoryBean                      - Closing JPA EntityManagerFactory for persistence unit 'default'
2026-07-19 00:21:01                      [restDemo]                      [SpringApplicationShutdownHook]                      INFO                       com.zaxxer.hikari.HikariDataSource                      - HikariPool-1 - Shutdown initiated...
2026-07-19 00:21:01                      [restDemo]                      [SpringApplicationShutdownHook]                      INFO                       com.zaxxer.hikari.HikariDataSource                      - HikariPool-1 - Shutdown completed.
2026-07-19 12:51:11                      [restDemo]                      [background-preinit]                      INFO                       o.h.validator.internal.util.Version                      - HV000001: Hibernate Validator 8.0.3.Final
2026-07-19 12:51:12                      [restDemo]                      [restartedMain]                      INFO                       com.restDemo.RestDemoApplication                      - Starting RestDemoApplication using Java 23.0.1 with PID 8040 (D:\Spring Boot\Spring boot Projects\restDemo\target\classes started by Zahir in D:\Spring Boot\Spring boot Projects\restDemo)
2026-07-19 12:51:12                      [restDemo]                      [restartedMain]                      INFO                       com.restDemo.RestDemoApplication                      - No active profile set, falling back to 1 default profile: "default"
2026-07-19 12:51:12                      [restDemo]                      [restartedMain]                      INFO                       o.s.b.d.e.DevToolsPropertyDefaultsPostProcessor                      - Devtools property defaults active! Set 'spring.devtools.add-properties' to 'false' to disable
2026-07-19 12:51:12                      [restDemo]                      [restartedMain]                      INFO                       o.s.b.d.e.DevToolsPropertyDefaultsPostProcessor                      - For additional web related logging consider setting the 'logging.level.web' property to 'DEBUG'
2026-07-19 12:51:14                      [restDemo]                      [restartedMain]                      INFO                       o.s.d.r.c.RepositoryConfigurationDelegate                      - Bootstrapping Spring Data JPA repositories in DEFAULT mode.
2026-07-19 12:51:15                      [restDemo]                      [restartedMain]                      INFO                       o.s.d.r.c.RepositoryConfigurationDelegate                      - Finished Spring Data repository scanning in 212 ms. Found 1 JPA repository interface.
2026-07-19 12:51:17                      [restDemo]                      [restartedMain]                      INFO                       o.s.b.w.e.tomcat.TomcatWebServer                      - Tomcat initialized with port 8001 (http)
2026-07-19 12:51:17                      [restDemo]                      [restartedMain]                      INFO                       o.a.coyote.http11.Http11NioProtocol                      - Initializing ProtocolHandler ["http-nio-8001"]
2026-07-19 12:51:17                      [restDemo]                      [restartedMain]                      INFO                       o.a.catalina.core.StandardService                      - Starting service [Tomcat]
2026-07-19 12:51:17                      [restDemo]                      [restartedMain]                      INFO                       o.a.catalina.core.StandardEngine                      - Starting Servlet engine: [Apache Tomcat/10.1.46]
2026-07-19 12:51:17                      [restDemo]                      [restartedMain]                      INFO                       o.a.c.c.C.[Tomcat].[localhost].[/]                      - Initializing Spring embedded WebApplicationContext
2026-07-19 12:51:17                      [restDemo]                      [restartedMain]                      INFO                       o.s.b.w.s.c.ServletWebServerApplicationContext                      - Root WebApplicationContext: initialization completed in 5200 ms
2026-07-19 12:51:18                      [restDemo]                      [restartedMain]                      INFO                       o.h.jpa.internal.util.LogHelper                      - HHH000204: Processing PersistenceUnitInfo [name: default]
2026-07-19 12:51:18                      [restDemo]                      [restartedMain]                      INFO                       org.hibernate.Version                      - HHH000412: Hibernate ORM core version 6.6.29.Final
2026-07-19 12:51:18                      [restDemo]                      [restartedMain]                      INFO                       o.h.c.i.RegionFactoryInitiator                      - HHH000026: Second-level cache disabled
2026-07-19 12:51:19                      [restDemo]                      [restartedMain]                      INFO                       o.s.o.j.p.SpringPersistenceUnitInfo                      - No LoadTimeWeaver setup: ignoring JPA class transformer
2026-07-19 12:51:19                      [restDemo]                      [restartedMain]                      INFO                       com.zaxxer.hikari.HikariDataSource                      - HikariPool-1 - Starting...
2026-07-19 12:51:19                      [restDemo]                      [restartedMain]                      INFO                       com.zaxxer.hikari.pool.HikariPool                      - HikariPool-1 - Added connection com.mysql.cj.jdbc.ConnectionImpl@6f2e8050
2026-07-19 12:51:19                      [restDemo]                      [restartedMain]                      INFO                       com.zaxxer.hikari.HikariDataSource                      - HikariPool-1 - Start completed.
2026-07-19 12:51:19                      [restDemo]                      [restartedMain]                      WARN                       org.hibernate.orm.deprecation                      - HHH90000025: MySQLDialect does not need to be specified explicitly using 'hibernate.dialect' (remove the property setting and it will be selected by default)
2026-07-19 12:51:19                      [restDemo]                      [restartedMain]                      INFO                       o.hibernate.orm.connections.pooling                      - HHH10001005: Database info:
	Database JDBC URL [undefined/unknown]
	Database driver: undefined/unknown
	Database version: 8.0.34
	Autocommit mode: undefined/unknown
	Isolation level: undefined/unknown
	Minimum pool size: undefined/unknown
	Maximum pool size: undefined/unknown
2026-07-19 12:51:21                      [restDemo]                      [restartedMain]                      INFO                       o.h.e.t.j.p.i.JtaPlatformInitiator                      - HHH000489: No JTA platform available (set 'hibernate.transaction.jta.platform' to enable JTA platform integration)
2026-07-19 12:51:21                      [restDemo]                      [restartedMain]                      INFO                       o.s.o.j.LocalContainerEntityManagerFactoryBean                      - Initialized JPA EntityManagerFactory for persistence unit 'default'
2026-07-19 12:51:22                      [restDemo]                      [restartedMain]                      WARN                       o.s.b.a.o.j.JpaBaseConfiguration$JpaWebConfiguration                      - spring.jpa.open-in-view is enabled by default. Therefore, database queries may be performed during view rendering. Explicitly configure spring.jpa.open-in-view to disable this warning
2026-07-19 12:52:17                      [restDemo]                      [background-preinit]                      INFO                       o.h.validator.internal.util.Version                      - HV000001: Hibernate Validator 8.0.3.Final
2026-07-19 12:52:17                      [restDemo]                      [restartedMain]                      INFO                       com.restDemo.RestDemoApplication                      - Starting RestDemoApplication using Java 23.0.1 with PID 7440 (D:\Spring Boot\Spring boot Projects\restDemo\target\classes started by Zahir in D:\Spring Boot\Spring boot Projects\restDemo)
2026-07-19 12:52:17                      [restDemo]                      [restartedMain]                      INFO                       com.restDemo.RestDemoApplication                      - No active profile set, falling back to 1 default profile: "default"
2026-07-19 12:52:17                      [restDemo]                      [restartedMain]                      INFO                       o.s.b.d.e.DevToolsPropertyDefaultsPostProcessor                      - Devtools property defaults active! Set 'spring.devtools.add-properties' to 'false' to disable
2026-07-19 12:52:17                      [restDemo]                      [restartedMain]                      INFO                       o.s.b.d.e.DevToolsPropertyDefaultsPostProcessor                      - For additional web related logging consider setting the 'logging.level.web' property to 'DEBUG'
2026-07-19 12:52:20                      [restDemo]                      [restartedMain]                      INFO                       o.s.d.r.c.RepositoryConfigurationDelegate                      - Bootstrapping Spring Data JPA repositories in DEFAULT mode.
2026-07-19 12:52:20                      [restDemo]                      [restartedMain]                      INFO                       o.s.d.r.c.RepositoryConfigurationDelegate                      - Finished Spring Data repository scanning in 266 ms. Found 1 JPA repository interface.
2026-07-19 12:52:23                      [restDemo]                      [restartedMain]                      INFO                       o.s.b.w.e.tomcat.TomcatWebServer                      - Tomcat initialized with port 8001 (http)
2026-07-19 12:52:23                      [restDemo]                      [restartedMain]                      INFO                       o.a.coyote.http11.Http11NioProtocol                      - Initializing ProtocolHandler ["http-nio-8001"]
2026-07-19 12:52:23                      [restDemo]                      [restartedMain]                      INFO                       o.a.catalina.core.StandardService                      - Starting service [Tomcat]
2026-07-19 12:52:23                      [restDemo]                      [restartedMain]                      INFO                       o.a.catalina.core.StandardEngine                      - Starting Servlet engine: [Apache Tomcat/10.1.46]
2026-07-19 12:52:23                      [restDemo]                      [restartedMain]                      INFO                       o.a.c.c.C.[Tomcat].[localhost].[/]                      - Initializing Spring embedded WebApplicationContext
2026-07-19 12:52:23                      [restDemo]                      [restartedMain]                      INFO                       o.s.b.w.s.c.ServletWebServerApplicationContext                      - Root WebApplicationContext: initialization completed in 5736 ms
2026-07-19 12:52:24                      [restDemo]                      [restartedMain]                      INFO                       o.h.jpa.internal.util.LogHelper                      - HHH000204: Processing PersistenceUnitInfo [name: default]
2026-07-19 12:52:24                      [restDemo]                      [restartedMain]                      INFO                       org.hibernate.Version                      - HHH000412: Hibernate ORM core version 6.6.29.Final
2026-07-19 12:52:24                      [restDemo]                      [restartedMain]                      INFO                       o.h.c.i.RegionFactoryInitiator                      - HHH000026: Second-level cache disabled
2026-07-19 12:52:25                      [restDemo]                      [restartedMain]                      INFO                       o.s.o.j.p.SpringPersistenceUnitInfo                      - No LoadTimeWeaver setup: ignoring JPA class transformer
2026-07-19 12:52:25                      [restDemo]                      [restartedMain]                      INFO                       com.zaxxer.hikari.HikariDataSource                      - HikariPool-1 - Starting...
2026-07-19 12:52:25                      [restDemo]                      [restartedMain]                      INFO                       com.zaxxer.hikari.pool.HikariPool                      - HikariPool-1 - Added connection com.mysql.cj.jdbc.ConnectionImpl@6f2e8050
2026-07-19 12:52:25                      [restDemo]                      [restartedMain]                      INFO                       com.zaxxer.hikari.HikariDataSource                      - HikariPool-1 - Start completed.
2026-07-19 12:52:25                      [restDemo]                      [restartedMain]                      WARN                       org.hibernate.orm.deprecation                      - HHH90000025: MySQLDialect does not need to be specified explicitly using 'hibernate.dialect' (remove the property setting and it will be selected by default)
2026-07-19 12:52:25                      [restDemo]                      [restartedMain]                      INFO                       o.hibernate.orm.connections.pooling                      - HHH10001005: Database info:
	Database JDBC URL [undefined/unknown]
	Database driver: undefined/unknown
	Database version: 8.0.34
	Autocommit mode: undefined/unknown
	Isolation level: undefined/unknown
	Minimum pool size: undefined/unknown
	Maximum pool size: undefined/unknown
2026-07-19 12:52:27                      [restDemo]                      [restartedMain]                      INFO                       o.h.e.t.j.p.i.JtaPlatformInitiator                      - HHH000489: No JTA platform available (set 'hibernate.transaction.jta.platform' to enable JTA platform integration)
2026-07-19 12:52:27                      [restDemo]                      [restartedMain]                      INFO                       o.s.o.j.LocalContainerEntityManagerFactoryBean                      - Initialized JPA EntityManagerFactory for persistence unit 'default'
2026-07-19 12:52:29                      [restDemo]                      [restartedMain]                      WARN                       o.s.b.a.o.j.JpaBaseConfiguration$JpaWebConfiguration                      - spring.jpa.open-in-view is enabled by default. Therefore, database queries may be performed during view rendering. Explicitly configure spring.jpa.open-in-view to disable this warning
2026-07-19 12:52:30                      [restDemo]                      [restartedMain]                      WARN                       o.s.b.a.s.s.UserDetailsServiceAutoConfiguration                      - 

Using generated security password: f124cfb1-d253-4add-9132-2c42505648f0

This generated password is for development use only. Your security configuration must be updated before running your application in production.

2026-07-19 12:52:30                      [restDemo]                      [restartedMain]                      INFO                       o.s.s.c.a.a.c.InitializeUserDetailsBeanManagerConfigurer$InitializeUserDetailsManagerConfigurer                      - Global AuthenticationManager configured with UserDetailsService bean with name inMemoryUserDetailsManager
2026-07-19 12:52:31                      [restDemo]                      [restartedMain]                      INFO                       o.s.b.d.a.OptionalLiveReloadServer                      - LiveReload server is running on port 35729
2026-07-19 12:52:31                      [restDemo]                      [restartedMain]                      INFO                       o.a.coyote.http11.Http11NioProtocol                      - Starting ProtocolHandler ["http-nio-8001"]
2026-07-19 12:52:31                      [restDemo]                      [restartedMain]                      INFO                       o.s.b.w.e.tomcat.TomcatWebServer                      - Tomcat started on port 8001 (http) with context path '/'
2026-07-19 12:52:31                      [restDemo]                      [restartedMain]                      INFO                       com.restDemo.RestDemoApplication                      - Started RestDemoApplication in 15.47 seconds (process running for 16.929)
2026-07-19 12:54:43                      [restDemo]                      [SpringApplicationShutdownHook]                      INFO                       o.s.b.w.e.tomcat.GracefulShutdown                      - Commencing graceful shutdown. Waiting for active requests to complete
2026-07-19 12:54:43                      [restDemo]                      [tomcat-shutdown]                      INFO                       o.s.b.w.e.tomcat.GracefulShutdown                      - Graceful shutdown complete
2026-07-19 12:54:44                      [restDemo]                      [SpringApplicationShutdownHook]                      INFO                       o.s.o.j.LocalContainerEntityManagerFactoryBean                      - Closing JPA EntityManagerFactory for persistence unit 'default'
2026-07-19 12:54:44                      [restDemo]                      [SpringApplicationShutdownHook]                      INFO                       com.zaxxer.hikari.HikariDataSource                      - HikariPool-1 - Shutdown initiated...
2026-07-19 12:54:44                      [restDemo]                      [SpringApplicationShutdownHook]                      INFO                       com.zaxxer.hikari.HikariDataSource                      - HikariPool-1 - Shutdown completed.
2026-07-19 12:54:49                      [restDemo]                      [background-preinit]                      INFO                       o.h.validator.internal.util.Version                      - HV000001: Hibernate Validator 8.0.3.Final
2026-07-19 12:54:49                      [restDemo]                      [restartedMain]                      INFO                       com.restDemo.RestDemoApplication                      - Starting RestDemoApplication using Java 23.0.1 with PID 10780 (D:\Spring Boot\Spring boot Projects\restDemo\target\classes started by Zahir in D:\Spring Boot\Spring boot Projects\restDemo)
2026-07-19 12:54:49                      [restDemo]                      [restartedMain]                      INFO                       com.restDemo.RestDemoApplication                      - No active profile set, falling back to 1 default profile: "default"
2026-07-19 12:54:49                      [restDemo]                      [restartedMain]                      INFO                       o.s.b.d.e.DevToolsPropertyDefaultsPostProcessor                      - Devtools property defaults active! Set 'spring.devtools.add-properties' to 'false' to disable
2026-07-19 12:54:49                      [restDemo]                      [restartedMain]                      INFO                       o.s.b.d.e.DevToolsPropertyDefaultsPostProcessor                      - For additional web related logging consider setting the 'logging.level.web' property to 'DEBUG'
2026-07-19 12:54:52                      [restDemo]                      [restartedMain]                      INFO                       o.s.d.r.c.RepositoryConfigurationDelegate                      - Bootstrapping Spring Data JPA repositories in DEFAULT mode.
2026-07-19 12:54:52                      [restDemo]                      [restartedMain]                      INFO                       o.s.d.r.c.RepositoryConfigurationDelegate                      - Finished Spring Data repository scanning in 139 ms. Found 1 JPA repository interface.
2026-07-19 12:54:54                      [restDemo]                      [restartedMain]                      INFO                       o.s.b.w.e.tomcat.TomcatWebServer                      - Tomcat initialized with port 8001 (http)
2026-07-19 12:54:54                      [restDemo]                      [restartedMain]                      INFO                       o.a.coyote.http11.Http11NioProtocol                      - Initializing ProtocolHandler ["http-nio-8001"]
2026-07-19 12:54:54                      [restDemo]                      [restartedMain]                      INFO                       o.a.catalina.core.StandardService                      - Starting service [Tomcat]
2026-07-19 12:54:54                      [restDemo]                      [restartedMain]                      INFO                       o.a.catalina.core.StandardEngine                      - Starting Servlet engine: [Apache Tomcat/10.1.46]
2026-07-19 12:54:54                      [restDemo]                      [restartedMain]                      INFO                       o.a.c.c.C.[Tomcat].[localhost].[/]                      - Initializing Spring embedded WebApplicationContext
2026-07-19 12:54:54                      [restDemo]                      [restartedMain]                      INFO                       o.s.b.w.s.c.ServletWebServerApplicationContext                      - Root WebApplicationContext: initialization completed in 4425 ms
2026-07-19 12:54:54                      [restDemo]                      [restartedMain]                      INFO                       o.h.jpa.internal.util.LogHelper                      - HHH000204: Processing PersistenceUnitInfo [name: default]
2026-07-19 12:54:54                      [restDemo]                      [restartedMain]                      INFO                       org.hibernate.Version                      - HHH000412: Hibernate ORM core version 6.6.29.Final
2026-07-19 12:54:54                      [restDemo]                      [restartedMain]                      INFO                       o.h.c.i.RegionFactoryInitiator                      - HHH000026: Second-level cache disabled
2026-07-19 12:54:55                      [restDemo]                      [restartedMain]                      INFO                       o.s.o.j.p.SpringPersistenceUnitInfo                      - No LoadTimeWeaver setup: ignoring JPA class transformer
2026-07-19 12:54:55                      [restDemo]                      [restartedMain]                      INFO                       com.zaxxer.hikari.HikariDataSource                      - HikariPool-1 - Starting...
2026-07-19 12:54:55                      [restDemo]                      [restartedMain]                      INFO                       com.zaxxer.hikari.pool.HikariPool                      - HikariPool-1 - Added connection com.mysql.cj.jdbc.ConnectionImpl@6e84af56
2026-07-19 12:54:55                      [restDemo]                      [restartedMain]                      INFO                       com.zaxxer.hikari.HikariDataSource                      - HikariPool-1 - Start completed.
2026-07-19 12:54:55                      [restDemo]                      [restartedMain]                      WARN                       org.hibernate.orm.deprecation                      - HHH90000025: MySQLDialect does not need to be specified explicitly using 'hibernate.dialect' (remove the property setting and it will be selected by default)
2026-07-19 12:54:55                      [restDemo]                      [restartedMain]                      INFO                       o.hibernate.orm.connections.pooling                      - HHH10001005: Database info:
	Database JDBC URL [undefined/unknown]
	Database driver: undefined/unknown
	Database version: 8.0.34
	Autocommit mode: undefined/unknown
	Isolation level: undefined/unknown
	Minimum pool size: undefined/unknown
	Maximum pool size: undefined/unknown
2026-07-19 12:54:57                      [restDemo]                      [restartedMain]                      INFO                       o.h.e.t.j.p.i.JtaPlatformInitiator                      - HHH000489: No JTA platform available (set 'hibernate.transaction.jta.platform' to enable JTA platform integration)
2026-07-19 12:54:57                      [restDemo]                      [restartedMain]                      INFO                       o.s.o.j.LocalContainerEntityManagerFactoryBean                      - Initialized JPA EntityManagerFactory for persistence unit 'default'
2026-07-19 12:55:01                      [restDemo]                      [restartedMain]                      WARN                       o.s.b.a.o.j.JpaBaseConfiguration$JpaWebConfiguration                      - spring.jpa.open-in-view is enabled by default. Therefore, database queries may be performed during view rendering. Explicitly configure spring.jpa.open-in-view to disable this warning
2026-07-19 12:55:02                      [restDemo]                      [restartedMain]                      WARN                       o.s.b.a.s.s.UserDetailsServiceAutoConfiguration                      - 

Using generated security password: 6432cd8f-c400-4561-a094-d8f711efb6f5

This generated password is for development use only. Your security configuration must be updated before running your application in production.

2026-07-19 12:55:02                      [restDemo]                      [restartedMain]                      INFO                       o.s.s.c.a.a.c.InitializeUserDetailsBeanManagerConfigurer$InitializeUserDetailsManagerConfigurer                      - Global AuthenticationManager configured with UserDetailsService bean with name inMemoryUserDetailsManager
2026-07-19 12:55:04                      [restDemo]                      [restartedMain]                      INFO                       o.s.b.d.a.OptionalLiveReloadServer                      - LiveReload server is running on port 35729
2026-07-19 12:55:04                      [restDemo]                      [restartedMain]                      INFO                       o.a.coyote.http11.Http11NioProtocol                      - Starting ProtocolHandler ["http-nio-8001"]
2026-07-19 12:55:04                      [restDemo]                      [restartedMain]                      INFO                       o.s.b.w.e.tomcat.TomcatWebServer                      - Tomcat started on port 8001 (http) with context path '/'
2026-07-19 12:55:04                      [restDemo]                      [restartedMain]                      INFO                       com.restDemo.RestDemoApplication                      - Started RestDemoApplication in 16.234 seconds (process running for 18.197)
2026-07-19 12:55:19                      [restDemo]                      [http-nio-8001-exec-1]                      INFO                       o.a.c.c.C.[Tomcat].[localhost].[/]                      - Initializing Spring DispatcherServlet 'dispatcherServlet'
2026-07-19 12:55:19                      [restDemo]                      [http-nio-8001-exec-1]                      INFO                       o.s.web.servlet.DispatcherServlet                      - Initializing Servlet 'dispatcherServlet'
2026-07-19 12:55:19                      [restDemo]                      [http-nio-8001-exec-1]                      INFO                       o.s.web.servlet.DispatcherServlet                      - Completed initialization in 2 ms
2026-07-19 12:55:30                      [restDemo]                      [http-nio-8001-exec-1]                      DEBUG                      org.hibernate.SQL                      - select u1_0.id,u1_0.city,u1_0.created_at,u1_0.created_by,u1_0.created_date,u1_0.email_id,u1_0.mobile_no,u1_0.name,u1_0.password,u1_0.updated_at,u1_0.updated_by,u1_0.updated_date,u1_0.user_id,u1_0.user_name from users u1_0 where u1_0.user_name=?
2026-07-19 12:55:31                      [restDemo]                      [http-nio-8001-exec-1]                      WARN                       o.h.e.jdbc.spi.SqlExceptionHelper                      - SQL Error: 1054, SQLState: 42S22
2026-07-19 12:55:31                      [restDemo]                      [http-nio-8001-exec-1]                      ERROR                      o.h.e.jdbc.spi.SqlExceptionHelper                      - Unknown column 'u1_0.created_by' in 'field list'
2026-07-19 12:55:35                      [restDemo]                      [http-nio-8001-exec-1]                      ERROR                      c.r.a.GlobalExceptionHandler                      - Exception while processing request
org.hibernate.exception.SQLGrammarException: JDBC exception executing SQL [select u1_0.id,u1_0.city,u1_0.created_at,u1_0.created_by,u1_0.created_date,u1_0.email_id,u1_0.mobile_no,u1_0.name,u1_0.password,u1_0.updated_at,u1_0.updated_by,u1_0.updated_date,u1_0.user_id,u1_0.user_name from users u1_0 where u1_0.user_name=?] [Unknown column 'u1_0.created_by' in 'field list'] [n/a]
	at org.hibernate.exception.internal.SQLExceptionTypeDelegate.convert(SQLExceptionTypeDelegate.java:66)
	at org.hibernate.exception.internal.StandardSQLExceptionConverter.convert(StandardSQLExceptionConverter.java:58)
	at org.hibernate.engine.jdbc.spi.SqlExceptionHelper.convert(SqlExceptionHelper.java:108)
	at org.hibernate.engine.jdbc.spi.SqlExceptionHelper.convert(SqlExceptionHelper.java:94)
	at org.hibernate.sql.results.jdbc.internal.DeferredResultSetAccess.executeQuery(DeferredResultSetAccess.java:269)
	at org.hibernate.sql.results.jdbc.internal.DeferredResultSetAccess.getResultSet(DeferredResultSetAccess.java:172)
	at org.hibernate.sql.results.jdbc.internal.JdbcValuesResultSetImpl.<init>(JdbcValuesResultSetImpl.java:74)
	at org.hibernate.sql.exec.internal.JdbcSelectExecutorStandardImpl.resolveJdbcValuesSource(JdbcSelectExecutorStandardImpl.java:355)
	at org.hibernate.sql.exec.internal.JdbcSelectExecutorStandardImpl.doExecuteQuery(JdbcSelectExecutorStandardImpl.java:137)
	at org.hibernate.sql.exec.internal.JdbcSelectExecutorStandardImpl.executeQuery(JdbcSelectExecutorStandardImpl.java:102)
	at org.hibernate.sql.exec.spi.JdbcSelectExecutor.executeQuery(JdbcSelectExecutor.java:91)
	at org.hibernate.sql.exec.spi.JdbcSelectExecutor.list(JdbcSelectExecutor.java:165)
	at org.hibernate.query.sqm.internal.ConcreteSqmSelectQueryPlan.lambda$new$1(ConcreteSqmSelectQueryPlan.java:149)
	at org.hibernate.query.sqm.internal.ConcreteSqmSelectQueryPlan.withCacheableSqmInterpretation(ConcreteSqmSelectQueryPlan.java:439)
	at org.hibernate.query.sqm.internal.ConcreteSqmSelectQueryPlan.performList(ConcreteSqmSelectQueryPlan.java:359)
	at org.hibernate.query.sqm.internal.QuerySqmImpl.doList(QuerySqmImpl.java:380)
	at org.hibernate.query.spi.AbstractSelectionQuery.list(AbstractSelectionQuery.java:143)
	at org.hibernate.query.spi.AbstractSelectionQuery.getSingleResult(AbstractSelectionQuery.java:275)
	at org.springframework.data.jpa.repository.query.JpaQueryExecution$SingleEntityExecution.doExecute(JpaQueryExecution.java:226)
	at org.springframework.data.jpa.repository.query.JpaQueryExecution.execute(JpaQueryExecution.java:95)
	at org.springframework.data.jpa.repository.query.AbstractJpaQuery.doExecute(AbstractJpaQuery.java:160)
	at org.springframework.data.jpa.repository.query.AbstractJpaQuery.execute(AbstractJpaQuery.java:148)
	at org.springframework.data.repository.core.support.RepositoryMethodInvoker.doInvoke(RepositoryMethodInvoker.java:170)
	at org.springframework.data.repository.core.support.RepositoryMethodInvoker.invoke(RepositoryMethodInvoker.java:158)
	at org.springframework.data.repository.core.support.QueryExecutorMethodInterceptor.doInvoke(QueryExecutorMethodInterceptor.java:170)
	at org.springframework.data.repository.core.support.QueryExecutorMethodInterceptor.invoke(QueryExecutorMethodInterceptor.java:149)
	at org.springframework.aop.framework.ReflectiveMethodInvocation.proceed(ReflectiveMethodInvocation.java:184)
	at org.springframework.data.projection.DefaultMethodInvokingMethodInterceptor.invoke(DefaultMethodInvokingMethodInterceptor.java:69)
	at org.springframework.aop.framework.ReflectiveMethodInvocation.proceed(ReflectiveMethodInvocation.java:184)
	at org.springframework.transaction.interceptor.TransactionAspectSupport.invokeWithinTransaction(TransactionAspectSupport.java:380)
	at org.springframework.transaction.interceptor.TransactionInterceptor.invoke(TransactionInterceptor.java:119)
	at org.springframework.aop.framework.ReflectiveMethodInvocation.proceed(ReflectiveMethodInvocation.java:184)
	at org.springframework.dao.support.PersistenceExceptionTranslationInterceptor.invoke(PersistenceExceptionTranslationInterceptor.java:138)
	at org.springframework.aop.framework.ReflectiveMethodInvocation.proceed(ReflectiveMethodInvocation.java:184)
	at org.springframework.data.jpa.repository.support.CrudMethodMetadataPostProcessor$CrudMethodMetadataPopulatingMethodInterceptor.invoke(CrudMethodMetadataPostProcessor.java:136)
	at org.springframework.aop.framework.ReflectiveMethodInvocation.proceed(ReflectiveMethodInvocation.java:184)
	at org.springframework.aop.framework.JdkDynamicAopProxy.invoke(JdkDynamicAopProxy.java:223)
	at jdk.proxy4/jdk.proxy4.$Proxy145.findByUserName(Unknown Source)
	at com.restDemo.service.UserService.insert(UserService.java:35)
	at com.restDemo.controller.UserController.insert(UserController.java:41)
	at java.base/jdk.internal.reflect.DirectMethodHandleAccessor.invoke(DirectMethodHandleAccessor.java:103)
	at java.base/java.lang.reflect.Method.invoke(Method.java:580)
	at org.springframework.web.method.support.InvocableHandlerMethod.doInvoke(InvocableHandlerMethod.java:258)
	at org.springframework.web.method.support.InvocableHandlerMethod.invokeForRequest(InvocableHandlerMethod.java:191)
	at org.springframework.web.servlet.mvc.method.annotation.ServletInvocableHandlerMethod.invokeAndHandle(ServletInvocableHandlerMethod.java:118)
	at org.springframework.web.servlet.mvc.method.annotation.RequestMappingHandlerAdapter.invokeHandlerMethod(RequestMappingHandlerAdapter.java:991)
	at org.springframework.web.servlet.mvc.method.annotation.RequestMappingHandlerAdapter.handleInternal(RequestMappingHandlerAdapter.java:896)
	at org.springframework.web.servlet.mvc.method.AbstractHandlerMethodAdapter.handle(AbstractHandlerMethodAdapter.java:87)
	at org.springframework.web.servlet.DispatcherServlet.doDispatch(DispatcherServlet.java:1089)
	at org.springframework.web.servlet.DispatcherServlet.doService(DispatcherServlet.java:979)
	at org.springframework.web.servlet.FrameworkServlet.processRequest(FrameworkServlet.java:1014)
	at org.springframework.web.servlet.FrameworkServlet.doPost(FrameworkServlet.java:914)
	at jakarta.servlet.http.HttpServlet.service(HttpServlet.java:590)
	at org.springframework.web.servlet.FrameworkServlet.service(FrameworkServlet.java:885)
	at jakarta.servlet.http.HttpServlet.service(HttpServlet.java:658)
	at org.apache.catalina.core.ApplicationFilterChain.internalDoFilter(ApplicationFilterChain.java:195)
	at org.apache.catalina.core.ApplicationFilterChain.doFilter(ApplicationFilterChain.java:140)
	at org.apache.tomcat.websocket.server.WsFilter.doFilter(WsFilter.java:51)
	at org.apache.catalina.core.ApplicationFilterChain.internalDoFilter(ApplicationFilterChain.java:164)
	at org.apache.catalina.core.ApplicationFilterChain.doFilter(ApplicationFilterChain.java:140)
	at com.restDemo.tenant.TenantFilter.doFilterInternal(TenantFilter.java:32)
	at org.springframework.web.filter.OncePerRequestFilter.doFilter(OncePerRequestFilter.java:116)
	at org.apache.catalina.core.ApplicationFilterChain.internalDoFilter(ApplicationFilterChain.java:164)
	at org.apache.catalina.core.ApplicationFilterChain.doFilter(ApplicationFilterChain.java:140)
	at org.springframework.web.filter.CompositeFilter$VirtualFilterChain.doFilter(CompositeFilter.java:108)
	at org.springframework.web.filter.CompositeFilter$VirtualFilterChain.doFilter(CompositeFilter.java:108)
	at org.springframework.security.web.FilterChainProxy.lambda$doFilterInternal$3(FilterChainProxy.java:231)
	at org.springframework.security.web.FilterChainProxy$VirtualFilterChain.doFilter(FilterChainProxy.java:365)
	at org.springframework.security.web.access.intercept.AuthorizationFilter.doFilter(AuthorizationFilter.java:101)
	at org.springframework.security.web.FilterChainProxy$VirtualFilterChain.doFilter(FilterChainProxy.java:374)
	at org.springframework.security.web.access.ExceptionTranslationFilter.doFilter(ExceptionTranslationFilter.java:125)
	at org.springframework.security.web.access.ExceptionTranslationFilter.doFilter(ExceptionTranslationFilter.java:119)
	at org.springframework.security.web.FilterChainProxy$VirtualFilterChain.doFilter(FilterChainProxy.java:374)
	at org.springframework.security.web.authentication.AnonymousAuthenticationFilter.doFilter(AnonymousAuthenticationFilter.java:100)
	at org.springframework.security.web.FilterChainProxy$VirtualFilterChain.doFilter(FilterChainProxy.java:374)
	at org.springframework.security.web.servletapi.SecurityContextHolderAwareRequestFilter.doFilter(SecurityContextHolderAwareRequestFilter.java:179)
	at org.springframework.security.web.FilterChainProxy$VirtualFilterChain.doFilter(FilterChainProxy.java:374)
	at org.springframework.security.web.savedrequest.RequestCacheAwareFilter.doFilter(RequestCacheAwareFilter.java:63)
	at org.springframework.security.web.FilterChainProxy$VirtualFilterChain.doFilter(FilterChainProxy.java:374)
	at org.springframework.security.web.authentication.logout.LogoutFilter.doFilter(LogoutFilter.java:107)
	at org.springframework.security.web.authentication.logout.LogoutFilter.doFilter(LogoutFilter.java:93)
	at org.springframework.security.web.FilterChainProxy$VirtualFilterChain.doFilter(FilterChainProxy.java:374)
	at org.springframework.security.web.header.HeaderWriterFilter.doHeadersAfter(HeaderWriterFilter.java:90)
	at org.springframework.security.web.header.HeaderWriterFilter.doFilterInternal(HeaderWriterFilter.java:75)
	at org.springframework.web.filter.OncePerRequestFilter.doFilter(OncePerRequestFilter.java:116)
	at org.springframework.security.web.FilterChainProxy$VirtualFilterChain.doFilter(FilterChainProxy.java:374)
	at org.springframework.security.web.context.SecurityContextHolderFilter.doFilter(SecurityContextHolderFilter.java:82)
	at org.springframework.security.web.context.SecurityContextHolderFilter.doFilter(SecurityContextHolderFilter.java:69)
	at org.springframework.security.web.FilterChainProxy$VirtualFilterChain.doFilter(FilterChainProxy.java:374)
	at org.springframework.security.web.context.request.async.WebAsyncManagerIntegrationFilter.doFilterInternal(WebAsyncManagerIntegrationFilter.java:62)
	at org.springframework.web.filter.OncePerRequestFilter.doFilter(OncePerRequestFilter.java:116)
	at org.springframework.security.web.FilterChainProxy$VirtualFilterChain.doFilter(FilterChainProxy.java:374)
	at org.springframework.security.web.session.DisableEncodeUrlFilter.doFilterInternal(DisableEncodeUrlFilter.java:42)
	at org.springframework.web.filter.OncePerRequestFilter.doFilter(OncePerRequestFilter.java:116)
	at org.springframework.security.web.FilterChainProxy$VirtualFilterChain.doFilter(FilterChainProxy.java:374)
	at org.springframework.security.web.FilterChainProxy.doFilterInternal(FilterChainProxy.java:233)
	at org.springframework.security.web.FilterChainProxy.doFilter(FilterChainProxy.java:191)
	at org.springframework.web.filter.CompositeFilter$VirtualFilterChain.doFilter(CompositeFilter.java:113)
	at org.springframework.web.filter.ServletRequestPathFilter.doFilter(ServletRequestPathFilter.java:52)
	at org.springframework.web.filter.CompositeFilter$VirtualFilterChain.doFilter(CompositeFilter.java:113)
	at org.springframework.web.filter.CompositeFilter.doFilter(CompositeFilter.java:74)
	at org.springframework.security.config.annotation.web.configuration.WebSecurityConfiguration$CompositeFilterChainProxy.doFilter(WebSecurityConfiguration.java:319)
	at org.springframework.web.filter.CompositeFilter$VirtualFilterChain.doFilter(CompositeFilter.java:113)
	at org.springframework.web.servlet.handler.HandlerMappingIntrospector.lambda$createCacheFilter$4(HandlerMappingIntrospector.java:267)
	at org.springframework.web.filter.CompositeFilter$VirtualFilterChain.doFilter(CompositeFilter.java:113)
	at org.springframework.web.filter.CompositeFilter.doFilter(CompositeFilter.java:74)
	at org.springframework.security.config.annotation.web.configuration.WebMvcSecurityConfiguration$CompositeFilterChainProxy.doFilter(WebMvcSecurityConfiguration.java:240)
	at org.springframework.web.filter.DelegatingFilterProxy.invokeDelegate(DelegatingFilterProxy.java:362)
	at org.springframework.web.filter.DelegatingFilterProxy.doFilter(DelegatingFilterProxy.java:278)
	at org.apache.catalina.core.ApplicationFilterChain.internalDoFilter(ApplicationFilterChain.java:164)
	at org.apache.catalina.core.ApplicationFilterChain.doFilter(ApplicationFilterChain.java:140)
	at org.springframework.web.filter.RequestContextFilter.doFilterInternal(RequestContextFilter.java:100)
	at org.springframework.web.filter.OncePerRequestFilter.doFilter(OncePerRequestFilter.java:116)
	at org.apache.catalina.core.ApplicationFilterChain.internalDoFilter(ApplicationFilterChain.java:164)
	at org.apache.catalina.core.ApplicationFilterChain.doFilter(ApplicationFilterChain.java:140)
	at org.springframework.web.filter.FormContentFilter.doFilterInternal(FormContentFilter.java:93)
	at org.springframework.web.filter.OncePerRequestFilter.doFilter(OncePerRequestFilter.java:116)
	at org.apache.catalina.core.ApplicationFilterChain.internalDoFilter(ApplicationFilterChain.java:164)
	at org.apache.catalina.core.ApplicationFilterChain.doFilter(ApplicationFilterChain.java:140)
	at org.springframework.web.filter.CharacterEncodingFilter.doFilterInternal(CharacterEncodingFilter.java:201)
	at org.springframework.web.filter.OncePerRequestFilter.doFilter(OncePerRequestFilter.java:116)
	at org.apache.catalina.core.ApplicationFilterChain.internalDoFilter(ApplicationFilterChain.java:164)
	at org.apache.catalina.core.ApplicationFilterChain.doFilter(ApplicationFilterChain.java:140)
	at org.apache.catalina.core.StandardWrapperValve.invoke(StandardWrapperValve.java:167)
	at org.apache.catalina.core.StandardContextValve.invoke(StandardContextValve.java:90)
	at org.apache.catalina.authenticator.AuthenticatorBase.invoke(AuthenticatorBase.java:483)
	at org.apache.catalina.core.StandardHostValve.invoke(StandardHostValve.java:116)
	at org.apache.catalina.valves.ErrorReportValve.invoke(ErrorReportValve.java:93)
	at org.apache.catalina.core.StandardEngineValve.invoke(StandardEngineValve.java:74)
	at org.apache.catalina.connector.CoyoteAdapter.service(CoyoteAdapter.java:344)
	at org.apache.coyote.http11.Http11Processor.service(Http11Processor.java:398)
	at org.apache.coyote.AbstractProcessorLight.process(AbstractProcessorLight.java:63)
	at org.apache.coyote.AbstractProtocol$ConnectionHandler.process(AbstractProtocol.java:903)
	at org.apache.tomcat.util.net.NioEndpoint$SocketProcessor.doRun(NioEndpoint.java:1776)
	at org.apache.tomcat.util.net.SocketProcessorBase.run(SocketProcessorBase.java:52)
	at org.apache.tomcat.util.threads.ThreadPoolExecutor.runWorker(ThreadPoolExecutor.java:975)
	at org.apache.tomcat.util.threads.ThreadPoolExecutor$Worker.run(ThreadPoolExecutor.java:493)
	at org.apache.tomcat.util.threads.TaskThread$WrappingRunnable.run(TaskThread.java:63)
	at java.base/java.lang.Thread.run(Thread.java:1575)
Caused by: java.sql.SQLSyntaxErrorException: Unknown column 'u1_0.created_by' in 'field list'
	at com.mysql.cj.jdbc.exceptions.SQLError.createSQLException(SQLError.java:112)
	at com.mysql.cj.jdbc.exceptions.SQLExceptionsMapping.translateException(SQLExceptionsMapping.java:114)
	at com.mysql.cj.jdbc.ClientPreparedStatement.executeInternal(ClientPreparedStatement.java:988)
	at com.mysql.cj.jdbc.ClientPreparedStatement.executeQuery(ClientPreparedStatement.java:1056)
	at com.zaxxer.hikari.pool.ProxyPreparedStatement.executeQuery(ProxyPreparedStatement.java:52)
	at com.zaxxer.hikari.pool.HikariProxyPreparedStatement.executeQuery(HikariProxyPreparedStatement.java)
	at org.hibernate.sql.results.jdbc.internal.DeferredResultSetAccess.executeQuery(DeferredResultSetAccess.java:251)
	... 134 common frames omitted
2026-07-19 12:55:36                      [restDemo]                      [http-nio-8001-exec-1]                      WARN                       o.s.w.s.m.m.a.ExceptionHandlerExceptionResolver                      - Resolved [org.springframework.dao.InvalidDataAccessResourceUsageException: JDBC exception executing SQL [select u1_0.id,u1_0.city,u1_0.created_at,u1_0.created_by,u1_0.created_date,u1_0.email_id,u1_0.mobile_no,u1_0.name,u1_0.password,u1_0.updated_at,u1_0.updated_by,u1_0.updated_date,u1_0.user_id,u1_0.user_name from users u1_0 where u1_0.user_name=?] [Unknown column 'u1_0.created_by' in 'field list'] [n/a]; SQL [n/a]]
2026-07-19 12:57:25                      [restDemo]                      [http-nio-8001-exec-2]                      DEBUG                      org.hibernate.SQL                      - select u1_0.id,u1_0.city,u1_0.created_at,u1_0.created_by,u1_0.created_date,u1_0.email_id,u1_0.mobile_no,u1_0.name,u1_0.password,u1_0.updated_at,u1_0.updated_by,u1_0.updated_date,u1_0.user_id,u1_0.user_name from users u1_0 where u1_0.user_name=?
2026-07-19 12:57:26                      [restDemo]                      [http-nio-8001-exec-2]                      DEBUG                      org.hibernate.SQL                      - select u1_0.id from users u1_0 where u1_0.email_id=? limit ?
2026-07-19 12:57:29                      [restDemo]                      [http-nio-8001-exec-2]                      DEBUG                      org.hibernate.SQL                      - insert into users (city,created_at,created_by,created_date,email_id,mobile_no,name,password,updated_at,updated_by,updated_date,user_id,user_name) values (?,?,?,?,?,?,?,?,?,?,?,?,?)
2026-07-19 12:58:27                      [restDemo]                      [http-nio-8001-exec-5]                      DEBUG                      org.hibernate.SQL                      - select u1_0.id,u1_0.city,u1_0.created_at,u1_0.created_by,u1_0.created_date,u1_0.email_id,u1_0.mobile_no,u1_0.name,u1_0.password,u1_0.updated_at,u1_0.updated_by,u1_0.updated_date,u1_0.user_id,u1_0.user_name from users u1_0 where u1_0.user_name=?
2026-07-19 12:58:27                      [restDemo]                      [http-nio-8001-exec-5]                      WARN                       o.h.e.jdbc.spi.SqlExceptionHelper                      - SQL Error: 1049, SQLState: 42000
2026-07-19 12:58:27                      [restDemo]                      [http-nio-8001-exec-5]                      ERROR                      o.h.e.jdbc.spi.SqlExceptionHelper                      - Unknown database 'authenticatioin'
2026-07-19 12:58:37                      [restDemo]                      [http-nio-8001-exec-5]                      ERROR                      c.r.a.GlobalExceptionHandler                      - Exception while processing request
org.hibernate.exception.SQLGrammarException: Unable to acquire JDBC Connection [Unknown database 'authenticatioin'] [n/a]
	at org.hibernate.exception.internal.SQLExceptionTypeDelegate.convert(SQLExceptionTypeDelegate.java:66)
	at org.hibernate.exception.internal.StandardSQLExceptionConverter.convert(StandardSQLExceptionConverter.java:58)
	at org.hibernate.engine.jdbc.spi.SqlExceptionHelper.convert(SqlExceptionHelper.java:108)
	at org.hibernate.engine.jdbc.spi.SqlExceptionHelper.convert(SqlExceptionHelper.java:94)
	at org.hibernate.resource.jdbc.internal.LogicalConnectionManagedImpl.acquireConnectionIfNeeded(LogicalConnectionManagedImpl.java:129)
	at org.hibernate.resource.jdbc.internal.LogicalConnectionManagedImpl.getPhysicalConnection(LogicalConnectionManagedImpl.java:156)
	at org.hibernate.engine.jdbc.internal.StatementPreparerImpl.connection(StatementPreparerImpl.java:56)
	at org.hibernate.engine.jdbc.internal.StatementPreparerImpl$4.doPrepare(StatementPreparerImpl.java:151)
	at org.hibernate.engine.jdbc.internal.StatementPreparerImpl$StatementPreparationTemplate.prepareStatement(StatementPreparerImpl.java:180)
	at org.hibernate.engine.jdbc.internal.StatementPreparerImpl.prepareQueryStatement(StatementPreparerImpl.java:153)
	at org.hibernate.sql.exec.internal.StandardStatementCreator.createStatement(StandardStatementCreator.java:49)
	at org.hibernate.sql.results.jdbc.internal.DeferredResultSetAccess.executeQuery(DeferredResultSetAccess.java:236)
	at org.hibernate.sql.results.jdbc.internal.DeferredResultSetAccess.getResultSet(DeferredResultSetAccess.java:172)
	at org.hibernate.sql.results.jdbc.internal.JdbcValuesResultSetImpl.<init>(JdbcValuesResultSetImpl.java:74)
	at org.hibernate.sql.exec.internal.JdbcSelectExecutorStandardImpl.resolveJdbcValuesSource(JdbcSelectExecutorStandardImpl.java:355)
	at org.hibernate.sql.exec.internal.JdbcSelectExecutorStandardImpl.doExecuteQuery(JdbcSelectExecutorStandardImpl.java:137)
	at org.hibernate.sql.exec.internal.JdbcSelectExecutorStandardImpl.executeQuery(JdbcSelectExecutorStandardImpl.java:102)
	at org.hibernate.sql.exec.spi.JdbcSelectExecutor.executeQuery(JdbcSelectExecutor.java:91)
	at org.hibernate.sql.exec.spi.JdbcSelectExecutor.list(JdbcSelectExecutor.java:165)
	at org.hibernate.query.sqm.internal.ConcreteSqmSelectQueryPlan.lambda$new$1(ConcreteSqmSelectQueryPlan.java:149)
	at org.hibernate.query.sqm.internal.ConcreteSqmSelectQueryPlan.withCacheableSqmInterpretation(ConcreteSqmSelectQueryPlan.java:439)
	at org.hibernate.query.sqm.internal.ConcreteSqmSelectQueryPlan.performList(ConcreteSqmSelectQueryPlan.java:359)
	at org.hibernate.query.sqm.internal.QuerySqmImpl.doList(QuerySqmImpl.java:380)
	at org.hibernate.query.spi.AbstractSelectionQuery.list(AbstractSelectionQuery.java:143)
	at org.hibernate.query.spi.AbstractSelectionQuery.getSingleResult(AbstractSelectionQuery.java:275)
	at org.springframework.data.jpa.repository.query.JpaQueryExecution$SingleEntityExecution.doExecute(JpaQueryExecution.java:226)
	at org.springframework.data.jpa.repository.query.JpaQueryExecution.execute(JpaQueryExecution.java:95)
	at org.springframework.data.jpa.repository.query.AbstractJpaQuery.doExecute(AbstractJpaQuery.java:160)
	at org.springframework.data.jpa.repository.query.AbstractJpaQuery.execute(AbstractJpaQuery.java:148)
	at org.springframework.data.repository.core.support.RepositoryMethodInvoker.doInvoke(RepositoryMethodInvoker.java:170)
	at org.springframework.data.repository.core.support.RepositoryMethodInvoker.invoke(RepositoryMethodInvoker.java:158)
	at org.springframework.data.repository.core.support.QueryExecutorMethodInterceptor.doInvoke(QueryExecutorMethodInterceptor.java:170)
	at org.springframework.data.repository.core.support.QueryExecutorMethodInterceptor.invoke(QueryExecutorMethodInterceptor.java:149)
	at org.springframework.aop.framework.ReflectiveMethodInvocation.proceed(ReflectiveMethodInvocation.java:184)
	at org.springframework.data.projection.DefaultMethodInvokingMethodInterceptor.invoke(DefaultMethodInvokingMethodInterceptor.java:69)
	at org.springframework.aop.framework.ReflectiveMethodInvocation.proceed(ReflectiveMethodInvocation.java:184)
	at org.springframework.transaction.interceptor.TransactionAspectSupport.invokeWithinTransaction(TransactionAspectSupport.java:380)
	at org.springframework.transaction.interceptor.TransactionInterceptor.invoke(TransactionInterceptor.java:119)
	at org.springframework.aop.framework.ReflectiveMethodInvocation.proceed(ReflectiveMethodInvocation.java:184)
	at org.springframework.dao.support.PersistenceExceptionTranslationInterceptor.invoke(PersistenceExceptionTranslationInterceptor.java:138)
	at org.springframework.aop.framework.ReflectiveMethodInvocation.proceed(ReflectiveMethodInvocation.java:184)
	at org.springframework.data.jpa.repository.support.CrudMethodMetadataPostProcessor$CrudMethodMetadataPopulatingMethodInterceptor.invoke(CrudMethodMetadataPostProcessor.java:136)
	at org.springframework.aop.framework.ReflectiveMethodInvocation.proceed(ReflectiveMethodInvocation.java:184)
	at org.springframework.aop.framework.JdkDynamicAopProxy.invoke(JdkDynamicAopProxy.java:223)
	at jdk.proxy4/jdk.proxy4.$Proxy145.findByUserName(Unknown Source)
	at com.restDemo.service.UserService.insert(UserService.java:35)
	at com.restDemo.controller.UserController.insert(UserController.java:41)
	at java.base/jdk.internal.reflect.DirectMethodHandleAccessor.invoke(DirectMethodHandleAccessor.java:103)
	at java.base/java.lang.reflect.Method.invoke(Method.java:580)
	at org.springframework.web.method.support.InvocableHandlerMethod.doInvoke(InvocableHandlerMethod.java:258)
	at org.springframework.web.method.support.InvocableHandlerMethod.invokeForRequest(InvocableHandlerMethod.java:191)
	at org.springframework.web.servlet.mvc.method.annotation.ServletInvocableHandlerMethod.invokeAndHandle(ServletInvocableHandlerMethod.java:118)
	at org.springframework.web.servlet.mvc.method.annotation.RequestMappingHandlerAdapter.invokeHandlerMethod(RequestMappingHandlerAdapter.java:991)
	at org.springframework.web.servlet.mvc.method.annotation.RequestMappingHandlerAdapter.handleInternal(RequestMappingHandlerAdapter.java:896)
	at org.springframework.web.servlet.mvc.method.AbstractHandlerMethodAdapter.handle(AbstractHandlerMethodAdapter.java:87)
	at org.springframework.web.servlet.DispatcherServlet.doDispatch(DispatcherServlet.java:1089)
	at org.springframework.web.servlet.DispatcherServlet.doService(DispatcherServlet.java:979)
	at org.springframework.web.servlet.FrameworkServlet.processRequest(FrameworkServlet.java:1014)
	at org.springframework.web.servlet.FrameworkServlet.doPost(FrameworkServlet.java:914)
	at jakarta.servlet.http.HttpServlet.service(HttpServlet.java:590)
	at org.springframework.web.servlet.FrameworkServlet.service(FrameworkServlet.java:885)
	at jakarta.servlet.http.HttpServlet.service(HttpServlet.java:658)
	at org.apache.catalina.core.ApplicationFilterChain.internalDoFilter(ApplicationFilterChain.java:195)
	at org.apache.catalina.core.ApplicationFilterChain.doFilter(ApplicationFilterChain.java:140)
	at org.apache.tomcat.websocket.server.WsFilter.doFilter(WsFilter.java:51)
	at org.apache.catalina.core.ApplicationFilterChain.internalDoFilter(ApplicationFilterChain.java:164)
	at org.apache.catalina.core.ApplicationFilterChain.doFilter(ApplicationFilterChain.java:140)
	at com.restDemo.tenant.TenantFilter.doFilterInternal(TenantFilter.java:32)
	at org.springframework.web.filter.OncePerRequestFilter.doFilter(OncePerRequestFilter.java:116)
	at org.apache.catalina.core.ApplicationFilterChain.internalDoFilter(ApplicationFilterChain.java:164)
	at org.apache.catalina.core.ApplicationFilterChain.doFilter(ApplicationFilterChain.java:140)
	at org.springframework.web.filter.CompositeFilter$VirtualFilterChain.doFilter(CompositeFilter.java:108)
	at org.springframework.web.filter.CompositeFilter$VirtualFilterChain.doFilter(CompositeFilter.java:108)
	at org.springframework.security.web.FilterChainProxy.lambda$doFilterInternal$3(FilterChainProxy.java:231)
	at org.springframework.security.web.FilterChainProxy$VirtualFilterChain.doFilter(FilterChainProxy.java:365)
	at org.springframework.security.web.access.intercept.AuthorizationFilter.doFilter(AuthorizationFilter.java:101)
	at org.springframework.security.web.FilterChainProxy$VirtualFilterChain.doFilter(FilterChainProxy.java:374)
	at org.springframework.security.web.access.ExceptionTranslationFilter.doFilter(ExceptionTranslationFilter.java:125)
	at org.springframework.security.web.access.ExceptionTranslationFilter.doFilter(ExceptionTranslationFilter.java:119)
	at org.springframework.security.web.FilterChainProxy$VirtualFilterChain.doFilter(FilterChainProxy.java:374)
	at org.springframework.security.web.authentication.AnonymousAuthenticationFilter.doFilter(AnonymousAuthenticationFilter.java:100)
	at org.springframework.security.web.FilterChainProxy$VirtualFilterChain.doFilter(FilterChainProxy.java:374)
	at org.springframework.security.web.servletapi.SecurityContextHolderAwareRequestFilter.doFilter(SecurityContextHolderAwareRequestFilter.java:179)
	at org.springframework.security.web.FilterChainProxy$VirtualFilterChain.doFilter(FilterChainProxy.java:374)
	at org.springframework.security.web.savedrequest.RequestCacheAwareFilter.doFilter(RequestCacheAwareFilter.java:63)
	at org.springframework.security.web.FilterChainProxy$VirtualFilterChain.doFilter(FilterChainProxy.java:374)
	at org.springframework.security.web.authentication.logout.LogoutFilter.doFilter(LogoutFilter.java:107)
	at org.springframework.security.web.authentication.logout.LogoutFilter.doFilter(LogoutFilter.java:93)
	at org.springframework.security.web.FilterChainProxy$VirtualFilterChain.doFilter(FilterChainProxy.java:374)
	at org.springframework.security.web.header.HeaderWriterFilter.doHeadersAfter(HeaderWriterFilter.java:90)
	at org.springframework.security.web.header.HeaderWriterFilter.doFilterInternal(HeaderWriterFilter.java:75)
	at org.springframework.web.filter.OncePerRequestFilter.doFilter(OncePerRequestFilter.java:116)
	at org.springframework.security.web.FilterChainProxy$VirtualFilterChain.doFilter(FilterChainProxy.java:374)
	at org.springframework.security.web.context.SecurityContextHolderFilter.doFilter(SecurityContextHolderFilter.java:82)
	at org.springframework.security.web.context.SecurityContextHolderFilter.doFilter(SecurityContextHolderFilter.java:69)
	at org.springframework.security.web.FilterChainProxy$VirtualFilterChain.doFilter(FilterChainProxy.java:374)
	at org.springframework.security.web.context.request.async.WebAsyncManagerIntegrationFilter.doFilterInternal(WebAsyncManagerIntegrationFilter.java:62)
	at org.springframework.web.filter.OncePerRequestFilter.doFilter(OncePerRequestFilter.java:116)
	at org.springframework.security.web.FilterChainProxy$VirtualFilterChain.doFilter(FilterChainProxy.java:374)
	at org.springframework.security.web.session.DisableEncodeUrlFilter.doFilterInternal(DisableEncodeUrlFilter.java:42)
	at org.springframework.web.filter.OncePerRequestFilter.doFilter(OncePerRequestFilter.java:116)
	at org.springframework.security.web.FilterChainProxy$VirtualFilterChain.doFilter(FilterChainProxy.java:374)
	at org.springframework.security.web.FilterChainProxy.doFilterInternal(FilterChainProxy.java:233)
	at org.springframework.security.web.FilterChainProxy.doFilter(FilterChainProxy.java:191)
	at org.springframework.web.filter.CompositeFilter$VirtualFilterChain.doFilter(CompositeFilter.java:113)
	at org.springframework.web.filter.ServletRequestPathFilter.doFilter(ServletRequestPathFilter.java:52)
	at org.springframework.web.filter.CompositeFilter$VirtualFilterChain.doFilter(CompositeFilter.java:113)
	at org.springframework.web.filter.CompositeFilter.doFilter(CompositeFilter.java:74)
	at org.springframework.security.config.annotation.web.configuration.WebSecurityConfiguration$CompositeFilterChainProxy.doFilter(WebSecurityConfiguration.java:319)
	at org.springframework.web.filter.CompositeFilter$VirtualFilterChain.doFilter(CompositeFilter.java:113)
	at org.springframework.web.servlet.handler.HandlerMappingIntrospector.lambda$createCacheFilter$4(HandlerMappingIntrospector.java:267)
	at org.springframework.web.filter.CompositeFilter$VirtualFilterChain.doFilter(CompositeFilter.java:113)
	at org.springframework.web.filter.CompositeFilter.doFilter(CompositeFilter.java:74)
	at org.springframework.security.config.annotation.web.configuration.WebMvcSecurityConfiguration$CompositeFilterChainProxy.doFilter(WebMvcSecurityConfiguration.java:240)
	at org.springframework.web.filter.DelegatingFilterProxy.invokeDelegate(DelegatingFilterProxy.java:362)
	at org.springframework.web.filter.DelegatingFilterProxy.doFilter(DelegatingFilterProxy.java:278)
	at org.apache.catalina.core.ApplicationFilterChain.internalDoFilter(ApplicationFilterChain.java:164)
	at org.apache.catalina.core.ApplicationFilterChain.doFilter(ApplicationFilterChain.java:140)
	at org.springframework.web.filter.RequestContextFilter.doFilterInternal(RequestContextFilter.java:100)
	at org.springframework.web.filter.OncePerRequestFilter.doFilter(OncePerRequestFilter.java:116)
	at org.apache.catalina.core.ApplicationFilterChain.internalDoFilter(ApplicationFilterChain.java:164)
	at org.apache.catalina.core.ApplicationFilterChain.doFilter(ApplicationFilterChain.java:140)
	at org.springframework.web.filter.FormContentFilter.doFilterInternal(FormContentFilter.java:93)
	at org.springframework.web.filter.OncePerRequestFilter.doFilter(OncePerRequestFilter.java:116)
	at org.apache.catalina.core.ApplicationFilterChain.internalDoFilter(ApplicationFilterChain.java:164)
	at org.apache.catalina.core.ApplicationFilterChain.doFilter(ApplicationFilterChain.java:140)
	at org.springframework.web.filter.CharacterEncodingFilter.doFilterInternal(CharacterEncodingFilter.java:201)
	at org.springframework.web.filter.OncePerRequestFilter.doFilter(OncePerRequestFilter.java:116)
	at org.apache.catalina.core.ApplicationFilterChain.internalDoFilter(ApplicationFilterChain.java:164)
	at org.apache.catalina.core.ApplicationFilterChain.doFilter(ApplicationFilterChain.java:140)
	at org.apache.catalina.core.StandardWrapperValve.invoke(StandardWrapperValve.java:167)
	at org.apache.catalina.core.StandardContextValve.invoke(StandardContextValve.java:90)
	at org.apache.catalina.authenticator.AuthenticatorBase.invoke(AuthenticatorBase.java:483)
	at org.apache.catalina.core.StandardHostValve.invoke(StandardHostValve.java:116)
	at org.apache.catalina.valves.ErrorReportValve.invoke(ErrorReportValve.java:93)
	at org.apache.catalina.core.StandardEngineValve.invoke(StandardEngineValve.java:74)
	at org.apache.catalina.connector.CoyoteAdapter.service(CoyoteAdapter.java:344)
	at org.apache.coyote.http11.Http11Processor.service(Http11Processor.java:398)
	at org.apache.coyote.AbstractProcessorLight.process(AbstractProcessorLight.java:63)
	at org.apache.coyote.AbstractProtocol$ConnectionHandler.process(AbstractProtocol.java:903)
	at org.apache.tomcat.util.net.NioEndpoint$SocketProcessor.doRun(NioEndpoint.java:1776)
	at org.apache.tomcat.util.net.SocketProcessorBase.run(SocketProcessorBase.java:52)
	at org.apache.tomcat.util.threads.ThreadPoolExecutor.runWorker(ThreadPoolExecutor.java:975)
	at org.apache.tomcat.util.threads.ThreadPoolExecutor$Worker.run(ThreadPoolExecutor.java:493)
	at org.apache.tomcat.util.threads.TaskThread$WrappingRunnable.run(TaskThread.java:63)
	at java.base/java.lang.Thread.run(Thread.java:1575)
Caused by: java.sql.SQLSyntaxErrorException: Unknown database 'authenticatioin'
	at com.mysql.cj.jdbc.exceptions.SQLError.createSQLException(SQLError.java:112)
	at com.mysql.cj.jdbc.exceptions.SQLExceptionsMapping.translateException(SQLExceptionsMapping.java:114)
	at com.mysql.cj.jdbc.ConnectionImpl.setDatabase(ConnectionImpl.java:2221)
	at com.mysql.cj.jdbc.ConnectionImpl.setCatalog(ConnectionImpl.java:2161)
	at com.zaxxer.hikari.pool.ProxyConnection.setCatalog(ProxyConnection.java:469)
	at com.zaxxer.hikari.pool.HikariProxyConnection.setCatalog(HikariProxyConnection.java)
	at com.restDemo.tenant.MultiTenantConnectionProviderImpl.getConnection(MultiTenantConnectionProviderImpl.java:38)
	at com.restDemo.tenant.MultiTenantConnectionProviderImpl.getConnection(MultiTenantConnectionProviderImpl.java:10)
	at org.hibernate.internal.ContextualJdbcConnectionAccess.obtainConnection(ContextualJdbcConnectionAccess.java:52)
	at org.hibernate.resource.jdbc.internal.LogicalConnectionManagedImpl.acquireConnectionIfNeeded(LogicalConnectionManagedImpl.java:126)
	... 141 common frames omitted
2026-07-19 12:58:37                      [restDemo]                      [http-nio-8001-exec-5]                      WARN                       o.s.w.s.m.m.a.ExceptionHandlerExceptionResolver                      - Resolved [org.springframework.dao.InvalidDataAccessResourceUsageException: Unable to acquire JDBC Connection [Unknown database 'authenticatioin'] [n/a]; SQL [n/a]]
2026-07-19 12:58:59                      [restDemo]                      [http-nio-8001-exec-7]                      DEBUG                      org.hibernate.SQL                      - select u1_0.id,u1_0.city,u1_0.created_at,u1_0.created_by,u1_0.created_date,u1_0.email_id,u1_0.mobile_no,u1_0.name,u1_0.password,u1_0.updated_at,u1_0.updated_by,u1_0.updated_date,u1_0.user_id,u1_0.user_name from users u1_0 where u1_0.user_name=?
2026-07-19 12:58:59                      [restDemo]                      [http-nio-8001-exec-7]                      DEBUG                      org.hibernate.SQL                      - select u1_0.id from users u1_0 where u1_0.email_id=? limit ?
2026-07-19 12:58:59                      [restDemo]                      [http-nio-8001-exec-7]                      DEBUG                      org.hibernate.SQL                      - insert into users (city,created_at,created_by,created_date,email_id,mobile_no,name,password,updated_at,updated_by,updated_date,user_id,user_name) values (?,?,?,?,?,?,?,?,?,?,?,?,?)
2026-07-19 13:00:38                      [restDemo]                      [SpringApplicationShutdownHook]                      INFO                       o.s.b.w.e.tomcat.GracefulShutdown                      - Commencing graceful shutdown. Waiting for active requests to complete
2026-07-19 13:00:38                      [restDemo]                      [tomcat-shutdown]                      INFO                       o.s.b.w.e.tomcat.GracefulShutdown                      - Graceful shutdown complete
2026-07-19 13:00:38                      [restDemo]                      [SpringApplicationShutdownHook]                      INFO                       o.s.o.j.LocalContainerEntityManagerFactoryBean                      - Closing JPA EntityManagerFactory for persistence unit 'default'
2026-07-19 13:00:38                      [restDemo]                      [SpringApplicationShutdownHook]                      INFO                       com.zaxxer.hikari.HikariDataSource                      - HikariPool-1 - Shutdown initiated...
2026-07-19 13:00:38                      [restDemo]                      [SpringApplicationShutdownHook]                      INFO                       com.zaxxer.hikari.HikariDataSource                      - HikariPool-1 - Shutdown completed.
2026-07-19 13:00:56                      [restDemo]                      [background-preinit]                      INFO                       o.h.validator.internal.util.Version                      - HV000001: Hibernate Validator 8.0.3.Final
2026-07-19 13:00:56                      [restDemo]                      [restartedMain]                      INFO                       com.restDemo.RestDemoApplication                      - Starting RestDemoApplication using Java 23.0.1 with PID 16904 (D:\Spring Boot\Spring boot Projects\restDemo\target\classes started by Zahir in D:\Spring Boot\Spring boot Projects\restDemo)
2026-07-19 13:00:56                      [restDemo]                      [restartedMain]                      INFO                       com.restDemo.RestDemoApplication                      - No active profile set, falling back to 1 default profile: "default"
2026-07-19 13:00:56                      [restDemo]                      [restartedMain]                      INFO                       o.s.b.d.e.DevToolsPropertyDefaultsPostProcessor                      - Devtools property defaults active! Set 'spring.devtools.add-properties' to 'false' to disable
2026-07-19 13:00:56                      [restDemo]                      [restartedMain]                      INFO                       o.s.b.d.e.DevToolsPropertyDefaultsPostProcessor                      - For additional web related logging consider setting the 'logging.level.web' property to 'DEBUG'
2026-07-19 13:01:00                      [restDemo]                      [restartedMain]                      INFO                       o.s.d.r.c.RepositoryConfigurationDelegate                      - Bootstrapping Spring Data JPA repositories in DEFAULT mode.
2026-07-19 13:01:00                      [restDemo]                      [restartedMain]                      INFO                       o.s.d.r.c.RepositoryConfigurationDelegate                      - Finished Spring Data repository scanning in 231 ms. Found 1 JPA repository interface.
2026-07-19 13:01:03                      [restDemo]                      [restartedMain]                      INFO                       o.s.b.w.e.tomcat.TomcatWebServer                      - Tomcat initialized with port 8001 (http)
2026-07-19 13:01:03                      [restDemo]                      [restartedMain]                      INFO                       o.a.coyote.http11.Http11NioProtocol                      - Initializing ProtocolHandler ["http-nio-8001"]
2026-07-19 13:01:03                      [restDemo]                      [restartedMain]                      INFO                       o.a.catalina.core.StandardService                      - Starting service [Tomcat]
2026-07-19 13:01:03                      [restDemo]                      [restartedMain]                      INFO                       o.a.catalina.core.StandardEngine                      - Starting Servlet engine: [Apache Tomcat/10.1.46]
2026-07-19 13:01:03                      [restDemo]                      [restartedMain]                      INFO                       o.a.c.c.C.[Tomcat].[localhost].[/]                      - Initializing Spring embedded WebApplicationContext
2026-07-19 13:01:03                      [restDemo]                      [restartedMain]                      INFO                       o.s.b.w.s.c.ServletWebServerApplicationContext                      - Root WebApplicationContext: initialization completed in 7170 ms
2026-07-19 13:01:07                      [restDemo]                      [restartedMain]                      INFO                       o.h.jpa.internal.util.LogHelper                      - HHH000204: Processing PersistenceUnitInfo [name: default]
2026-07-19 13:01:07                      [restDemo]                      [restartedMain]                      INFO                       org.hibernate.Version                      - HHH000412: Hibernate ORM core version 6.6.29.Final
2026-07-19 13:01:07                      [restDemo]                      [restartedMain]                      INFO                       o.h.c.i.RegionFactoryInitiator                      - HHH000026: Second-level cache disabled
2026-07-19 13:01:09                      [restDemo]                      [restartedMain]                      INFO                       o.s.o.j.p.SpringPersistenceUnitInfo                      - No LoadTimeWeaver setup: ignoring JPA class transformer
2026-07-19 13:01:09                      [restDemo]                      [restartedMain]                      INFO                       com.zaxxer.hikari.HikariDataSource                      - HikariPool-1 - Starting...
2026-07-19 13:01:10                      [restDemo]                      [restartedMain]                      INFO                       com.zaxxer.hikari.pool.HikariPool                      - HikariPool-1 - Added connection com.mysql.cj.jdbc.ConnectionImpl@5b6f61f1
2026-07-19 13:01:10                      [restDemo]                      [restartedMain]                      INFO                       com.zaxxer.hikari.HikariDataSource                      - HikariPool-1 - Start completed.
2026-07-19 13:01:10                      [restDemo]                      [restartedMain]                      WARN                       org.hibernate.orm.deprecation                      - HHH90000025: MySQLDialect does not need to be specified explicitly using 'hibernate.dialect' (remove the property setting and it will be selected by default)
2026-07-19 13:01:11                      [restDemo]                      [restartedMain]                      INFO                       o.hibernate.orm.connections.pooling                      - HHH10001005: Database info:
	Database JDBC URL [undefined/unknown]
	Database driver: undefined/unknown
	Database version: 8.0.34
	Autocommit mode: undefined/unknown
	Isolation level: undefined/unknown
	Minimum pool size: undefined/unknown
	Maximum pool size: undefined/unknown
2026-07-19 13:01:15                      [restDemo]                      [restartedMain]                      INFO                       o.h.e.t.j.p.i.JtaPlatformInitiator                      - HHH000489: No JTA platform available (set 'hibernate.transaction.jta.platform' to enable JTA platform integration)
2026-07-19 13:01:15                      [restDemo]                      [restartedMain]                      INFO                       o.s.o.j.LocalContainerEntityManagerFactoryBean                      - Initialized JPA EntityManagerFactory for persistence unit 'default'
2026-07-19 13:01:18                      [restDemo]                      [restartedMain]                      WARN                       o.s.b.a.o.j.JpaBaseConfiguration$JpaWebConfiguration                      - spring.jpa.open-in-view is enabled by default. Therefore, database queries may be performed during view rendering. Explicitly configure spring.jpa.open-in-view to disable this warning
2026-07-19 13:01:19                      [restDemo]                      [restartedMain]                      WARN                       o.s.b.a.s.s.UserDetailsServiceAutoConfiguration                      - 

Using generated security password: e734e2d5-3367-4434-9c76-07d0a5dac662

This generated password is for development use only. Your security configuration must be updated before running your application in production.

2026-07-19 13:01:19                      [restDemo]                      [restartedMain]                      INFO                       o.s.s.c.a.a.c.InitializeUserDetailsBeanManagerConfigurer$InitializeUserDetailsManagerConfigurer                      - Global AuthenticationManager configured with UserDetailsService bean with name inMemoryUserDetailsManager
2026-07-19 13:01:21                      [restDemo]                      [restartedMain]                      INFO                       o.s.b.d.a.OptionalLiveReloadServer                      - LiveReload server is running on port 35729
2026-07-19 13:01:21                      [restDemo]                      [restartedMain]                      INFO                       o.a.coyote.http11.Http11NioProtocol                      - Starting ProtocolHandler ["http-nio-8001"]
2026-07-19 13:01:21                      [restDemo]                      [restartedMain]                      INFO                       o.s.b.w.e.tomcat.TomcatWebServer                      - Tomcat started on port 8001 (http) with context path '/'
2026-07-19 13:01:21                      [restDemo]                      [restartedMain]                      INFO                       com.restDemo.RestDemoApplication                      - Started RestDemoApplication in 27.427 seconds (process running for 30.786)
2026-07-19 13:01:32                      [restDemo]                      [http-nio-8001-exec-2]                      INFO                       o.a.c.c.C.[Tomcat].[localhost].[/]                      - Initializing Spring DispatcherServlet 'dispatcherServlet'
2026-07-19 13:01:32                      [restDemo]                      [http-nio-8001-exec-2]                      INFO                       o.s.web.servlet.DispatcherServlet                      - Initializing Servlet 'dispatcherServlet'
2026-07-19 13:01:32                      [restDemo]                      [http-nio-8001-exec-2]                      INFO                       o.s.web.servlet.DispatcherServlet                      - Completed initialization in 1 ms
2026-07-19 13:01:34                      [restDemo]                      [http-nio-8001-exec-2]                      WARN                       o.s.w.s.m.m.a.ExceptionHandlerExceptionResolver                      - Resolved [org.springframework.web.HttpRequestMethodNotSupportedException: Request method 'POST' is not supported]
2026-07-19 13:02:05                      [restDemo]                      [http-nio-8001-exec-3]                      DEBUG                      org.hibernate.SQL                      - select u1_0.id,u1_0.city,u1_0.created_at,u1_0.created_by,u1_0.created_date,u1_0.email_id,u1_0.mobile_no,u1_0.name,u1_0.password,u1_0.updated_at,u1_0.updated_by,u1_0.updated_date,u1_0.user_id,u1_0.user_name from users u1_0
2026-07-19 13:02:06                      [restDemo]                      [http-nio-8001-exec-3]                      DEBUG                      org.hibernate.SQL                      - select u1_0.id,u1_0.city,u1_0.created_at,u1_0.created_by,u1_0.created_date,u1_0.email_id,u1_0.mobile_no,u1_0.name,u1_0.password,u1_0.updated_at,u1_0.updated_by,u1_0.updated_date,u1_0.user_id,u1_0.user_name from users u1_0
2026-07-19 13:03:20                      [restDemo]                      [http-nio-8001-exec-5]                      DEBUG                      org.hibernate.SQL                      - select u1_0.id,u1_0.city,u1_0.created_at,u1_0.created_by,u1_0.created_date,u1_0.email_id,u1_0.mobile_no,u1_0.name,u1_0.password,u1_0.updated_at,u1_0.updated_by,u1_0.updated_date,u1_0.user_id,u1_0.user_name from users u1_0
2026-07-19 13:03:20                      [restDemo]                      [http-nio-8001-exec-5]                      DEBUG                      org.hibernate.SQL                      - select u1_0.id,u1_0.city,u1_0.created_at,u1_0.created_by,u1_0.created_date,u1_0.email_id,u1_0.mobile_no,u1_0.name,u1_0.password,u1_0.updated_at,u1_0.updated_by,u1_0.updated_date,u1_0.user_id,u1_0.user_name from users u1_0
2026-07-19 13:03:34                      [restDemo]                      [http-nio-8001-exec-7]                      DEBUG                      org.hibernate.SQL                      - select u1_0.id,u1_0.city,u1_0.created_at,u1_0.created_by,u1_0.created_date,u1_0.email_id,u1_0.mobile_no,u1_0.name,u1_0.password,u1_0.updated_at,u1_0.updated_by,u1_0.updated_date,u1_0.user_id,u1_0.user_name from users u1_0
2026-07-19 13:03:34                      [restDemo]                      [http-nio-8001-exec-7]                      DEBUG                      org.hibernate.SQL                      - select u1_0.id,u1_0.city,u1_0.created_at,u1_0.created_by,u1_0.created_date,u1_0.email_id,u1_0.mobile_no,u1_0.name,u1_0.password,u1_0.updated_at,u1_0.updated_by,u1_0.updated_date,u1_0.user_id,u1_0.user_name from users u1_0
2026-07-19 13:04:03                      [restDemo]                      [http-nio-8001-exec-8]                      DEBUG                      org.hibernate.SQL                      - select u1_0.id,u1_0.city,u1_0.created_at,u1_0.created_by,u1_0.created_date,u1_0.email_id,u1_0.mobile_no,u1_0.name,u1_0.password,u1_0.updated_at,u1_0.updated_by,u1_0.updated_date,u1_0.user_id,u1_0.user_name from users u1_0
2026-07-19 13:04:10                      [restDemo]                      [http-nio-8001-exec-8]                      DEBUG                      org.hibernate.SQL                      - select u1_0.id,u1_0.city,u1_0.created_at,u1_0.created_by,u1_0.created_date,u1_0.email_id,u1_0.mobile_no,u1_0.name,u1_0.password,u1_0.updated_at,u1_0.updated_by,u1_0.updated_date,u1_0.user_id,u1_0.user_name from users u1_0
2026-07-19 13:04:38                      [restDemo]                      [http-nio-8001-exec-9]                      DEBUG                      org.hibernate.SQL                      - select u1_0.id,u1_0.city,u1_0.created_at,u1_0.created_by,u1_0.created_date,u1_0.email_id,u1_0.mobile_no,u1_0.name,u1_0.password,u1_0.updated_at,u1_0.updated_by,u1_0.updated_date,u1_0.user_id,u1_0.user_name from users u1_0
2026-07-19 13:05:19                      [restDemo]                      [HikariPool-1:housekeeper]                      WARN                       com.zaxxer.hikari.pool.HikariPool                      - HikariPool-1 - Thread starvation or clock leap detected (housekeeper delta=55s428ms766µs100ns).
2026-07-19 13:05:19                      [restDemo]                      [http-nio-8001-exec-9]                      DEBUG                      org.hibernate.SQL                      - select u1_0.id,u1_0.city,u1_0.created_at,u1_0.created_by,u1_0.created_date,u1_0.email_id,u1_0.mobile_no,u1_0.name,u1_0.password,u1_0.updated_at,u1_0.updated_by,u1_0.updated_date,u1_0.user_id,u1_0.user_name from users u1_0
2026-07-19 13:05:19                      [restDemo]                      [SpringApplicationShutdownHook]                      INFO                       o.s.b.w.e.tomcat.GracefulShutdown                      - Commencing graceful shutdown. Waiting for active requests to complete
2026-07-19 13:05:20                      [restDemo]                      [tomcat-shutdown]                      INFO                       o.s.b.w.e.tomcat.GracefulShutdown                      - Graceful shutdown complete
2026-07-19 13:05:20                      [restDemo]                      [SpringApplicationShutdownHook]                      INFO                       o.s.o.j.LocalContainerEntityManagerFactoryBean                      - Closing JPA EntityManagerFactory for persistence unit 'default'
2026-07-19 13:05:20                      [restDemo]                      [SpringApplicationShutdownHook]                      INFO                       com.zaxxer.hikari.HikariDataSource                      - HikariPool-1 - Shutdown initiated...
2026-07-19 13:05:20                      [restDemo]                      [SpringApplicationShutdownHook]                      INFO                       com.zaxxer.hikari.HikariDataSource                      - HikariPool-1 - Shutdown completed.
2026-07-19 13:05:29                      [restDemo]                      [background-preinit]                      INFO                       o.h.validator.internal.util.Version                      - HV000001: Hibernate Validator 8.0.3.Final
2026-07-19 13:05:29                      [restDemo]                      [restartedMain]                      INFO                       com.restDemo.RestDemoApplication                      - Starting RestDemoApplication using Java 23.0.1 with PID 21416 (D:\Spring Boot\Spring boot Projects\restDemo\target\classes started by Zahir in D:\Spring Boot\Spring boot Projects\restDemo)
2026-07-19 13:05:29                      [restDemo]                      [restartedMain]                      INFO                       com.restDemo.RestDemoApplication                      - No active profile set, falling back to 1 default profile: "default"
2026-07-19 13:05:29                      [restDemo]                      [restartedMain]                      INFO                       o.s.b.d.e.DevToolsPropertyDefaultsPostProcessor                      - Devtools property defaults active! Set 'spring.devtools.add-properties' to 'false' to disable
2026-07-19 13:05:29                      [restDemo]                      [restartedMain]                      INFO                       o.s.b.d.e.DevToolsPropertyDefaultsPostProcessor                      - For additional web related logging consider setting the 'logging.level.web' property to 'DEBUG'
2026-07-19 13:05:32                      [restDemo]                      [restartedMain]                      INFO                       o.s.d.r.c.RepositoryConfigurationDelegate                      - Bootstrapping Spring Data JPA repositories in DEFAULT mode.
2026-07-19 13:05:32                      [restDemo]                      [restartedMain]                      INFO                       o.s.d.r.c.RepositoryConfigurationDelegate                      - Finished Spring Data repository scanning in 250 ms. Found 1 JPA repository interface.
2026-07-19 13:05:34                      [restDemo]                      [restartedMain]                      INFO                       o.s.b.w.e.tomcat.TomcatWebServer                      - Tomcat initialized with port 8001 (http)
2026-07-19 13:05:34                      [restDemo]                      [restartedMain]                      INFO                       o.a.coyote.http11.Http11NioProtocol                      - Initializing ProtocolHandler ["http-nio-8001"]
2026-07-19 13:05:34                      [restDemo]                      [restartedMain]                      INFO                       o.a.catalina.core.StandardService                      - Starting service [Tomcat]
2026-07-19 13:05:34                      [restDemo]                      [restartedMain]                      INFO                       o.a.catalina.core.StandardEngine                      - Starting Servlet engine: [Apache Tomcat/10.1.46]
2026-07-19 13:05:34                      [restDemo]                      [restartedMain]                      INFO                       o.a.c.c.C.[Tomcat].[localhost].[/]                      - Initializing Spring embedded WebApplicationContext
2026-07-19 13:05:34                      [restDemo]                      [restartedMain]                      INFO                       o.s.b.w.s.c.ServletWebServerApplicationContext                      - Root WebApplicationContext: initialization completed in 5431 ms
2026-07-19 13:05:37                      [restDemo]                      [restartedMain]                      INFO                       o.h.jpa.internal.util.LogHelper                      - HHH000204: Processing PersistenceUnitInfo [name: default]
2026-07-19 13:05:37                      [restDemo]                      [restartedMain]                      INFO                       org.hibernate.Version                      - HHH000412: Hibernate ORM core version 6.6.29.Final
2026-07-19 13:05:37                      [restDemo]                      [restartedMain]                      INFO                       o.h.c.i.RegionFactoryInitiator                      - HHH000026: Second-level cache disabled
2026-07-19 13:05:39                      [restDemo]                      [restartedMain]                      INFO                       o.s.o.j.p.SpringPersistenceUnitInfo                      - No LoadTimeWeaver setup: ignoring JPA class transformer
2026-07-19 13:05:39                      [restDemo]                      [restartedMain]                      INFO                       com.zaxxer.hikari.HikariDataSource                      - HikariPool-1 - Starting...
2026-07-19 13:05:40                      [restDemo]                      [restartedMain]                      INFO                       com.zaxxer.hikari.pool.HikariPool                      - HikariPool-1 - Added connection com.mysql.cj.jdbc.ConnectionImpl@3a69362b
2026-07-19 13:05:40                      [restDemo]                      [restartedMain]                      INFO                       com.zaxxer.hikari.HikariDataSource                      - HikariPool-1 - Start completed.
2026-07-19 13:05:40                      [restDemo]                      [restartedMain]                      WARN                       org.hibernate.orm.deprecation                      - HHH90000025: MySQLDialect does not need to be specified explicitly using 'hibernate.dialect' (remove the property setting and it will be selected by default)
2026-07-19 13:05:40                      [restDemo]                      [restartedMain]                      INFO                       o.hibernate.orm.connections.pooling                      - HHH10001005: Database info:
	Database JDBC URL [undefined/unknown]
	Database driver: undefined/unknown
	Database version: 8.0.34
	Autocommit mode: undefined/unknown
	Isolation level: undefined/unknown
	Minimum pool size: undefined/unknown
	Maximum pool size: undefined/unknown
2026-07-19 13:05:44                      [restDemo]                      [restartedMain]                      INFO                       o.h.e.t.j.p.i.JtaPlatformInitiator                      - HHH000489: No JTA platform available (set 'hibernate.transaction.jta.platform' to enable JTA platform integration)
2026-07-19 13:05:44                      [restDemo]                      [restartedMain]                      INFO                       o.s.o.j.LocalContainerEntityManagerFactoryBean                      - Initialized JPA EntityManagerFactory for persistence unit 'default'
2026-07-19 13:05:47                      [restDemo]                      [restartedMain]                      WARN                       o.s.b.a.o.j.JpaBaseConfiguration$JpaWebConfiguration                      - spring.jpa.open-in-view is enabled by default. Therefore, database queries may be performed during view rendering. Explicitly configure spring.jpa.open-in-view to disable this warning
2026-07-19 13:05:48                      [restDemo]                      [restartedMain]                      WARN                       o.s.b.a.s.s.UserDetailsServiceAutoConfiguration                      - 

Using generated security password: cd9a80da-2b10-4b91-932c-0728e4adcd06

This generated password is for development use only. Your security configuration must be updated before running your application in production.

2026-07-19 13:05:48                      [restDemo]                      [restartedMain]                      INFO                       o.s.s.c.a.a.c.InitializeUserDetailsBeanManagerConfigurer$InitializeUserDetailsManagerConfigurer                      - Global AuthenticationManager configured with UserDetailsService bean with name inMemoryUserDetailsManager
2026-07-19 13:05:50                      [restDemo]                      [restartedMain]                      INFO                       o.s.b.d.a.OptionalLiveReloadServer                      - LiveReload server is running on port 35729
2026-07-19 13:05:50                      [restDemo]                      [restartedMain]                      INFO                       o.a.coyote.http11.Http11NioProtocol                      - Starting ProtocolHandler ["http-nio-8001"]
2026-07-19 13:05:50                      [restDemo]                      [restartedMain]                      INFO                       o.s.b.w.e.tomcat.TomcatWebServer                      - Tomcat started on port 8001 (http) with context path '/'
2026-07-19 13:05:50                      [restDemo]                      [restartedMain]                      INFO                       com.restDemo.RestDemoApplication                      - Started RestDemoApplication in 22.978 seconds (process running for 24.718)
2026-07-19 13:05:55                      [restDemo]                      [http-nio-8001-exec-1]                      INFO                       o.a.c.c.C.[Tomcat].[localhost].[/]                      - Initializing Spring DispatcherServlet 'dispatcherServlet'
2026-07-19 13:05:55                      [restDemo]                      [http-nio-8001-exec-1]                      INFO                       o.s.web.servlet.DispatcherServlet                      - Initializing Servlet 'dispatcherServlet'
2026-07-19 13:05:55                      [restDemo]                      [http-nio-8001-exec-1]                      INFO                       o.s.web.servlet.DispatcherServlet                      - Completed initialization in 2 ms
2026-07-19 13:05:59                      [restDemo]                      [http-nio-8001-exec-1]                      DEBUG                      org.hibernate.SQL                      - select u1_0.id,u1_0.city,u1_0.created_at,u1_0.created_by,u1_0.created_date,u1_0.email_id,u1_0.mobile_no,u1_0.name,u1_0.password,u1_0.updated_at,u1_0.updated_by,u1_0.updated_date,u1_0.user_id,u1_0.user_name from users u1_0
2026-07-19 13:06:13                      [restDemo]                      [http-nio-8001-exec-1]                      DEBUG                      org.hibernate.SQL                      - select u1_0.id,u1_0.city,u1_0.created_at,u1_0.created_by,u1_0.created_date,u1_0.email_id,u1_0.mobile_no,u1_0.name,u1_0.password,u1_0.updated_at,u1_0.updated_by,u1_0.updated_date,u1_0.user_id,u1_0.user_name from users u1_0
2026-07-19 13:07:39                      [restDemo]                      [HikariPool-1:housekeeper]                      WARN                       com.zaxxer.hikari.pool.HikariPool                      - HikariPool-1 - Thread starvation or clock leap detected (housekeeper delta=1m26s479ms223µs400ns).
2026-07-19 13:10:47                      [restDemo]                      [SpringApplicationShutdownHook]                      INFO                       o.s.b.w.e.tomcat.GracefulShutdown                      - Commencing graceful shutdown. Waiting for active requests to complete
2026-07-19 13:10:47                      [restDemo]                      [tomcat-shutdown]                      INFO                       o.s.b.w.e.tomcat.GracefulShutdown                      - Graceful shutdown complete
2026-07-19 13:10:47                      [restDemo]                      [SpringApplicationShutdownHook]                      INFO                       o.s.o.j.LocalContainerEntityManagerFactoryBean                      - Closing JPA EntityManagerFactory for persistence unit 'default'
2026-07-19 13:10:47                      [restDemo]                      [SpringApplicationShutdownHook]                      INFO                       com.zaxxer.hikari.HikariDataSource                      - HikariPool-1 - Shutdown initiated...
2026-07-19 13:10:47                      [restDemo]                      [SpringApplicationShutdownHook]                      INFO                       com.zaxxer.hikari.HikariDataSource                      - HikariPool-1 - Shutdown completed.
2026-07-19 13:10:55                      [restDemo]                      [background-preinit]                      INFO                       o.h.validator.internal.util.Version                      - HV000001: Hibernate Validator 8.0.3.Final
2026-07-19 13:10:55                      [restDemo]                      [restartedMain]                      INFO                       com.restDemo.RestDemoApplication                      - Starting RestDemoApplication using Java 23.0.1 with PID 20732 (D:\Spring Boot\Spring boot Projects\restDemo\target\classes started by Zahir in D:\Spring Boot\Spring boot Projects\restDemo)
2026-07-19 13:10:55                      [restDemo]                      [restartedMain]                      INFO                       com.restDemo.RestDemoApplication                      - No active profile set, falling back to 1 default profile: "default"
2026-07-19 13:10:56                      [restDemo]                      [restartedMain]                      INFO                       o.s.b.d.e.DevToolsPropertyDefaultsPostProcessor                      - Devtools property defaults active! Set 'spring.devtools.add-properties' to 'false' to disable
2026-07-19 13:10:56                      [restDemo]                      [restartedMain]                      INFO                       o.s.b.d.e.DevToolsPropertyDefaultsPostProcessor                      - For additional web related logging consider setting the 'logging.level.web' property to 'DEBUG'
2026-07-19 13:10:58                      [restDemo]                      [restartedMain]                      INFO                       o.s.d.r.c.RepositoryConfigurationDelegate                      - Bootstrapping Spring Data JPA repositories in DEFAULT mode.
2026-07-19 13:10:59                      [restDemo]                      [restartedMain]                      INFO                       o.s.d.r.c.RepositoryConfigurationDelegate                      - Finished Spring Data repository scanning in 325 ms. Found 1 JPA repository interface.
2026-07-19 13:11:01                      [restDemo]                      [restartedMain]                      INFO                       o.s.b.w.e.tomcat.TomcatWebServer                      - Tomcat initialized with port 8001 (http)
2026-07-19 13:11:01                      [restDemo]                      [restartedMain]                      INFO                       o.a.coyote.http11.Http11NioProtocol                      - Initializing ProtocolHandler ["http-nio-8001"]
2026-07-19 13:11:01                      [restDemo]                      [restartedMain]                      INFO                       o.a.catalina.core.StandardService                      - Starting service [Tomcat]
2026-07-19 13:11:01                      [restDemo]                      [restartedMain]                      INFO                       o.a.catalina.core.StandardEngine                      - Starting Servlet engine: [Apache Tomcat/10.1.46]
2026-07-19 13:11:01                      [restDemo]                      [restartedMain]                      INFO                       o.a.c.c.C.[Tomcat].[localhost].[/]                      - Initializing Spring embedded WebApplicationContext
2026-07-19 13:11:01                      [restDemo]                      [restartedMain]                      INFO                       o.s.b.w.s.c.ServletWebServerApplicationContext                      - Root WebApplicationContext: initialization completed in 5464 ms
2026-07-19 13:11:03                      [restDemo]                      [restartedMain]                      INFO                       o.h.jpa.internal.util.LogHelper                      - HHH000204: Processing PersistenceUnitInfo [name: default]
2026-07-19 13:11:03                      [restDemo]                      [restartedMain]                      INFO                       org.hibernate.Version                      - HHH000412: Hibernate ORM core version 6.6.29.Final
2026-07-19 13:11:03                      [restDemo]                      [restartedMain]                      INFO                       o.h.c.i.RegionFactoryInitiator                      - HHH000026: Second-level cache disabled
2026-07-19 13:11:05                      [restDemo]                      [restartedMain]                      INFO                       o.s.o.j.p.SpringPersistenceUnitInfo                      - No LoadTimeWeaver setup: ignoring JPA class transformer
2026-07-19 13:11:05                      [restDemo]                      [restartedMain]                      INFO                       com.zaxxer.hikari.HikariDataSource                      - HikariPool-1 - Starting...
2026-07-19 13:11:05                      [restDemo]                      [restartedMain]                      INFO                       com.zaxxer.hikari.pool.HikariPool                      - HikariPool-1 - Added connection com.mysql.cj.jdbc.ConnectionImpl@532d1114
2026-07-19 13:11:05                      [restDemo]                      [restartedMain]                      INFO                       com.zaxxer.hikari.HikariDataSource                      - HikariPool-1 - Start completed.
2026-07-19 13:11:05                      [restDemo]                      [restartedMain]                      WARN                       org.hibernate.orm.deprecation                      - HHH90000025: MySQLDialect does not need to be specified explicitly using 'hibernate.dialect' (remove the property setting and it will be selected by default)
2026-07-19 13:11:06                      [restDemo]                      [restartedMain]                      INFO                       o.hibernate.orm.connections.pooling                      - HHH10001005: Database info:
	Database JDBC URL [undefined/unknown]
	Database driver: undefined/unknown
	Database version: 8.0.34
	Autocommit mode: undefined/unknown
	Isolation level: undefined/unknown
	Minimum pool size: undefined/unknown
	Maximum pool size: undefined/unknown
2026-07-19 13:11:08                      [restDemo]                      [restartedMain]                      INFO                       o.h.e.t.j.p.i.JtaPlatformInitiator                      - HHH000489: No JTA platform available (set 'hibernate.transaction.jta.platform' to enable JTA platform integration)
2026-07-19 13:11:08                      [restDemo]                      [restartedMain]                      INFO                       o.s.o.j.LocalContainerEntityManagerFactoryBean                      - Initialized JPA EntityManagerFactory for persistence unit 'default'
2026-07-19 13:11:11                      [restDemo]                      [restartedMain]                      WARN                       o.s.b.a.o.j.JpaBaseConfiguration$JpaWebConfiguration                      - spring.jpa.open-in-view is enabled by default. Therefore, database queries may be performed during view rendering. Explicitly configure spring.jpa.open-in-view to disable this warning
2026-07-19 13:11:11                      [restDemo]                      [restartedMain]                      WARN                       o.s.b.a.s.s.UserDetailsServiceAutoConfiguration                      - 

Using generated security password: 8bc7e504-b56e-48b5-afb0-991b39870006

This generated password is for development use only. Your security configuration must be updated before running your application in production.

2026-07-19 13:11:11                      [restDemo]                      [restartedMain]                      INFO                       o.s.s.c.a.a.c.InitializeUserDetailsBeanManagerConfigurer$InitializeUserDetailsManagerConfigurer                      - Global AuthenticationManager configured with UserDetailsService bean with name inMemoryUserDetailsManager
2026-07-19 13:11:12                      [restDemo]                      [restartedMain]                      INFO                       o.s.b.d.a.OptionalLiveReloadServer                      - LiveReload server is running on port 35729
2026-07-19 13:11:13                      [restDemo]                      [restartedMain]                      INFO                       o.a.coyote.http11.Http11NioProtocol                      - Starting ProtocolHandler ["http-nio-8001"]
2026-07-19 13:11:13                      [restDemo]                      [restartedMain]                      INFO                       o.s.b.w.e.tomcat.TomcatWebServer                      - Tomcat started on port 8001 (http) with context path '/'
2026-07-19 13:11:13                      [restDemo]                      [restartedMain]                      INFO                       com.restDemo.RestDemoApplication                      - Started RestDemoApplication in 18.639 seconds (process running for 19.914)
2026-07-19 13:11:17                      [restDemo]                      [http-nio-8001-exec-2]                      INFO                       o.a.c.c.C.[Tomcat].[localhost].[/]                      - Initializing Spring DispatcherServlet 'dispatcherServlet'
2026-07-19 13:11:17                      [restDemo]                      [http-nio-8001-exec-2]                      INFO                       o.s.web.servlet.DispatcherServlet                      - Initializing Servlet 'dispatcherServlet'
2026-07-19 13:11:17                      [restDemo]                      [http-nio-8001-exec-2]                      INFO                       o.s.web.servlet.DispatcherServlet                      - Completed initialization in 2 ms
2026-07-19 13:11:22                      [restDemo]                      [http-nio-8001-exec-2]                      DEBUG                      org.hibernate.SQL                      - select u1_0.id,u1_0.city,u1_0.created_at,u1_0.created_by,u1_0.created_date,u1_0.email_id,u1_0.mobile_no,u1_0.name,u1_0.password,u1_0.updated_at,u1_0.updated_by,u1_0.updated_date,u1_0.user_id,u1_0.user_name from users u1_0
2026-07-19 13:11:23                      [restDemo]                      [http-nio-8001-exec-2]                      DEBUG                      org.hibernate.SQL                      - select u1_0.id,u1_0.city,u1_0.created_at,u1_0.created_by,u1_0.created_date,u1_0.email_id,u1_0.mobile_no,u1_0.name,u1_0.password,u1_0.updated_at,u1_0.updated_by,u1_0.updated_date,u1_0.user_id,u1_0.user_name from users u1_0
2026-07-19 13:12:33                      [restDemo]                      [HikariPool-1:housekeeper]                      WARN                       com.zaxxer.hikari.pool.HikariPool                      - HikariPool-1 - Thread starvation or clock leap detected (housekeeper delta=1m28s52ms548µs800ns).
2026-07-19 13:12:35                      [restDemo]                      [SpringApplicationShutdownHook]                      INFO                       o.s.b.w.e.tomcat.GracefulShutdown                      - Commencing graceful shutdown. Waiting for active requests to complete
2026-07-19 13:12:35                      [restDemo]                      [tomcat-shutdown]                      INFO                       o.s.b.w.e.tomcat.GracefulShutdown                      - Graceful shutdown complete
2026-07-19 13:12:35                      [restDemo]                      [SpringApplicationShutdownHook]                      INFO                       o.s.o.j.LocalContainerEntityManagerFactoryBean                      - Closing JPA EntityManagerFactory for persistence unit 'default'
2026-07-19 13:12:35                      [restDemo]                      [SpringApplicationShutdownHook]                      INFO                       com.zaxxer.hikari.HikariDataSource                      - HikariPool-1 - Shutdown initiated...
2026-07-19 13:12:35                      [restDemo]                      [SpringApplicationShutdownHook]                      INFO                       com.zaxxer.hikari.HikariDataSource                      - HikariPool-1 - Shutdown completed.
2026-07-19 13:12:44                      [restDemo]                      [background-preinit]                      INFO                       o.h.validator.internal.util.Version                      - HV000001: Hibernate Validator 8.0.3.Final
2026-07-19 13:12:44                      [restDemo]                      [restartedMain]                      INFO                       com.restDemo.RestDemoApplication                      - Starting RestDemoApplication using Java 23.0.1 with PID 10744 (D:\Spring Boot\Spring boot Projects\restDemo\target\classes started by Zahir in D:\Spring Boot\Spring boot Projects\restDemo)
2026-07-19 13:12:44                      [restDemo]                      [restartedMain]                      INFO                       com.restDemo.RestDemoApplication                      - No active profile set, falling back to 1 default profile: "default"
2026-07-19 13:12:45                      [restDemo]                      [restartedMain]                      INFO                       o.s.b.d.e.DevToolsPropertyDefaultsPostProcessor                      - Devtools property defaults active! Set 'spring.devtools.add-properties' to 'false' to disable
2026-07-19 13:12:45                      [restDemo]                      [restartedMain]                      INFO                       o.s.b.d.e.DevToolsPropertyDefaultsPostProcessor                      - For additional web related logging consider setting the 'logging.level.web' property to 'DEBUG'
2026-07-19 13:12:47                      [restDemo]                      [restartedMain]                      INFO                       o.s.d.r.c.RepositoryConfigurationDelegate                      - Bootstrapping Spring Data JPA repositories in DEFAULT mode.
2026-07-19 13:12:48                      [restDemo]                      [restartedMain]                      INFO                       o.s.d.r.c.RepositoryConfigurationDelegate                      - Finished Spring Data repository scanning in 209 ms. Found 1 JPA repository interface.
2026-07-19 13:12:50                      [restDemo]                      [restartedMain]                      INFO                       o.s.b.w.e.tomcat.TomcatWebServer                      - Tomcat initialized with port 8001 (http)
2026-07-19 13:12:50                      [restDemo]                      [restartedMain]                      INFO                       o.a.coyote.http11.Http11NioProtocol                      - Initializing ProtocolHandler ["http-nio-8001"]
2026-07-19 13:12:50                      [restDemo]                      [restartedMain]                      INFO                       o.a.catalina.core.StandardService                      - Starting service [Tomcat]
2026-07-19 13:12:50                      [restDemo]                      [restartedMain]                      INFO                       o.a.catalina.core.StandardEngine                      - Starting Servlet engine: [Apache Tomcat/10.1.46]
2026-07-19 13:12:50                      [restDemo]                      [restartedMain]                      INFO                       o.a.c.c.C.[Tomcat].[localhost].[/]                      - Initializing Spring embedded WebApplicationContext
2026-07-19 13:12:50                      [restDemo]                      [restartedMain]                      INFO                       o.s.b.w.s.c.ServletWebServerApplicationContext                      - Root WebApplicationContext: initialization completed in 5342 ms
2026-07-19 13:12:52                      [restDemo]                      [restartedMain]                      INFO                       o.h.jpa.internal.util.LogHelper                      - HHH000204: Processing PersistenceUnitInfo [name: default]
2026-07-19 13:12:52                      [restDemo]                      [restartedMain]                      INFO                       org.hibernate.Version                      - HHH000412: Hibernate ORM core version 6.6.29.Final
2026-07-19 13:12:53                      [restDemo]                      [restartedMain]                      INFO                       o.h.c.i.RegionFactoryInitiator                      - HHH000026: Second-level cache disabled
2026-07-19 13:12:54                      [restDemo]                      [restartedMain]                      INFO                       o.s.o.j.p.SpringPersistenceUnitInfo                      - No LoadTimeWeaver setup: ignoring JPA class transformer
2026-07-19 13:12:54                      [restDemo]                      [restartedMain]                      INFO                       com.zaxxer.hikari.HikariDataSource                      - HikariPool-1 - Starting...
2026-07-19 13:12:55                      [restDemo]                      [restartedMain]                      INFO                       com.zaxxer.hikari.pool.HikariPool                      - HikariPool-1 - Added connection com.mysql.cj.jdbc.ConnectionImpl@18c1b353
2026-07-19 13:12:55                      [restDemo]                      [restartedMain]                      INFO                       com.zaxxer.hikari.HikariDataSource                      - HikariPool-1 - Start completed.
2026-07-19 13:12:55                      [restDemo]                      [restartedMain]                      WARN                       org.hibernate.orm.deprecation                      - HHH90000025: MySQLDialect does not need to be specified explicitly using 'hibernate.dialect' (remove the property setting and it will be selected by default)
2026-07-19 13:12:55                      [restDemo]                      [restartedMain]                      INFO                       o.hibernate.orm.connections.pooling                      - HHH10001005: Database info:
	Database JDBC URL [undefined/unknown]
	Database driver: undefined/unknown
	Database version: 8.0.34
	Autocommit mode: undefined/unknown
	Isolation level: undefined/unknown
	Minimum pool size: undefined/unknown
	Maximum pool size: undefined/unknown
2026-07-19 13:12:58                      [restDemo]                      [restartedMain]                      INFO                       o.h.e.t.j.p.i.JtaPlatformInitiator                      - HHH000489: No JTA platform available (set 'hibernate.transaction.jta.platform' to enable JTA platform integration)
2026-07-19 13:12:58                      [restDemo]                      [restartedMain]                      INFO                       o.s.o.j.LocalContainerEntityManagerFactoryBean                      - Initialized JPA EntityManagerFactory for persistence unit 'default'
2026-07-19 13:13:00                      [restDemo]                      [restartedMain]                      WARN                       o.s.b.a.o.j.JpaBaseConfiguration$JpaWebConfiguration                      - spring.jpa.open-in-view is enabled by default. Therefore, database queries may be performed during view rendering. Explicitly configure spring.jpa.open-in-view to disable this warning
2026-07-19 13:13:01                      [restDemo]                      [restartedMain]                      WARN                       o.s.b.a.s.s.UserDetailsServiceAutoConfiguration                      - 

Using generated security password: 2b67b6da-edd3-4c12-b7cb-2df587289ddf

This generated password is for development use only. Your security configuration must be updated before running your application in production.

2026-07-19 13:13:01                      [restDemo]                      [restartedMain]                      INFO                       o.s.s.c.a.a.c.InitializeUserDetailsBeanManagerConfigurer$InitializeUserDetailsManagerConfigurer                      - Global AuthenticationManager configured with UserDetailsService bean with name inMemoryUserDetailsManager
2026-07-19 13:13:02                      [restDemo]                      [restartedMain]                      INFO                       o.s.b.d.a.OptionalLiveReloadServer                      - LiveReload server is running on port 35729
2026-07-19 13:13:03                      [restDemo]                      [restartedMain]                      INFO                       o.a.coyote.http11.Http11NioProtocol                      - Starting ProtocolHandler ["http-nio-8001"]
2026-07-19 13:13:03                      [restDemo]                      [restartedMain]                      INFO                       o.s.b.w.e.tomcat.TomcatWebServer                      - Tomcat started on port 8001 (http) with context path '/'
2026-07-19 13:13:03                      [restDemo]                      [restartedMain]                      INFO                       com.restDemo.RestDemoApplication                      - Started RestDemoApplication in 19.778 seconds (process running for 21.631)
2026-07-19 13:13:05                      [restDemo]                      [http-nio-8001-exec-1]                      INFO                       o.a.c.c.C.[Tomcat].[localhost].[/]                      - Initializing Spring DispatcherServlet 'dispatcherServlet'
2026-07-19 13:13:05                      [restDemo]                      [http-nio-8001-exec-1]                      INFO                       o.s.web.servlet.DispatcherServlet                      - Initializing Servlet 'dispatcherServlet'
2026-07-19 13:13:05                      [restDemo]                      [http-nio-8001-exec-1]                      INFO                       o.s.web.servlet.DispatcherServlet                      - Completed initialization in 1 ms
2026-07-19 13:13:18                      [restDemo]                      [http-nio-8001-exec-1]                      DEBUG                      org.hibernate.SQL                      - select u1_0.id,u1_0.city,u1_0.created_at,u1_0.created_by,u1_0.created_date,u1_0.email_id,u1_0.mobile_no,u1_0.name,u1_0.password,u1_0.updated_at,u1_0.updated_by,u1_0.updated_date,u1_0.user_id,u1_0.user_name from users u1_0
2026-07-19 13:13:19                      [restDemo]                      [http-nio-8001-exec-1]                      DEBUG                      org.hibernate.SQL                      - select u1_0.id,u1_0.city,u1_0.created_at,u1_0.created_by,u1_0.created_date,u1_0.email_id,u1_0.mobile_no,u1_0.name,u1_0.password,u1_0.updated_at,u1_0.updated_by,u1_0.updated_date,u1_0.user_id,u1_0.user_name from users u1_0
2026-07-19 13:13:25                      [restDemo]                      [http-nio-8001-exec-2]                      ERROR                      c.r.a.GlobalExceptionHandler                      - Exception while processing request
java.sql.SQLSyntaxErrorException: Table 'mysql.users' doesn't exist
	at com.mysql.cj.jdbc.exceptions.SQLError.createSQLException(SQLError.java:112)
	at com.mysql.cj.jdbc.exceptions.SQLExceptionsMapping.translateException(SQLExceptionsMapping.java:114)
	at com.mysql.cj.jdbc.StatementImpl.executeQuery(StatementImpl.java:1311)
	at com.zaxxer.hikari.pool.ProxyStatement.executeQuery(ProxyStatement.java:111)
	at com.zaxxer.hikari.pool.HikariProxyStatement.executeQuery(HikariProxyStatement.java)
	at org.springframework.jdbc.core.JdbcTemplate$1QueryStatementCallback.doInStatement(JdbcTemplate.java:463)
	at org.springframework.jdbc.core.JdbcTemplate.execute(JdbcTemplate.java:393)
	at org.springframework.jdbc.core.JdbcTemplate.query(JdbcTemplate.java:476)
	at org.springframework.jdbc.core.JdbcTemplate.query(JdbcTemplate.java:486)
	at com.restDemo.repositoryImpl.UserRepositoryImpl.getUsers(UserRepositoryImpl.java:19)
	at com.restDemo.service.UserService.getAllUserDTO(UserService.java:82)
	at java.base/jdk.internal.reflect.DirectMethodHandleAccessor.invoke(DirectMethodHandleAccessor.java:103)
	at java.base/java.lang.reflect.Method.invoke(Method.java:580)
	at org.springframework.aop.support.AopUtils.invokeJoinpointUsingReflection(AopUtils.java:360)
	at org.springframework.aop.framework.CglibAopProxy$DynamicAdvisedInterceptor.intercept(CglibAopProxy.java:724)
	at com.restDemo.service.UserService$$SpringCGLIB$$0.getAllUserDTO(<generated>)
	at com.restDemo.controller.UserController.getAllUsersDTO(UserController.java:66)
	at java.base/jdk.internal.reflect.DirectMethodHandleAccessor.invoke(DirectMethodHandleAccessor.java:103)
	at java.base/java.lang.reflect.Method.invoke(Method.java:580)
	at org.springframework.web.method.support.InvocableHandlerMethod.doInvoke(InvocableHandlerMethod.java:258)
	at org.springframework.web.method.support.InvocableHandlerMethod.invokeForRequest(InvocableHandlerMethod.java:191)
	at org.springframework.web.servlet.mvc.method.annotation.ServletInvocableHandlerMethod.invokeAndHandle(ServletInvocableHandlerMethod.java:118)
	at org.springframework.web.servlet.mvc.method.annotation.RequestMappingHandlerAdapter.invokeHandlerMethod(RequestMappingHandlerAdapter.java:991)
	at org.springframework.web.servlet.mvc.method.annotation.RequestMappingHandlerAdapter.handleInternal(RequestMappingHandlerAdapter.java:896)
	at org.springframework.web.servlet.mvc.method.AbstractHandlerMethodAdapter.handle(AbstractHandlerMethodAdapter.java:87)
	at org.springframework.web.servlet.DispatcherServlet.doDispatch(DispatcherServlet.java:1089)
	at org.springframework.web.servlet.DispatcherServlet.doService(DispatcherServlet.java:979)
	at org.springframework.web.servlet.FrameworkServlet.processRequest(FrameworkServlet.java:1014)
	at org.springframework.web.servlet.FrameworkServlet.doGet(FrameworkServlet.java:903)
	at jakarta.servlet.http.HttpServlet.service(HttpServlet.java:564)
	at org.springframework.web.servlet.FrameworkServlet.service(FrameworkServlet.java:885)
	at jakarta.servlet.http.HttpServlet.service(HttpServlet.java:658)
	at org.apache.catalina.core.ApplicationFilterChain.internalDoFilter(ApplicationFilterChain.java:195)
	at org.apache.catalina.core.ApplicationFilterChain.doFilter(ApplicationFilterChain.java:140)
	at org.apache.tomcat.websocket.server.WsFilter.doFilter(WsFilter.java:51)
	at org.apache.catalina.core.ApplicationFilterChain.internalDoFilter(ApplicationFilterChain.java:164)
	at org.apache.catalina.core.ApplicationFilterChain.doFilter(ApplicationFilterChain.java:140)
	at com.restDemo.tenant.TenantFilter.doFilterInternal(TenantFilter.java:32)
	at org.springframework.web.filter.OncePerRequestFilter.doFilter(OncePerRequestFilter.java:116)
	at org.apache.catalina.core.ApplicationFilterChain.internalDoFilter(ApplicationFilterChain.java:164)
	at org.apache.catalina.core.ApplicationFilterChain.doFilter(ApplicationFilterChain.java:140)
	at org.springframework.web.filter.CompositeFilter$VirtualFilterChain.doFilter(CompositeFilter.java:108)
	at org.springframework.web.filter.CompositeFilter$VirtualFilterChain.doFilter(CompositeFilter.java:108)
	at org.springframework.security.web.FilterChainProxy.lambda$doFilterInternal$3(FilterChainProxy.java:231)
	at org.springframework.security.web.FilterChainProxy$VirtualFilterChain.doFilter(FilterChainProxy.java:365)
	at org.springframework.security.web.access.intercept.AuthorizationFilter.doFilter(AuthorizationFilter.java:101)
	at org.springframework.security.web.FilterChainProxy$VirtualFilterChain.doFilter(FilterChainProxy.java:374)
	at org.springframework.security.web.access.ExceptionTranslationFilter.doFilter(ExceptionTranslationFilter.java:125)
	at org.springframework.security.web.access.ExceptionTranslationFilter.doFilter(ExceptionTranslationFilter.java:119)
	at org.springframework.security.web.FilterChainProxy$VirtualFilterChain.doFilter(FilterChainProxy.java:374)
	at org.springframework.security.web.authentication.AnonymousAuthenticationFilter.doFilter(AnonymousAuthenticationFilter.java:100)
	at org.springframework.security.web.FilterChainProxy$VirtualFilterChain.doFilter(FilterChainProxy.java:374)
	at org.springframework.security.web.servletapi.SecurityContextHolderAwareRequestFilter.doFilter(SecurityContextHolderAwareRequestFilter.java:179)
	at org.springframework.security.web.FilterChainProxy$VirtualFilterChain.doFilter(FilterChainProxy.java:374)
	at org.springframework.security.web.savedrequest.RequestCacheAwareFilter.doFilter(RequestCacheAwareFilter.java:63)
	at org.springframework.security.web.FilterChainProxy$VirtualFilterChain.doFilter(FilterChainProxy.java:374)
	at org.springframework.security.web.authentication.logout.LogoutFilter.doFilter(LogoutFilter.java:107)
	at org.springframework.security.web.authentication.logout.LogoutFilter.doFilter(LogoutFilter.java:93)
	at org.springframework.security.web.FilterChainProxy$VirtualFilterChain.doFilter(FilterChainProxy.java:374)
	at org.springframework.security.web.header.HeaderWriterFilter.doHeadersAfter(HeaderWriterFilter.java:90)
	at org.springframework.security.web.header.HeaderWriterFilter.doFilterInternal(HeaderWriterFilter.java:75)
	at org.springframework.web.filter.OncePerRequestFilter.doFilter(OncePerRequestFilter.java:116)
	at org.springframework.security.web.FilterChainProxy$VirtualFilterChain.doFilter(FilterChainProxy.java:374)
	at org.springframework.security.web.context.SecurityContextHolderFilter.doFilter(SecurityContextHolderFilter.java:82)
	at org.springframework.security.web.context.SecurityContextHolderFilter.doFilter(SecurityContextHolderFilter.java:69)
	at org.springframework.security.web.FilterChainProxy$VirtualFilterChain.doFilter(FilterChainProxy.java:374)
	at org.springframework.security.web.context.request.async.WebAsyncManagerIntegrationFilter.doFilterInternal(WebAsyncManagerIntegrationFilter.java:62)
	at org.springframework.web.filter.OncePerRequestFilter.doFilter(OncePerRequestFilter.java:116)
	at org.springframework.security.web.FilterChainProxy$VirtualFilterChain.doFilter(FilterChainProxy.java:374)
	at org.springframework.security.web.session.DisableEncodeUrlFilter.doFilterInternal(DisableEncodeUrlFilter.java:42)
	at org.springframework.web.filter.OncePerRequestFilter.doFilter(OncePerRequestFilter.java:116)
	at org.springframework.security.web.FilterChainProxy$VirtualFilterChain.doFilter(FilterChainProxy.java:374)
	at org.springframework.security.web.FilterChainProxy.doFilterInternal(FilterChainProxy.java:233)
	at org.springframework.security.web.FilterChainProxy.doFilter(FilterChainProxy.java:191)
	at org.springframework.web.filter.CompositeFilter$VirtualFilterChain.doFilter(CompositeFilter.java:113)
	at org.springframework.web.filter.ServletRequestPathFilter.doFilter(ServletRequestPathFilter.java:52)
	at org.springframework.web.filter.CompositeFilter$VirtualFilterChain.doFilter(CompositeFilter.java:113)
	at org.springframework.web.filter.CompositeFilter.doFilter(CompositeFilter.java:74)
	at org.springframework.security.config.annotation.web.configuration.WebSecurityConfiguration$CompositeFilterChainProxy.doFilter(WebSecurityConfiguration.java:319)
	at org.springframework.web.filter.CompositeFilter$VirtualFilterChain.doFilter(CompositeFilter.java:113)
	at org.springframework.web.servlet.handler.HandlerMappingIntrospector.lambda$createCacheFilter$4(HandlerMappingIntrospector.java:267)
	at org.springframework.web.filter.CompositeFilter$VirtualFilterChain.doFilter(CompositeFilter.java:113)
	at org.springframework.web.filter.CompositeFilter.doFilter(CompositeFilter.java:74)
	at org.springframework.security.config.annotation.web.configuration.WebMvcSecurityConfiguration$CompositeFilterChainProxy.doFilter(WebMvcSecurityConfiguration.java:240)
	at org.springframework.web.filter.DelegatingFilterProxy.invokeDelegate(DelegatingFilterProxy.java:362)
	at org.springframework.web.filter.DelegatingFilterProxy.doFilter(DelegatingFilterProxy.java:278)
	at org.apache.catalina.core.ApplicationFilterChain.internalDoFilter(ApplicationFilterChain.java:164)
	at org.apache.catalina.core.ApplicationFilterChain.doFilter(ApplicationFilterChain.java:140)
	at org.springframework.web.filter.RequestContextFilter.doFilterInternal(RequestContextFilter.java:100)
	at org.springframework.web.filter.OncePerRequestFilter.doFilter(OncePerRequestFilter.java:116)
	at org.apache.catalina.core.ApplicationFilterChain.internalDoFilter(ApplicationFilterChain.java:164)
	at org.apache.catalina.core.ApplicationFilterChain.doFilter(ApplicationFilterChain.java:140)
	at org.springframework.web.filter.FormContentFilter.doFilterInternal(FormContentFilter.java:93)
	at org.springframework.web.filter.OncePerRequestFilter.doFilter(OncePerRequestFilter.java:116)
	at org.apache.catalina.core.ApplicationFilterChain.internalDoFilter(ApplicationFilterChain.java:164)
	at org.apache.catalina.core.ApplicationFilterChain.doFilter(ApplicationFilterChain.java:140)
	at org.springframework.web.filter.CharacterEncodingFilter.doFilterInternal(CharacterEncodingFilter.java:201)
	at org.springframework.web.filter.OncePerRequestFilter.doFilter(OncePerRequestFilter.java:116)
	at org.apache.catalina.core.ApplicationFilterChain.internalDoFilter(ApplicationFilterChain.java:164)
	at org.apache.catalina.core.ApplicationFilterChain.doFilter(ApplicationFilterChain.java:140)
	at org.apache.catalina.core.StandardWrapperValve.invoke(StandardWrapperValve.java:167)
	at org.apache.catalina.core.StandardContextValve.invoke(StandardContextValve.java:90)
	at org.apache.catalina.authenticator.AuthenticatorBase.invoke(AuthenticatorBase.java:483)
	at org.apache.catalina.core.StandardHostValve.invoke(StandardHostValve.java:116)
	at org.apache.catalina.valves.ErrorReportValve.invoke(ErrorReportValve.java:93)
	at org.apache.catalina.core.StandardEngineValve.invoke(StandardEngineValve.java:74)
	at org.apache.catalina.connector.CoyoteAdapter.service(CoyoteAdapter.java:344)
	at org.apache.coyote.http11.Http11Processor.service(Http11Processor.java:398)
	at org.apache.coyote.AbstractProcessorLight.process(AbstractProcessorLight.java:63)
	at org.apache.coyote.AbstractProtocol$ConnectionHandler.process(AbstractProtocol.java:903)
	at org.apache.tomcat.util.net.NioEndpoint$SocketProcessor.doRun(NioEndpoint.java:1776)
	at org.apache.tomcat.util.net.SocketProcessorBase.run(SocketProcessorBase.java:52)
	at org.apache.tomcat.util.threads.ThreadPoolExecutor.runWorker(ThreadPoolExecutor.java:975)
	at org.apache.tomcat.util.threads.ThreadPoolExecutor$Worker.run(ThreadPoolExecutor.java:493)
	at org.apache.tomcat.util.threads.TaskThread$WrappingRunnable.run(TaskThread.java:63)
	at java.base/java.lang.Thread.run(Thread.java:1575)
2026-07-19 13:13:25                      [restDemo]                      [http-nio-8001-exec-2]                      WARN                       o.s.w.s.m.m.a.ExceptionHandlerExceptionResolver                      - Resolved [org.springframework.jdbc.BadSqlGrammarException: StatementCallback; bad SQL grammar [SELECT * FROM users]]
2026-07-19 13:14:17                      [restDemo]                      [http-nio-8001-exec-7]                      ERROR                      c.r.a.GlobalExceptionHandler                      - Exception while processing request
java.sql.SQLSyntaxErrorException: Table 'mysql.users' doesn't exist
	at com.mysql.cj.jdbc.exceptions.SQLError.createSQLException(SQLError.java:112)
	at com.mysql.cj.jdbc.exceptions.SQLExceptionsMapping.translateException(SQLExceptionsMapping.java:114)
	at com.mysql.cj.jdbc.StatementImpl.executeQuery(StatementImpl.java:1311)
	at com.zaxxer.hikari.pool.ProxyStatement.executeQuery(ProxyStatement.java:111)
	at com.zaxxer.hikari.pool.HikariProxyStatement.executeQuery(HikariProxyStatement.java)
	at org.springframework.jdbc.core.JdbcTemplate$1QueryStatementCallback.doInStatement(JdbcTemplate.java:463)
	at org.springframework.jdbc.core.JdbcTemplate.execute(JdbcTemplate.java:393)
	at org.springframework.jdbc.core.JdbcTemplate.query(JdbcTemplate.java:476)
	at org.springframework.jdbc.core.JdbcTemplate.query(JdbcTemplate.java:486)
	at com.restDemo.repositoryImpl.UserRepositoryImpl.getUsers(UserRepositoryImpl.java:19)
	at com.restDemo.service.UserService.getAllUserDTO(UserService.java:82)
	at java.base/jdk.internal.reflect.DirectMethodHandleAccessor.invoke(DirectMethodHandleAccessor.java:103)
	at java.base/java.lang.reflect.Method.invoke(Method.java:580)
	at org.springframework.aop.support.AopUtils.invokeJoinpointUsingReflection(AopUtils.java:360)
	at org.springframework.aop.framework.CglibAopProxy$DynamicAdvisedInterceptor.intercept(CglibAopProxy.java:724)
	at com.restDemo.service.UserService$$SpringCGLIB$$0.getAllUserDTO(<generated>)
	at com.restDemo.controller.UserController.getAllUsersDTO(UserController.java:66)
	at java.base/jdk.internal.reflect.DirectMethodHandleAccessor.invoke(DirectMethodHandleAccessor.java:103)
	at java.base/java.lang.reflect.Method.invoke(Method.java:580)
	at org.springframework.web.method.support.InvocableHandlerMethod.doInvoke(InvocableHandlerMethod.java:258)
	at org.springframework.web.method.support.InvocableHandlerMethod.invokeForRequest(InvocableHandlerMethod.java:191)
	at org.springframework.web.servlet.mvc.method.annotation.ServletInvocableHandlerMethod.invokeAndHandle(ServletInvocableHandlerMethod.java:118)
	at org.springframework.web.servlet.mvc.method.annotation.RequestMappingHandlerAdapter.invokeHandlerMethod(RequestMappingHandlerAdapter.java:991)
	at org.springframework.web.servlet.mvc.method.annotation.RequestMappingHandlerAdapter.handleInternal(RequestMappingHandlerAdapter.java:896)
	at org.springframework.web.servlet.mvc.method.AbstractHandlerMethodAdapter.handle(AbstractHandlerMethodAdapter.java:87)
	at org.springframework.web.servlet.DispatcherServlet.doDispatch(DispatcherServlet.java:1089)
	at org.springframework.web.servlet.DispatcherServlet.doService(DispatcherServlet.java:979)
	at org.springframework.web.servlet.FrameworkServlet.processRequest(FrameworkServlet.java:1014)
	at org.springframework.web.servlet.FrameworkServlet.doGet(FrameworkServlet.java:903)
	at jakarta.servlet.http.HttpServlet.service(HttpServlet.java:564)
	at org.springframework.web.servlet.FrameworkServlet.service(FrameworkServlet.java:885)
	at jakarta.servlet.http.HttpServlet.service(HttpServlet.java:658)
	at org.apache.catalina.core.ApplicationFilterChain.internalDoFilter(ApplicationFilterChain.java:195)
	at org.apache.catalina.core.ApplicationFilterChain.doFilter(ApplicationFilterChain.java:140)
	at org.apache.tomcat.websocket.server.WsFilter.doFilter(WsFilter.java:51)
	at org.apache.catalina.core.ApplicationFilterChain.internalDoFilter(ApplicationFilterChain.java:164)
	at org.apache.catalina.core.ApplicationFilterChain.doFilter(ApplicationFilterChain.java:140)
	at com.restDemo.tenant.TenantFilter.doFilterInternal(TenantFilter.java:32)
	at org.springframework.web.filter.OncePerRequestFilter.doFilter(OncePerRequestFilter.java:116)
	at org.apache.catalina.core.ApplicationFilterChain.internalDoFilter(ApplicationFilterChain.java:164)
	at org.apache.catalina.core.ApplicationFilterChain.doFilter(ApplicationFilterChain.java:140)
	at org.springframework.web.filter.CompositeFilter$VirtualFilterChain.doFilter(CompositeFilter.java:108)
	at org.springframework.web.filter.CompositeFilter$VirtualFilterChain.doFilter(CompositeFilter.java:108)
	at org.springframework.security.web.FilterChainProxy.lambda$doFilterInternal$3(FilterChainProxy.java:231)
	at org.springframework.security.web.FilterChainProxy$VirtualFilterChain.doFilter(FilterChainProxy.java:365)
	at org.springframework.security.web.access.intercept.AuthorizationFilter.doFilter(AuthorizationFilter.java:101)
	at org.springframework.security.web.FilterChainProxy$VirtualFilterChain.doFilter(FilterChainProxy.java:374)
	at org.springframework.security.web.access.ExceptionTranslationFilter.doFilter(ExceptionTranslationFilter.java:125)
	at org.springframework.security.web.access.ExceptionTranslationFilter.doFilter(ExceptionTranslationFilter.java:119)
	at org.springframework.security.web.FilterChainProxy$VirtualFilterChain.doFilter(FilterChainProxy.java:374)
	at org.springframework.security.web.authentication.AnonymousAuthenticationFilter.doFilter(AnonymousAuthenticationFilter.java:100)
	at org.springframework.security.web.FilterChainProxy$VirtualFilterChain.doFilter(FilterChainProxy.java:374)
	at org.springframework.security.web.servletapi.SecurityContextHolderAwareRequestFilter.doFilter(SecurityContextHolderAwareRequestFilter.java:179)
	at org.springframework.security.web.FilterChainProxy$VirtualFilterChain.doFilter(FilterChainProxy.java:374)
	at org.springframework.security.web.savedrequest.RequestCacheAwareFilter.doFilter(RequestCacheAwareFilter.java:63)
	at org.springframework.security.web.FilterChainProxy$VirtualFilterChain.doFilter(FilterChainProxy.java:374)
	at org.springframework.security.web.authentication.logout.LogoutFilter.doFilter(LogoutFilter.java:107)
	at org.springframework.security.web.authentication.logout.LogoutFilter.doFilter(LogoutFilter.java:93)
	at org.springframework.security.web.FilterChainProxy$VirtualFilterChain.doFilter(FilterChainProxy.java:374)
	at org.springframework.security.web.header.HeaderWriterFilter.doHeadersAfter(HeaderWriterFilter.java:90)
	at org.springframework.security.web.header.HeaderWriterFilter.doFilterInternal(HeaderWriterFilter.java:75)
	at org.springframework.web.filter.OncePerRequestFilter.doFilter(OncePerRequestFilter.java:116)
	at org.springframework.security.web.FilterChainProxy$VirtualFilterChain.doFilter(FilterChainProxy.java:374)
	at org.springframework.security.web.context.SecurityContextHolderFilter.doFilter(SecurityContextHolderFilter.java:82)
	at org.springframework.security.web.context.SecurityContextHolderFilter.doFilter(SecurityContextHolderFilter.java:69)
	at org.springframework.security.web.FilterChainProxy$VirtualFilterChain.doFilter(FilterChainProxy.java:374)
	at org.springframework.security.web.context.request.async.WebAsyncManagerIntegrationFilter.doFilterInternal(WebAsyncManagerIntegrationFilter.java:62)
	at org.springframework.web.filter.OncePerRequestFilter.doFilter(OncePerRequestFilter.java:116)
	at org.springframework.security.web.FilterChainProxy$VirtualFilterChain.doFilter(FilterChainProxy.java:374)
	at org.springframework.security.web.session.DisableEncodeUrlFilter.doFilterInternal(DisableEncodeUrlFilter.java:42)
	at org.springframework.web.filter.OncePerRequestFilter.doFilter(OncePerRequestFilter.java:116)
	at org.springframework.security.web.FilterChainProxy$VirtualFilterChain.doFilter(FilterChainProxy.java:374)
	at org.springframework.security.web.FilterChainProxy.doFilterInternal(FilterChainProxy.java:233)
	at org.springframework.security.web.FilterChainProxy.doFilter(FilterChainProxy.java:191)
	at org.springframework.web.filter.CompositeFilter$VirtualFilterChain.doFilter(CompositeFilter.java:113)
	at org.springframework.web.filter.ServletRequestPathFilter.doFilter(ServletRequestPathFilter.java:52)
	at org.springframework.web.filter.CompositeFilter$VirtualFilterChain.doFilter(CompositeFilter.java:113)
	at org.springframework.web.filter.CompositeFilter.doFilter(CompositeFilter.java:74)
	at org.springframework.security.config.annotation.web.configuration.WebSecurityConfiguration$CompositeFilterChainProxy.doFilter(WebSecurityConfiguration.java:319)
	at org.springframework.web.filter.CompositeFilter$VirtualFilterChain.doFilter(CompositeFilter.java:113)
	at org.springframework.web.servlet.handler.HandlerMappingIntrospector.lambda$createCacheFilter$4(HandlerMappingIntrospector.java:267)
	at org.springframework.web.filter.CompositeFilter$VirtualFilterChain.doFilter(CompositeFilter.java:113)
	at org.springframework.web.filter.CompositeFilter.doFilter(CompositeFilter.java:74)
	at org.springframework.security.config.annotation.web.configuration.WebMvcSecurityConfiguration$CompositeFilterChainProxy.doFilter(WebMvcSecurityConfiguration.java:240)
	at org.springframework.web.filter.DelegatingFilterProxy.invokeDelegate(DelegatingFilterProxy.java:362)
	at org.springframework.web.filter.DelegatingFilterProxy.doFilter(DelegatingFilterProxy.java:278)
	at org.apache.catalina.core.ApplicationFilterChain.internalDoFilter(ApplicationFilterChain.java:164)
	at org.apache.catalina.core.ApplicationFilterChain.doFilter(ApplicationFilterChain.java:140)
	at org.springframework.web.filter.RequestContextFilter.doFilterInternal(RequestContextFilter.java:100)
	at org.springframework.web.filter.OncePerRequestFilter.doFilter(OncePerRequestFilter.java:116)
	at org.apache.catalina.core.ApplicationFilterChain.internalDoFilter(ApplicationFilterChain.java:164)
	at org.apache.catalina.core.ApplicationFilterChain.doFilter(ApplicationFilterChain.java:140)
	at org.springframework.web.filter.FormContentFilter.doFilterInternal(FormContentFilter.java:93)
	at org.springframework.web.filter.OncePerRequestFilter.doFilter(OncePerRequestFilter.java:116)
	at org.apache.catalina.core.ApplicationFilterChain.internalDoFilter(ApplicationFilterChain.java:164)
	at org.apache.catalina.core.ApplicationFilterChain.doFilter(ApplicationFilterChain.java:140)
	at org.springframework.web.filter.CharacterEncodingFilter.doFilterInternal(CharacterEncodingFilter.java:201)
	at org.springframework.web.filter.OncePerRequestFilter.doFilter(OncePerRequestFilter.java:116)
	at org.apache.catalina.core.ApplicationFilterChain.internalDoFilter(ApplicationFilterChain.java:164)
	at org.apache.catalina.core.ApplicationFilterChain.doFilter(ApplicationFilterChain.java:140)
	at org.apache.catalina.core.StandardWrapperValve.invoke(StandardWrapperValve.java:167)
	at org.apache.catalina.core.StandardContextValve.invoke(StandardContextValve.java:90)
	at org.apache.catalina.authenticator.AuthenticatorBase.invoke(AuthenticatorBase.java:483)
	at org.apache.catalina.core.StandardHostValve.invoke(StandardHostValve.java:116)
	at org.apache.catalina.valves.ErrorReportValve.invoke(ErrorReportValve.java:93)
	at org.apache.catalina.core.StandardEngineValve.invoke(StandardEngineValve.java:74)
	at org.apache.catalina.connector.CoyoteAdapter.service(CoyoteAdapter.java:344)
	at org.apache.coyote.http11.Http11Processor.service(Http11Processor.java:398)
	at org.apache.coyote.AbstractProcessorLight.process(AbstractProcessorLight.java:63)
	at org.apache.coyote.AbstractProtocol$ConnectionHandler.process(AbstractProtocol.java:903)
	at org.apache.tomcat.util.net.NioEndpoint$SocketProcessor.doRun(NioEndpoint.java:1776)
	at org.apache.tomcat.util.net.SocketProcessorBase.run(SocketProcessorBase.java:52)
	at org.apache.tomcat.util.threads.ThreadPoolExecutor.runWorker(ThreadPoolExecutor.java:975)
	at org.apache.tomcat.util.threads.ThreadPoolExecutor$Worker.run(ThreadPoolExecutor.java:493)
	at org.apache.tomcat.util.threads.TaskThread$WrappingRunnable.run(TaskThread.java:63)
	at java.base/java.lang.Thread.run(Thread.java:1575)
2026-07-19 13:14:17                      [restDemo]                      [http-nio-8001-exec-7]                      WARN                       o.s.w.s.m.m.a.ExceptionHandlerExceptionResolver                      - Resolved [org.springframework.jdbc.BadSqlGrammarException: StatementCallback; bad SQL grammar [SELECT * FROM users]]
2026-07-19 13:14:40                      [restDemo]                      [http-nio-8001-exec-8]                      ERROR                      c.r.a.GlobalExceptionHandler                      - Exception while processing request
java.sql.SQLSyntaxErrorException: Table 'mysql.users' doesn't exist
	at com.mysql.cj.jdbc.exceptions.SQLError.createSQLException(SQLError.java:112)
	at com.mysql.cj.jdbc.exceptions.SQLExceptionsMapping.translateException(SQLExceptionsMapping.java:114)
	at com.mysql.cj.jdbc.StatementImpl.executeQuery(StatementImpl.java:1311)
	at com.zaxxer.hikari.pool.ProxyStatement.executeQuery(ProxyStatement.java:111)
	at com.zaxxer.hikari.pool.HikariProxyStatement.executeQuery(HikariProxyStatement.java)
	at org.springframework.jdbc.core.JdbcTemplate$1QueryStatementCallback.doInStatement(JdbcTemplate.java:463)
	at org.springframework.jdbc.core.JdbcTemplate.execute(JdbcTemplate.java:393)
	at org.springframework.jdbc.core.JdbcTemplate.query(JdbcTemplate.java:476)
	at org.springframework.jdbc.core.JdbcTemplate.query(JdbcTemplate.java:486)
	at com.restDemo.repositoryImpl.UserRepositoryImpl.getUsers(UserRepositoryImpl.java:19)
	at com.restDemo.service.UserService.getAllUserDTO(UserService.java:82)
	at java.base/jdk.internal.reflect.DirectMethodHandleAccessor.invoke(DirectMethodHandleAccessor.java:103)
	at java.base/java.lang.reflect.Method.invoke(Method.java:580)
	at org.springframework.aop.support.AopUtils.invokeJoinpointUsingReflection(AopUtils.java:360)
	at org.springframework.aop.framework.CglibAopProxy$DynamicAdvisedInterceptor.intercept(CglibAopProxy.java:724)
	at com.restDemo.service.UserService$$SpringCGLIB$$0.getAllUserDTO(<generated>)
	at com.restDemo.controller.UserController.getAllUsersDTO(UserController.java:66)
	at java.base/jdk.internal.reflect.DirectMethodHandleAccessor.invoke(DirectMethodHandleAccessor.java:103)
	at java.base/java.lang.reflect.Method.invoke(Method.java:580)
	at org.springframework.web.method.support.InvocableHandlerMethod.doInvoke(InvocableHandlerMethod.java:258)
	at org.springframework.web.method.support.InvocableHandlerMethod.invokeForRequest(InvocableHandlerMethod.java:191)
	at org.springframework.web.servlet.mvc.method.annotation.ServletInvocableHandlerMethod.invokeAndHandle(ServletInvocableHandlerMethod.java:118)
	at org.springframework.web.servlet.mvc.method.annotation.RequestMappingHandlerAdapter.invokeHandlerMethod(RequestMappingHandlerAdapter.java:991)
	at org.springframework.web.servlet.mvc.method.annotation.RequestMappingHandlerAdapter.handleInternal(RequestMappingHandlerAdapter.java:896)
	at org.springframework.web.servlet.mvc.method.AbstractHandlerMethodAdapter.handle(AbstractHandlerMethodAdapter.java:87)
	at org.springframework.web.servlet.DispatcherServlet.doDispatch(DispatcherServlet.java:1089)
	at org.springframework.web.servlet.DispatcherServlet.doService(DispatcherServlet.java:979)
	at org.springframework.web.servlet.FrameworkServlet.processRequest(FrameworkServlet.java:1014)
	at org.springframework.web.servlet.FrameworkServlet.doGet(FrameworkServlet.java:903)
	at jakarta.servlet.http.HttpServlet.service(HttpServlet.java:564)
	at org.springframework.web.servlet.FrameworkServlet.service(FrameworkServlet.java:885)
	at jakarta.servlet.http.HttpServlet.service(HttpServlet.java:658)
	at org.apache.catalina.core.ApplicationFilterChain.internalDoFilter(ApplicationFilterChain.java:195)
	at org.apache.catalina.core.ApplicationFilterChain.doFilter(ApplicationFilterChain.java:140)
	at org.apache.tomcat.websocket.server.WsFilter.doFilter(WsFilter.java:51)
	at org.apache.catalina.core.ApplicationFilterChain.internalDoFilter(ApplicationFilterChain.java:164)
	at org.apache.catalina.core.ApplicationFilterChain.doFilter(ApplicationFilterChain.java:140)
	at com.restDemo.tenant.TenantFilter.doFilterInternal(TenantFilter.java:32)
	at org.springframework.web.filter.OncePerRequestFilter.doFilter(OncePerRequestFilter.java:116)
	at org.apache.catalina.core.ApplicationFilterChain.internalDoFilter(ApplicationFilterChain.java:164)
	at org.apache.catalina.core.ApplicationFilterChain.doFilter(ApplicationFilterChain.java:140)
	at org.springframework.web.filter.CompositeFilter$VirtualFilterChain.doFilter(CompositeFilter.java:108)
	at org.springframework.web.filter.CompositeFilter$VirtualFilterChain.doFilter(CompositeFilter.java:108)
	at org.springframework.security.web.FilterChainProxy.lambda$doFilterInternal$3(FilterChainProxy.java:231)
	at org.springframework.security.web.FilterChainProxy$VirtualFilterChain.doFilter(FilterChainProxy.java:365)
	at org.springframework.security.web.access.intercept.AuthorizationFilter.doFilter(AuthorizationFilter.java:101)
	at org.springframework.security.web.FilterChainProxy$VirtualFilterChain.doFilter(FilterChainProxy.java:374)
	at org.springframework.security.web.access.ExceptionTranslationFilter.doFilter(ExceptionTranslationFilter.java:125)
	at org.springframework.security.web.access.ExceptionTranslationFilter.doFilter(ExceptionTranslationFilter.java:119)
	at org.springframework.security.web.FilterChainProxy$VirtualFilterChain.doFilter(FilterChainProxy.java:374)
	at org.springframework.security.web.authentication.AnonymousAuthenticationFilter.doFilter(AnonymousAuthenticationFilter.java:100)
	at org.springframework.security.web.FilterChainProxy$VirtualFilterChain.doFilter(FilterChainProxy.java:374)
	at org.springframework.security.web.servletapi.SecurityContextHolderAwareRequestFilter.doFilter(SecurityContextHolderAwareRequestFilter.java:179)
	at org.springframework.security.web.FilterChainProxy$VirtualFilterChain.doFilter(FilterChainProxy.java:374)
	at org.springframework.security.web.savedrequest.RequestCacheAwareFilter.doFilter(RequestCacheAwareFilter.java:63)
	at org.springframework.security.web.FilterChainProxy$VirtualFilterChain.doFilter(FilterChainProxy.java:374)
	at org.springframework.security.web.authentication.logout.LogoutFilter.doFilter(LogoutFilter.java:107)
	at org.springframework.security.web.authentication.logout.LogoutFilter.doFilter(LogoutFilter.java:93)
	at org.springframework.security.web.FilterChainProxy$VirtualFilterChain.doFilter(FilterChainProxy.java:374)
	at org.springframework.security.web.header.HeaderWriterFilter.doHeadersAfter(HeaderWriterFilter.java:90)
	at org.springframework.security.web.header.HeaderWriterFilter.doFilterInternal(HeaderWriterFilter.java:75)
	at org.springframework.web.filter.OncePerRequestFilter.doFilter(OncePerRequestFilter.java:116)
	at org.springframework.security.web.FilterChainProxy$VirtualFilterChain.doFilter(FilterChainProxy.java:374)
	at org.springframework.security.web.context.SecurityContextHolderFilter.doFilter(SecurityContextHolderFilter.java:82)
	at org.springframework.security.web.context.SecurityContextHolderFilter.doFilter(SecurityContextHolderFilter.java:69)
	at org.springframework.security.web.FilterChainProxy$VirtualFilterChain.doFilter(FilterChainProxy.java:374)
	at org.springframework.security.web.context.request.async.WebAsyncManagerIntegrationFilter.doFilterInternal(WebAsyncManagerIntegrationFilter.java:62)
	at org.springframework.web.filter.OncePerRequestFilter.doFilter(OncePerRequestFilter.java:116)
	at org.springframework.security.web.FilterChainProxy$VirtualFilterChain.doFilter(FilterChainProxy.java:374)
	at org.springframework.security.web.session.DisableEncodeUrlFilter.doFilterInternal(DisableEncodeUrlFilter.java:42)
	at org.springframework.web.filter.OncePerRequestFilter.doFilter(OncePerRequestFilter.java:116)
	at org.springframework.security.web.FilterChainProxy$VirtualFilterChain.doFilter(FilterChainProxy.java:374)
	at org.springframework.security.web.FilterChainProxy.doFilterInternal(FilterChainProxy.java:233)
	at org.springframework.security.web.FilterChainProxy.doFilter(FilterChainProxy.java:191)
	at org.springframework.web.filter.CompositeFilter$VirtualFilterChain.doFilter(CompositeFilter.java:113)
	at org.springframework.web.filter.ServletRequestPathFilter.doFilter(ServletRequestPathFilter.java:52)
	at org.springframework.web.filter.CompositeFilter$VirtualFilterChain.doFilter(CompositeFilter.java:113)
	at org.springframework.web.filter.CompositeFilter.doFilter(CompositeFilter.java:74)
	at org.springframework.security.config.annotation.web.configuration.WebSecurityConfiguration$CompositeFilterChainProxy.doFilter(WebSecurityConfiguration.java:319)
	at org.springframework.web.filter.CompositeFilter$VirtualFilterChain.doFilter(CompositeFilter.java:113)
	at org.springframework.web.servlet.handler.HandlerMappingIntrospector.lambda$createCacheFilter$4(HandlerMappingIntrospector.java:267)
	at org.springframework.web.filter.CompositeFilter$VirtualFilterChain.doFilter(CompositeFilter.java:113)
	at org.springframework.web.filter.CompositeFilter.doFilter(CompositeFilter.java:74)
	at org.springframework.security.config.annotation.web.configuration.WebMvcSecurityConfiguration$CompositeFilterChainProxy.doFilter(WebMvcSecurityConfiguration.java:240)
	at org.springframework.web.filter.DelegatingFilterProxy.invokeDelegate(DelegatingFilterProxy.java:362)
	at org.springframework.web.filter.DelegatingFilterProxy.doFilter(DelegatingFilterProxy.java:278)
	at org.apache.catalina.core.ApplicationFilterChain.internalDoFilter(ApplicationFilterChain.java:164)
	at org.apache.catalina.core.ApplicationFilterChain.doFilter(ApplicationFilterChain.java:140)
	at org.springframework.web.filter.RequestContextFilter.doFilterInternal(RequestContextFilter.java:100)
	at org.springframework.web.filter.OncePerRequestFilter.doFilter(OncePerRequestFilter.java:116)
	at org.apache.catalina.core.ApplicationFilterChain.internalDoFilter(ApplicationFilterChain.java:164)
	at org.apache.catalina.core.ApplicationFilterChain.doFilter(ApplicationFilterChain.java:140)
	at org.springframework.web.filter.FormContentFilter.doFilterInternal(FormContentFilter.java:93)
	at org.springframework.web.filter.OncePerRequestFilter.doFilter(OncePerRequestFilter.java:116)
	at org.apache.catalina.core.ApplicationFilterChain.internalDoFilter(ApplicationFilterChain.java:164)
	at org.apache.catalina.core.ApplicationFilterChain.doFilter(ApplicationFilterChain.java:140)
	at org.springframework.web.filter.CharacterEncodingFilter.doFilterInternal(CharacterEncodingFilter.java:201)
	at org.springframework.web.filter.OncePerRequestFilter.doFilter(OncePerRequestFilter.java:116)
	at org.apache.catalina.core.ApplicationFilterChain.internalDoFilter(ApplicationFilterChain.java:164)
	at org.apache.catalina.core.ApplicationFilterChain.doFilter(ApplicationFilterChain.java:140)
	at org.apache.catalina.core.StandardWrapperValve.invoke(StandardWrapperValve.java:167)
	at org.apache.catalina.core.StandardContextValve.invoke(StandardContextValve.java:90)
	at org.apache.catalina.authenticator.AuthenticatorBase.invoke(AuthenticatorBase.java:483)
	at org.apache.catalina.core.StandardHostValve.invoke(StandardHostValve.java:116)
	at org.apache.catalina.valves.ErrorReportValve.invoke(ErrorReportValve.java:93)
	at org.apache.catalina.core.StandardEngineValve.invoke(StandardEngineValve.java:74)
	at org.apache.catalina.connector.CoyoteAdapter.service(CoyoteAdapter.java:344)
	at org.apache.coyote.http11.Http11Processor.service(Http11Processor.java:398)
	at org.apache.coyote.AbstractProcessorLight.process(AbstractProcessorLight.java:63)
	at org.apache.coyote.AbstractProtocol$ConnectionHandler.process(AbstractProtocol.java:903)
	at org.apache.tomcat.util.net.NioEndpoint$SocketProcessor.doRun(NioEndpoint.java:1776)
	at org.apache.tomcat.util.net.SocketProcessorBase.run(SocketProcessorBase.java:52)
	at org.apache.tomcat.util.threads.ThreadPoolExecutor.runWorker(ThreadPoolExecutor.java:975)
	at org.apache.tomcat.util.threads.ThreadPoolExecutor$Worker.run(ThreadPoolExecutor.java:493)
	at org.apache.tomcat.util.threads.TaskThread$WrappingRunnable.run(TaskThread.java:63)
	at java.base/java.lang.Thread.run(Thread.java:1575)
2026-07-19 13:14:40                      [restDemo]                      [http-nio-8001-exec-8]                      WARN                       o.s.w.s.m.m.a.ExceptionHandlerExceptionResolver                      - Resolved [org.springframework.jdbc.BadSqlGrammarException: StatementCallback; bad SQL grammar [SELECT * FROM users]]
2026-07-19 13:19:21                      [restDemo]                      [SpringApplicationShutdownHook]                      INFO                       o.s.b.w.e.tomcat.GracefulShutdown                      - Commencing graceful shutdown. Waiting for active requests to complete
2026-07-19 13:19:21                      [restDemo]                      [tomcat-shutdown]                      INFO                       o.s.b.w.e.tomcat.GracefulShutdown                      - Graceful shutdown complete
2026-07-19 13:19:21                      [restDemo]                      [SpringApplicationShutdownHook]                      INFO                       o.s.o.j.LocalContainerEntityManagerFactoryBean                      - Closing JPA EntityManagerFactory for persistence unit 'default'
2026-07-19 13:19:21                      [restDemo]                      [SpringApplicationShutdownHook]                      INFO                       com.zaxxer.hikari.HikariDataSource                      - HikariPool-1 - Shutdown initiated...
2026-07-19 13:19:21                      [restDemo]                      [SpringApplicationShutdownHook]                      INFO                       com.zaxxer.hikari.HikariDataSource                      - HikariPool-1 - Shutdown completed.
2026-07-19 13:19:29                      [restDemo]                      [background-preinit]                      INFO                       o.h.validator.internal.util.Version                      - HV000001: Hibernate Validator 8.0.3.Final
2026-07-19 13:19:29                      [restDemo]                      [restartedMain]                      INFO                       com.restDemo.RestDemoApplication                      - Starting RestDemoApplication using Java 23.0.1 with PID 19748 (D:\Spring Boot\Spring boot Projects\restDemo\target\classes started by Zahir in D:\Spring Boot\Spring boot Projects\restDemo)
2026-07-19 13:19:29                      [restDemo]                      [restartedMain]                      INFO                       com.restDemo.RestDemoApplication                      - No active profile set, falling back to 1 default profile: "default"
2026-07-19 13:19:30                      [restDemo]                      [restartedMain]                      INFO                       o.s.b.d.e.DevToolsPropertyDefaultsPostProcessor                      - Devtools property defaults active! Set 'spring.devtools.add-properties' to 'false' to disable
2026-07-19 13:19:30                      [restDemo]                      [restartedMain]                      INFO                       o.s.b.d.e.DevToolsPropertyDefaultsPostProcessor                      - For additional web related logging consider setting the 'logging.level.web' property to 'DEBUG'
2026-07-19 13:19:33                      [restDemo]                      [restartedMain]                      INFO                       o.s.d.r.c.RepositoryConfigurationDelegate                      - Bootstrapping Spring Data JPA repositories in DEFAULT mode.
2026-07-19 13:19:33                      [restDemo]                      [restartedMain]                      INFO                       o.s.d.r.c.RepositoryConfigurationDelegate                      - Finished Spring Data repository scanning in 267 ms. Found 1 JPA repository interface.
2026-07-19 13:19:35                      [restDemo]                      [restartedMain]                      INFO                       o.s.b.w.e.tomcat.TomcatWebServer                      - Tomcat initialized with port 8001 (http)
2026-07-19 13:19:35                      [restDemo]                      [restartedMain]                      INFO                       o.a.coyote.http11.Http11NioProtocol                      - Initializing ProtocolHandler ["http-nio-8001"]
2026-07-19 13:19:35                      [restDemo]                      [restartedMain]                      INFO                       o.a.catalina.core.StandardService                      - Starting service [Tomcat]
2026-07-19 13:19:35                      [restDemo]                      [restartedMain]                      INFO                       o.a.catalina.core.StandardEngine                      - Starting Servlet engine: [Apache Tomcat/10.1.46]
2026-07-19 13:19:36                      [restDemo]                      [restartedMain]                      INFO                       o.a.c.c.C.[Tomcat].[localhost].[/]                      - Initializing Spring embedded WebApplicationContext
2026-07-19 13:19:36                      [restDemo]                      [restartedMain]                      INFO                       o.s.b.w.s.c.ServletWebServerApplicationContext                      - Root WebApplicationContext: initialization completed in 5921 ms
2026-07-19 13:19:36                      [restDemo]                      [restartedMain]                      INFO                       o.h.jpa.internal.util.LogHelper                      - HHH000204: Processing PersistenceUnitInfo [name: default]
2026-07-19 13:19:36                      [restDemo]                      [restartedMain]                      INFO                       org.hibernate.Version                      - HHH000412: Hibernate ORM core version 6.6.29.Final
2026-07-19 13:19:37                      [restDemo]                      [restartedMain]                      INFO                       o.h.c.i.RegionFactoryInitiator                      - HHH000026: Second-level cache disabled
2026-07-19 13:19:37                      [restDemo]                      [restartedMain]                      INFO                       o.s.o.j.p.SpringPersistenceUnitInfo                      - No LoadTimeWeaver setup: ignoring JPA class transformer
2026-07-19 13:19:37                      [restDemo]                      [restartedMain]                      INFO                       com.zaxxer.hikari.HikariDataSource                      - HikariPool-1 - Starting...
2026-07-19 13:19:38                      [restDemo]                      [restartedMain]                      INFO                       com.zaxxer.hikari.pool.HikariPool                      - HikariPool-1 - Added connection com.mysql.cj.jdbc.ConnectionImpl@6e85456f
2026-07-19 13:19:38                      [restDemo]                      [restartedMain]                      INFO                       com.zaxxer.hikari.HikariDataSource                      - HikariPool-1 - Start completed.
2026-07-19 13:19:38                      [restDemo]                      [restartedMain]                      WARN                       org.hibernate.orm.deprecation                      - HHH90000025: MySQLDialect does not need to be specified explicitly using 'hibernate.dialect' (remove the property setting and it will be selected by default)
2026-07-19 13:19:38                      [restDemo]                      [restartedMain]                      INFO                       o.hibernate.orm.connections.pooling                      - HHH10001005: Database info:
	Database JDBC URL [undefined/unknown]
	Database driver: undefined/unknown
	Database version: 8.0.34
	Autocommit mode: undefined/unknown
	Isolation level: undefined/unknown
	Minimum pool size: undefined/unknown
	Maximum pool size: undefined/unknown
2026-07-19 13:19:40                      [restDemo]                      [restartedMain]                      INFO                       o.h.e.t.j.p.i.JtaPlatformInitiator                      - HHH000489: No JTA platform available (set 'hibernate.transaction.jta.platform' to enable JTA platform integration)
2026-07-19 13:19:40                      [restDemo]                      [restartedMain]                      INFO                       o.s.o.j.LocalContainerEntityManagerFactoryBean                      - Initialized JPA EntityManagerFactory for persistence unit 'default'
2026-07-19 13:19:46                      [restDemo]                      [restartedMain]                      WARN                       o.s.b.a.o.j.JpaBaseConfiguration$JpaWebConfiguration                      - spring.jpa.open-in-view is enabled by default. Therefore, database queries may be performed during view rendering. Explicitly configure spring.jpa.open-in-view to disable this warning
2026-07-19 13:19:47                      [restDemo]                      [restartedMain]                      WARN                       o.s.b.a.s.s.UserDetailsServiceAutoConfiguration                      - 

Using generated security password: 0b5ba2f3-069c-4bc5-8c79-552997122744

This generated password is for development use only. Your security configuration must be updated before running your application in production.

2026-07-19 13:19:47                      [restDemo]                      [restartedMain]                      INFO                       o.s.s.c.a.a.c.InitializeUserDetailsBeanManagerConfigurer$InitializeUserDetailsManagerConfigurer                      - Global AuthenticationManager configured with UserDetailsService bean with name inMemoryUserDetailsManager
2026-07-19 13:19:50                      [restDemo]                      [restartedMain]                      INFO                       o.s.b.d.a.OptionalLiveReloadServer                      - LiveReload server is running on port 35729
2026-07-19 13:19:50                      [restDemo]                      [restartedMain]                      INFO                       o.a.coyote.http11.Http11NioProtocol                      - Starting ProtocolHandler ["http-nio-8001"]
2026-07-19 13:19:50                      [restDemo]                      [restartedMain]                      INFO                       o.s.b.w.e.tomcat.TomcatWebServer                      - Tomcat started on port 8001 (http) with context path '/'
2026-07-19 13:19:50                      [restDemo]                      [restartedMain]                      INFO                       com.restDemo.RestDemoApplication                      - Started RestDemoApplication in 22.092 seconds (process running for 23.852)
2026-07-19 13:19:52                      [restDemo]                      [http-nio-8001-exec-2]                      INFO                       o.a.c.c.C.[Tomcat].[localhost].[/]                      - Initializing Spring DispatcherServlet 'dispatcherServlet'
2026-07-19 13:19:52                      [restDemo]                      [http-nio-8001-exec-2]                      INFO                       o.s.web.servlet.DispatcherServlet                      - Initializing Servlet 'dispatcherServlet'
2026-07-19 13:19:52                      [restDemo]                      [http-nio-8001-exec-2]                      INFO                       o.s.web.servlet.DispatcherServlet                      - Completed initialization in 0 ms
2026-07-19 13:19:58                      [restDemo]                      [http-nio-8001-exec-2]                      INFO                       com.restDemo.service.UserService                      - ERROR WHILE GETTING
2026-07-19 13:21:05                      [restDemo]                      [HikariPool-1:housekeeper]                      WARN                       com.zaxxer.hikari.pool.HikariPool                      - HikariPool-1 - Thread starvation or clock leap detected (housekeeper delta=56s650ms345µs300ns).
2026-07-19 13:21:05                      [restDemo]                      [http-nio-8001-exec-4]                      INFO                       com.restDemo.service.UserService                      - ERROR WHILE GETTING
2026-07-19 13:21:05                      [restDemo]                      [SpringApplicationShutdownHook]                      INFO                       o.s.b.w.e.tomcat.GracefulShutdown                      - Commencing graceful shutdown. Waiting for active requests to complete
2026-07-19 13:21:05                      [restDemo]                      [tomcat-shutdown]                      INFO                       o.s.b.w.e.tomcat.GracefulShutdown                      - Graceful shutdown complete
2026-07-19 13:21:05                      [restDemo]                      [SpringApplicationShutdownHook]                      INFO                       o.s.o.j.LocalContainerEntityManagerFactoryBean                      - Closing JPA EntityManagerFactory for persistence unit 'default'
2026-07-19 13:21:05                      [restDemo]                      [SpringApplicationShutdownHook]                      INFO                       com.zaxxer.hikari.HikariDataSource                      - HikariPool-1 - Shutdown initiated...
2026-07-19 13:21:05                      [restDemo]                      [SpringApplicationShutdownHook]                      INFO                       com.zaxxer.hikari.HikariDataSource                      - HikariPool-1 - Shutdown completed.
2026-07-19 13:21:13                      [restDemo]                      [background-preinit]                      INFO                       o.h.validator.internal.util.Version                      - HV000001: Hibernate Validator 8.0.3.Final
2026-07-19 13:21:14                      [restDemo]                      [restartedMain]                      INFO                       com.restDemo.RestDemoApplication                      - Starting RestDemoApplication using Java 23.0.1 with PID 16832 (D:\Spring Boot\Spring boot Projects\restDemo\target\classes started by Zahir in D:\Spring Boot\Spring boot Projects\restDemo)
2026-07-19 13:21:14                      [restDemo]                      [restartedMain]                      INFO                       com.restDemo.RestDemoApplication                      - No active profile set, falling back to 1 default profile: "default"
2026-07-19 13:21:14                      [restDemo]                      [restartedMain]                      INFO                       o.s.b.d.e.DevToolsPropertyDefaultsPostProcessor                      - Devtools property defaults active! Set 'spring.devtools.add-properties' to 'false' to disable
2026-07-19 13:21:14                      [restDemo]                      [restartedMain]                      INFO                       o.s.b.d.e.DevToolsPropertyDefaultsPostProcessor                      - For additional web related logging consider setting the 'logging.level.web' property to 'DEBUG'
2026-07-19 13:21:16                      [restDemo]                      [restartedMain]                      INFO                       o.s.d.r.c.RepositoryConfigurationDelegate                      - Bootstrapping Spring Data JPA repositories in DEFAULT mode.
2026-07-19 13:21:16                      [restDemo]                      [restartedMain]                      INFO                       o.s.d.r.c.RepositoryConfigurationDelegate                      - Finished Spring Data repository scanning in 205 ms. Found 1 JPA repository interface.
2026-07-19 13:21:18                      [restDemo]                      [restartedMain]                      INFO                       o.s.b.w.e.tomcat.TomcatWebServer                      - Tomcat initialized with port 8001 (http)
2026-07-19 13:21:18                      [restDemo]                      [restartedMain]                      INFO                       o.a.coyote.http11.Http11NioProtocol                      - Initializing ProtocolHandler ["http-nio-8001"]
2026-07-19 13:21:18                      [restDemo]                      [restartedMain]                      INFO                       o.a.catalina.core.StandardService                      - Starting service [Tomcat]
2026-07-19 13:21:18                      [restDemo]                      [restartedMain]                      INFO                       o.a.catalina.core.StandardEngine                      - Starting Servlet engine: [Apache Tomcat/10.1.46]
2026-07-19 13:21:18                      [restDemo]                      [restartedMain]                      INFO                       o.a.c.c.C.[Tomcat].[localhost].[/]                      - Initializing Spring embedded WebApplicationContext
2026-07-19 13:21:18                      [restDemo]                      [restartedMain]                      INFO                       o.s.b.w.s.c.ServletWebServerApplicationContext                      - Root WebApplicationContext: initialization completed in 4726 ms
2026-07-19 13:21:19                      [restDemo]                      [restartedMain]                      INFO                       o.h.jpa.internal.util.LogHelper                      - HHH000204: Processing PersistenceUnitInfo [name: default]
2026-07-19 13:21:19                      [restDemo]                      [restartedMain]                      INFO                       org.hibernate.Version                      - HHH000412: Hibernate ORM core version 6.6.29.Final
2026-07-19 13:21:19                      [restDemo]                      [restartedMain]                      INFO                       o.h.c.i.RegionFactoryInitiator                      - HHH000026: Second-level cache disabled
2026-07-19 13:21:20                      [restDemo]                      [restartedMain]                      INFO                       o.s.o.j.p.SpringPersistenceUnitInfo                      - No LoadTimeWeaver setup: ignoring JPA class transformer
2026-07-19 13:21:20                      [restDemo]                      [restartedMain]                      INFO                       com.zaxxer.hikari.HikariDataSource                      - HikariPool-1 - Starting...
2026-07-19 13:21:21                      [restDemo]                      [restartedMain]                      INFO                       com.zaxxer.hikari.pool.HikariPool                      - HikariPool-1 - Added connection com.mysql.cj.jdbc.ConnectionImpl@74ed45fc
2026-07-19 13:21:21                      [restDemo]                      [restartedMain]                      INFO                       com.zaxxer.hikari.HikariDataSource                      - HikariPool-1 - Start completed.
2026-07-19 13:21:21                      [restDemo]                      [restartedMain]                      WARN                       org.hibernate.orm.deprecation                      - HHH90000025: MySQLDialect does not need to be specified explicitly using 'hibernate.dialect' (remove the property setting and it will be selected by default)
2026-07-19 13:21:21                      [restDemo]                      [restartedMain]                      INFO                       o.hibernate.orm.connections.pooling                      - HHH10001005: Database info:
	Database JDBC URL [undefined/unknown]
	Database driver: undefined/unknown
	Database version: 8.0.34
	Autocommit mode: undefined/unknown
	Isolation level: undefined/unknown
	Minimum pool size: undefined/unknown
	Maximum pool size: undefined/unknown
2026-07-19 13:21:23                      [restDemo]                      [restartedMain]                      INFO                       o.h.e.t.j.p.i.JtaPlatformInitiator                      - HHH000489: No JTA platform available (set 'hibernate.transaction.jta.platform' to enable JTA platform integration)
2026-07-19 13:21:24                      [restDemo]                      [restartedMain]                      INFO                       o.s.o.j.LocalContainerEntityManagerFactoryBean                      - Initialized JPA EntityManagerFactory for persistence unit 'default'
2026-07-19 13:21:27                      [restDemo]                      [restartedMain]                      WARN                       o.s.b.a.o.j.JpaBaseConfiguration$JpaWebConfiguration                      - spring.jpa.open-in-view is enabled by default. Therefore, database queries may be performed during view rendering. Explicitly configure spring.jpa.open-in-view to disable this warning
2026-07-19 13:21:28                      [restDemo]                      [restartedMain]                      WARN                       o.s.b.a.s.s.UserDetailsServiceAutoConfiguration                      - 

Using generated security password: 714869a1-87e4-4414-97a1-8969b50ca6f1

This generated password is for development use only. Your security configuration must be updated before running your application in production.

2026-07-19 13:21:28                      [restDemo]                      [restartedMain]                      INFO                       o.s.s.c.a.a.c.InitializeUserDetailsBeanManagerConfigurer$InitializeUserDetailsManagerConfigurer                      - Global AuthenticationManager configured with UserDetailsService bean with name inMemoryUserDetailsManager
2026-07-19 13:21:29                      [restDemo]                      [restartedMain]                      INFO                       o.s.b.d.a.OptionalLiveReloadServer                      - LiveReload server is running on port 35729
2026-07-19 13:21:29                      [restDemo]                      [restartedMain]                      INFO                       o.a.coyote.http11.Http11NioProtocol                      - Starting ProtocolHandler ["http-nio-8001"]
2026-07-19 13:21:29                      [restDemo]                      [restartedMain]                      INFO                       o.s.b.w.e.tomcat.TomcatWebServer                      - Tomcat started on port 8001 (http) with context path '/'
2026-07-19 13:21:30                      [restDemo]                      [restartedMain]                      INFO                       com.restDemo.RestDemoApplication                      - Started RestDemoApplication in 17.381 seconds (process running for 18.963)
2026-07-19 13:21:42                      [restDemo]                      [http-nio-8001-exec-3]                      INFO                       o.a.c.c.C.[Tomcat].[localhost].[/]                      - Initializing Spring DispatcherServlet 'dispatcherServlet'
2026-07-19 13:21:42                      [restDemo]                      [http-nio-8001-exec-3]                      INFO                       o.s.web.servlet.DispatcherServlet                      - Initializing Servlet 'dispatcherServlet'
2026-07-19 13:21:42                      [restDemo]                      [http-nio-8001-exec-3]                      INFO                       o.s.web.servlet.DispatcherServlet                      - Completed initialization in 2 ms
2026-07-19 13:22:15                      [restDemo]                      [http-nio-8001-exec-3]                      INFO                       com.restDemo.service.UserService                      - ERROR WHILE GETTING
2026-07-19 13:24:37                      [restDemo]                      [HikariPool-1:housekeeper]                      WARN                       com.zaxxer.hikari.pool.HikariPool                      - HikariPool-1 - Thread starvation or clock leap detected (housekeeper delta=2m36s8ms351µs).
2026-07-19 13:49:51                      [restDemo]                      [SpringApplicationShutdownHook]                      INFO                       o.s.b.w.e.tomcat.GracefulShutdown                      - Commencing graceful shutdown. Waiting for active requests to complete
2026-07-19 13:49:51                      [restDemo]                      [tomcat-shutdown]                      INFO                       o.s.b.w.e.tomcat.GracefulShutdown                      - Graceful shutdown complete
2026-07-19 13:49:51                      [restDemo]                      [SpringApplicationShutdownHook]                      INFO                       o.s.o.j.LocalContainerEntityManagerFactoryBean                      - Closing JPA EntityManagerFactory for persistence unit 'default'
2026-07-19 13:49:51                      [restDemo]                      [SpringApplicationShutdownHook]                      INFO                       com.zaxxer.hikari.HikariDataSource                      - HikariPool-1 - Shutdown initiated...
2026-07-19 13:49:51                      [restDemo]                      [SpringApplicationShutdownHook]                      INFO                       com.zaxxer.hikari.HikariDataSource                      - HikariPool-1 - Shutdown completed.
2026-07-19 13:49:58                      [restDemo]                      [background-preinit]                      INFO                       o.h.validator.internal.util.Version                      - HV000001: Hibernate Validator 8.0.3.Final
2026-07-19 13:49:58                      [restDemo]                      [restartedMain]                      INFO                       com.restDemo.RestDemoApplication                      - Starting RestDemoApplication using Java 23.0.1 with PID 12548 (D:\Spring Boot\Spring boot Projects\restDemo\target\classes started by Zahir in D:\Spring Boot\Spring boot Projects\restDemo)
2026-07-19 13:49:58                      [restDemo]                      [restartedMain]                      INFO                       com.restDemo.RestDemoApplication                      - No active profile set, falling back to 1 default profile: "default"
2026-07-19 13:49:58                      [restDemo]                      [restartedMain]                      INFO                       o.s.b.d.e.DevToolsPropertyDefaultsPostProcessor                      - Devtools property defaults active! Set 'spring.devtools.add-properties' to 'false' to disable
2026-07-19 13:49:58                      [restDemo]                      [restartedMain]                      INFO                       o.s.b.d.e.DevToolsPropertyDefaultsPostProcessor                      - For additional web related logging consider setting the 'logging.level.web' property to 'DEBUG'
2026-07-19 13:50:02                      [restDemo]                      [restartedMain]                      INFO                       o.s.d.r.c.RepositoryConfigurationDelegate                      - Bootstrapping Spring Data JPA repositories in DEFAULT mode.
2026-07-19 13:50:02                      [restDemo]                      [restartedMain]                      INFO                       o.s.d.r.c.RepositoryConfigurationDelegate                      - Finished Spring Data repository scanning in 278 ms. Found 1 JPA repository interface.
2026-07-19 13:50:05                      [restDemo]                      [restartedMain]                      INFO                       o.s.b.w.e.tomcat.TomcatWebServer                      - Tomcat initialized with port 8001 (http)
2026-07-19 13:50:05                      [restDemo]                      [restartedMain]                      INFO                       o.a.coyote.http11.Http11NioProtocol                      - Initializing ProtocolHandler ["http-nio-8001"]
2026-07-19 13:50:05                      [restDemo]                      [restartedMain]                      INFO                       o.a.catalina.core.StandardService                      - Starting service [Tomcat]
2026-07-19 13:50:05                      [restDemo]                      [restartedMain]                      INFO                       o.a.catalina.core.StandardEngine                      - Starting Servlet engine: [Apache Tomcat/10.1.46]
2026-07-19 13:50:05                      [restDemo]                      [restartedMain]                      INFO                       o.a.c.c.C.[Tomcat].[localhost].[/]                      - Initializing Spring embedded WebApplicationContext
2026-07-19 13:50:05                      [restDemo]                      [restartedMain]                      INFO                       o.s.b.w.s.c.ServletWebServerApplicationContext                      - Root WebApplicationContext: initialization completed in 6945 ms
2026-07-19 13:50:06                      [restDemo]                      [restartedMain]                      INFO                       o.h.jpa.internal.util.LogHelper                      - HHH000204: Processing PersistenceUnitInfo [name: default]
2026-07-19 13:50:07                      [restDemo]                      [restartedMain]                      INFO                       org.hibernate.Version                      - HHH000412: Hibernate ORM core version 6.6.29.Final
2026-07-19 13:50:07                      [restDemo]                      [restartedMain]                      INFO                       o.h.c.i.RegionFactoryInitiator                      - HHH000026: Second-level cache disabled
2026-07-19 13:50:08                      [restDemo]                      [restartedMain]                      INFO                       o.s.o.j.p.SpringPersistenceUnitInfo                      - No LoadTimeWeaver setup: ignoring JPA class transformer
2026-07-19 13:50:08                      [restDemo]                      [restartedMain]                      INFO                       com.zaxxer.hikari.HikariDataSource                      - HikariPool-1 - Starting...
2026-07-19 13:50:09                      [restDemo]                      [restartedMain]                      INFO                       com.zaxxer.hikari.pool.HikariPool                      - HikariPool-1 - Added connection com.mysql.cj.jdbc.ConnectionImpl@756c54ec
2026-07-19 13:50:09                      [restDemo]                      [restartedMain]                      INFO                       com.zaxxer.hikari.HikariDataSource                      - HikariPool-1 - Start completed.
2026-07-19 13:50:09                      [restDemo]                      [restartedMain]                      WARN                       org.hibernate.orm.deprecation                      - HHH90000025: MySQLDialect does not need to be specified explicitly using 'hibernate.dialect' (remove the property setting and it will be selected by default)
2026-07-19 13:50:09                      [restDemo]                      [restartedMain]                      INFO                       o.hibernate.orm.connections.pooling                      - HHH10001005: Database info:
	Database JDBC URL [undefined/unknown]
	Database driver: undefined/unknown
	Database version: 8.0.34
	Autocommit mode: undefined/unknown
	Isolation level: undefined/unknown
	Minimum pool size: undefined/unknown
	Maximum pool size: undefined/unknown
2026-07-19 13:50:11                      [restDemo]                      [restartedMain]                      INFO                       o.h.e.t.j.p.i.JtaPlatformInitiator                      - HHH000489: No JTA platform available (set 'hibernate.transaction.jta.platform' to enable JTA platform integration)
2026-07-19 13:50:11                      [restDemo]                      [restartedMain]                      INFO                       o.s.o.j.LocalContainerEntityManagerFactoryBean                      - Initialized JPA EntityManagerFactory for persistence unit 'default'
2026-07-19 13:50:17                      [restDemo]                      [restartedMain]                      WARN                       o.s.b.a.o.j.JpaBaseConfiguration$JpaWebConfiguration                      - spring.jpa.open-in-view is enabled by default. Therefore, database queries may be performed during view rendering. Explicitly configure spring.jpa.open-in-view to disable this warning
2026-07-19 13:50:18                      [restDemo]                      [restartedMain]                      WARN                       o.s.b.a.s.s.UserDetailsServiceAutoConfiguration                      - 

Using generated security password: d7299485-de8a-43f3-add4-de8221370a82

This generated password is for development use only. Your security configuration must be updated before running your application in production.

2026-07-19 13:50:18                      [restDemo]                      [restartedMain]                      INFO                       o.s.s.c.a.a.c.InitializeUserDetailsBeanManagerConfigurer$InitializeUserDetailsManagerConfigurer                      - Global AuthenticationManager configured with UserDetailsService bean with name inMemoryUserDetailsManager
2026-07-19 13:50:21                      [restDemo]                      [restartedMain]                      INFO                       o.s.b.d.a.OptionalLiveReloadServer                      - LiveReload server is running on port 35729
2026-07-19 13:50:21                      [restDemo]                      [restartedMain]                      INFO                       o.a.coyote.http11.Http11NioProtocol                      - Starting ProtocolHandler ["http-nio-8001"]
2026-07-19 13:50:21                      [restDemo]                      [restartedMain]                      INFO                       o.s.b.w.e.tomcat.TomcatWebServer                      - Tomcat started on port 8001 (http) with context path '/'
2026-07-19 13:50:21                      [restDemo]                      [restartedMain]                      INFO                       com.restDemo.RestDemoApplication                      - Started RestDemoApplication in 24.769 seconds (process running for 26.595)
2026-07-19 13:51:01                      [restDemo]                      [SpringApplicationShutdownHook]                      INFO                       o.s.b.w.e.tomcat.GracefulShutdown                      - Commencing graceful shutdown. Waiting for active requests to complete
2026-07-19 13:51:01                      [restDemo]                      [tomcat-shutdown]                      INFO                       o.s.b.w.e.tomcat.GracefulShutdown                      - Graceful shutdown complete
2026-07-19 13:51:01                      [restDemo]                      [SpringApplicationShutdownHook]                      INFO                       o.s.o.j.LocalContainerEntityManagerFactoryBean                      - Closing JPA EntityManagerFactory for persistence unit 'default'
2026-07-19 13:51:01                      [restDemo]                      [SpringApplicationShutdownHook]                      INFO                       com.zaxxer.hikari.HikariDataSource                      - HikariPool-1 - Shutdown initiated...
2026-07-19 13:51:01                      [restDemo]                      [SpringApplicationShutdownHook]                      INFO                       com.zaxxer.hikari.HikariDataSource                      - HikariPool-1 - Shutdown completed.
2026-07-19 13:51:10                      [restDemo]                      [background-preinit]                      INFO                       o.h.validator.internal.util.Version                      - HV000001: Hibernate Validator 8.0.3.Final
2026-07-19 13:51:10                      [restDemo]                      [restartedMain]                      INFO                       com.restDemo.RestDemoApplication                      - Starting RestDemoApplication using Java 23.0.1 with PID 4164 (D:\Spring Boot\Spring boot Projects\restDemo\target\classes started by Zahir in D:\Spring Boot\Spring boot Projects\restDemo)
2026-07-19 13:51:10                      [restDemo]                      [restartedMain]                      INFO                       com.restDemo.RestDemoApplication                      - No active profile set, falling back to 1 default profile: "default"
2026-07-19 13:51:10                      [restDemo]                      [restartedMain]                      INFO                       o.s.b.d.e.DevToolsPropertyDefaultsPostProcessor                      - Devtools property defaults active! Set 'spring.devtools.add-properties' to 'false' to disable
2026-07-19 13:51:10                      [restDemo]                      [restartedMain]                      INFO                       o.s.b.d.e.DevToolsPropertyDefaultsPostProcessor                      - For additional web related logging consider setting the 'logging.level.web' property to 'DEBUG'
2026-07-19 13:51:13                      [restDemo]                      [restartedMain]                      INFO                       o.s.d.r.c.RepositoryConfigurationDelegate                      - Bootstrapping Spring Data JPA repositories in DEFAULT mode.
2026-07-19 13:51:13                      [restDemo]                      [restartedMain]                      INFO                       o.s.d.r.c.RepositoryConfigurationDelegate                      - Finished Spring Data repository scanning in 185 ms. Found 1 JPA repository interface.
2026-07-19 13:51:15                      [restDemo]                      [restartedMain]                      INFO                       o.s.b.w.e.tomcat.TomcatWebServer                      - Tomcat initialized with port 8001 (http)
2026-07-19 13:51:15                      [restDemo]                      [restartedMain]                      INFO                       o.a.coyote.http11.Http11NioProtocol                      - Initializing ProtocolHandler ["http-nio-8001"]
2026-07-19 13:51:15                      [restDemo]                      [restartedMain]                      INFO                       o.a.catalina.core.StandardService                      - Starting service [Tomcat]
2026-07-19 13:51:15                      [restDemo]                      [restartedMain]                      INFO                       o.a.catalina.core.StandardEngine                      - Starting Servlet engine: [Apache Tomcat/10.1.46]
2026-07-19 13:51:16                      [restDemo]                      [restartedMain]                      INFO                       o.a.c.c.C.[Tomcat].[localhost].[/]                      - Initializing Spring embedded WebApplicationContext
2026-07-19 13:51:16                      [restDemo]                      [restartedMain]                      INFO                       o.s.b.w.s.c.ServletWebServerApplicationContext                      - Root WebApplicationContext: initialization completed in 5479 ms
2026-07-19 13:51:16                      [restDemo]                      [restartedMain]                      INFO                       o.h.jpa.internal.util.LogHelper                      - HHH000204: Processing PersistenceUnitInfo [name: default]
2026-07-19 13:51:16                      [restDemo]                      [restartedMain]                      INFO                       org.hibernate.Version                      - HHH000412: Hibernate ORM core version 6.6.29.Final
2026-07-19 13:51:17                      [restDemo]                      [restartedMain]                      INFO                       o.h.c.i.RegionFactoryInitiator                      - HHH000026: Second-level cache disabled
2026-07-19 13:51:18                      [restDemo]                      [restartedMain]                      INFO                       o.s.o.j.p.SpringPersistenceUnitInfo                      - No LoadTimeWeaver setup: ignoring JPA class transformer
2026-07-19 13:51:18                      [restDemo]                      [restartedMain]                      INFO                       com.zaxxer.hikari.HikariDataSource                      - HikariPool-1 - Starting...
2026-07-19 13:51:19                      [restDemo]                      [restartedMain]                      INFO                       com.zaxxer.hikari.pool.HikariPool                      - HikariPool-1 - Added connection com.mysql.cj.jdbc.ConnectionImpl@4a88302f
2026-07-19 13:51:19                      [restDemo]                      [restartedMain]                      INFO                       com.zaxxer.hikari.HikariDataSource                      - HikariPool-1 - Start completed.
2026-07-19 13:51:19                      [restDemo]                      [restartedMain]                      WARN                       org.hibernate.orm.deprecation                      - HHH90000025: MySQLDialect does not need to be specified explicitly using 'hibernate.dialect' (remove the property setting and it will be selected by default)
2026-07-19 13:51:19                      [restDemo]                      [restartedMain]                      INFO                       o.hibernate.orm.connections.pooling                      - HHH10001005: Database info:
	Database JDBC URL [undefined/unknown]
	Database driver: undefined/unknown
	Database version: 8.0.34
	Autocommit mode: undefined/unknown
	Isolation level: undefined/unknown
	Minimum pool size: undefined/unknown
	Maximum pool size: undefined/unknown
2026-07-19 13:51:21                      [restDemo]                      [restartedMain]                      INFO                       o.h.e.t.j.p.i.JtaPlatformInitiator                      - HHH000489: No JTA platform available (set 'hibernate.transaction.jta.platform' to enable JTA platform integration)
2026-07-19 13:51:21                      [restDemo]                      [restartedMain]                      INFO                       o.s.o.j.LocalContainerEntityManagerFactoryBean                      - Initialized JPA EntityManagerFactory for persistence unit 'default'
2026-07-19 13:51:26                      [restDemo]                      [restartedMain]                      WARN                       o.s.b.a.o.j.JpaBaseConfiguration$JpaWebConfiguration                      - spring.jpa.open-in-view is enabled by default. Therefore, database queries may be performed during view rendering. Explicitly configure spring.jpa.open-in-view to disable this warning
2026-07-19 13:51:27                      [restDemo]                      [restartedMain]                      WARN                       o.s.b.a.s.s.UserDetailsServiceAutoConfiguration                      - 

Using generated security password: ef085c37-4c9f-47e4-8be8-005e8b81f2e0

This generated password is for development use only. Your security configuration must be updated before running your application in production.

2026-07-19 13:51:27                      [restDemo]                      [restartedMain]                      INFO                       o.s.s.c.a.a.c.InitializeUserDetailsBeanManagerConfigurer$InitializeUserDetailsManagerConfigurer                      - Global AuthenticationManager configured with UserDetailsService bean with name inMemoryUserDetailsManager
2026-07-19 13:51:29                      [restDemo]                      [restartedMain]                      INFO                       o.s.b.d.a.OptionalLiveReloadServer                      - LiveReload server is running on port 35729
2026-07-19 13:51:30                      [restDemo]                      [restartedMain]                      INFO                       o.a.coyote.http11.Http11NioProtocol                      - Starting ProtocolHandler ["http-nio-8001"]
2026-07-19 13:51:30                      [restDemo]                      [restartedMain]                      INFO                       o.s.b.w.e.tomcat.TomcatWebServer                      - Tomcat started on port 8001 (http) with context path '/'
2026-07-19 13:51:30                      [restDemo]                      [restartedMain]                      INFO                       com.restDemo.RestDemoApplication                      - Started RestDemoApplication in 21.431 seconds (process running for 23.156)
2026-07-19 13:58:16                      [restDemo]                      [SpringApplicationShutdownHook]                      INFO                       o.s.b.w.e.tomcat.GracefulShutdown                      - Commencing graceful shutdown. Waiting for active requests to complete
2026-07-19 13:58:16                      [restDemo]                      [tomcat-shutdown]                      INFO                       o.s.b.w.e.tomcat.GracefulShutdown                      - Graceful shutdown complete
2026-07-19 13:58:16                      [restDemo]                      [SpringApplicationShutdownHook]                      INFO                       o.s.o.j.LocalContainerEntityManagerFactoryBean                      - Closing JPA EntityManagerFactory for persistence unit 'default'
2026-07-19 13:58:16                      [restDemo]                      [SpringApplicationShutdownHook]                      INFO                       com.zaxxer.hikari.HikariDataSource                      - HikariPool-1 - Shutdown initiated...
2026-07-19 13:58:16                      [restDemo]                      [SpringApplicationShutdownHook]                      INFO                       com.zaxxer.hikari.HikariDataSource                      - HikariPool-1 - Shutdown completed.
2026-07-19 14:13:53                      [restDemo]                      [background-preinit]                      INFO                       o.h.validator.internal.util.Version                      - HV000001: Hibernate Validator 8.0.3.Final
2026-07-19 14:13:53                      [restDemo]                      [restartedMain]                      INFO                       com.restDemo.RestDemoApplication                      - Starting RestDemoApplication using Java 23.0.1 with PID 10868 (D:\Spring Boot\Spring boot Projects\restDemo\target\classes started by Zahir in D:\Spring Boot\Spring boot Projects\restDemo)
2026-07-19 14:13:53                      [restDemo]                      [restartedMain]                      INFO                       com.restDemo.RestDemoApplication                      - No active profile set, falling back to 1 default profile: "default"
2026-07-19 14:13:54                      [restDemo]                      [restartedMain]                      INFO                       o.s.b.d.e.DevToolsPropertyDefaultsPostProcessor                      - Devtools property defaults active! Set 'spring.devtools.add-properties' to 'false' to disable
2026-07-19 14:13:54                      [restDemo]                      [restartedMain]                      INFO                       o.s.b.d.e.DevToolsPropertyDefaultsPostProcessor                      - For additional web related logging consider setting the 'logging.level.web' property to 'DEBUG'
2026-07-19 14:13:56                      [restDemo]                      [restartedMain]                      INFO                       o.s.d.r.c.RepositoryConfigurationDelegate                      - Bootstrapping Spring Data JPA repositories in DEFAULT mode.
2026-07-19 14:13:57                      [restDemo]                      [restartedMain]                      INFO                       o.s.d.r.c.RepositoryConfigurationDelegate                      - Finished Spring Data repository scanning in 221 ms. Found 1 JPA repository interface.
2026-07-19 14:13:59                      [restDemo]                      [restartedMain]                      INFO                       o.s.b.w.e.tomcat.TomcatWebServer                      - Tomcat initialized with port 8001 (http)
2026-07-19 14:13:59                      [restDemo]                      [restartedMain]                      INFO                       o.a.coyote.http11.Http11NioProtocol                      - Initializing ProtocolHandler ["http-nio-8001"]
2026-07-19 14:13:59                      [restDemo]                      [restartedMain]                      INFO                       o.a.catalina.core.StandardService                      - Starting service [Tomcat]
2026-07-19 14:13:59                      [restDemo]                      [restartedMain]                      INFO                       o.a.catalina.core.StandardEngine                      - Starting Servlet engine: [Apache Tomcat/10.1.46]
2026-07-19 14:13:59                      [restDemo]                      [restartedMain]                      INFO                       o.a.c.c.C.[Tomcat].[localhost].[/]                      - Initializing Spring embedded WebApplicationContext
2026-07-19 14:13:59                      [restDemo]                      [restartedMain]                      INFO                       o.s.b.w.s.c.ServletWebServerApplicationContext                      - Root WebApplicationContext: initialization completed in 5260 ms
2026-07-19 14:14:00                      [restDemo]                      [restartedMain]                      INFO                       o.h.jpa.internal.util.LogHelper                      - HHH000204: Processing PersistenceUnitInfo [name: default]
2026-07-19 14:14:00                      [restDemo]                      [restartedMain]                      INFO                       org.hibernate.Version                      - HHH000412: Hibernate ORM core version 6.6.29.Final
2026-07-19 14:14:00                      [restDemo]                      [restartedMain]                      INFO                       o.h.c.i.RegionFactoryInitiator                      - HHH000026: Second-level cache disabled
2026-07-19 14:14:01                      [restDemo]                      [restartedMain]                      INFO                       o.s.o.j.p.SpringPersistenceUnitInfo                      - No LoadTimeWeaver setup: ignoring JPA class transformer
2026-07-19 14:14:01                      [restDemo]                      [restartedMain]                      INFO                       com.zaxxer.hikari.HikariDataSource                      - HikariPool-1 - Starting...
2026-07-19 14:14:01                      [restDemo]                      [restartedMain]                      INFO                       com.zaxxer.hikari.pool.HikariPool                      - HikariPool-1 - Added connection com.mysql.cj.jdbc.ConnectionImpl@64c05461
2026-07-19 14:14:01                      [restDemo]                      [restartedMain]                      INFO                       com.zaxxer.hikari.HikariDataSource                      - HikariPool-1 - Start completed.
2026-07-19 14:14:01                      [restDemo]                      [restartedMain]                      WARN                       org.hibernate.orm.deprecation                      - HHH90000025: MySQLDialect does not need to be specified explicitly using 'hibernate.dialect' (remove the property setting and it will be selected by default)
2026-07-19 14:14:01                      [restDemo]                      [restartedMain]                      INFO                       o.hibernate.orm.connections.pooling                      - HHH10001005: Database info:
	Database JDBC URL [undefined/unknown]
	Database driver: undefined/unknown
	Database version: 8.0.34
	Autocommit mode: undefined/unknown
	Isolation level: undefined/unknown
	Minimum pool size: undefined/unknown
	Maximum pool size: undefined/unknown
2026-07-19 14:14:03                      [restDemo]                      [restartedMain]                      INFO                       o.h.e.t.j.p.i.JtaPlatformInitiator                      - HHH000489: No JTA platform available (set 'hibernate.transaction.jta.platform' to enable JTA platform integration)
2026-07-19 14:14:03                      [restDemo]                      [restartedMain]                      INFO                       o.s.o.j.LocalContainerEntityManagerFactoryBean                      - Initialized JPA EntityManagerFactory for persistence unit 'default'
2026-07-19 14:14:05                      [restDemo]                      [restartedMain]                      WARN                       o.s.b.a.o.j.JpaBaseConfiguration$JpaWebConfiguration                      - spring.jpa.open-in-view is enabled by default. Therefore, database queries may be performed during view rendering. Explicitly configure spring.jpa.open-in-view to disable this warning
2026-07-19 14:14:06                      [restDemo]                      [restartedMain]                      WARN                       o.s.b.a.s.s.UserDetailsServiceAutoConfiguration                      - 

Using generated security password: 6a2fdbaa-dd34-406f-999c-95dd1b55fbd5

This generated password is for development use only. Your security configuration must be updated before running your application in production.

2026-07-19 14:14:06                      [restDemo]                      [restartedMain]                      INFO                       o.s.s.c.a.a.c.InitializeUserDetailsBeanManagerConfigurer$InitializeUserDetailsManagerConfigurer                      - Global AuthenticationManager configured with UserDetailsService bean with name inMemoryUserDetailsManager
2026-07-19 14:14:08                      [restDemo]                      [restartedMain]                      INFO                       o.s.b.d.a.OptionalLiveReloadServer                      - LiveReload server is running on port 35729
2026-07-19 14:14:08                      [restDemo]                      [restartedMain]                      INFO                       o.a.coyote.http11.Http11NioProtocol                      - Starting ProtocolHandler ["http-nio-8001"]
2026-07-19 14:14:08                      [restDemo]                      [restartedMain]                      INFO                       o.s.b.w.e.tomcat.TomcatWebServer                      - Tomcat started on port 8001 (http) with context path '/'
2026-07-19 14:14:08                      [restDemo]                      [restartedMain]                      INFO                       com.restDemo.RestDemoApplication                      - Started RestDemoApplication in 15.927 seconds (process running for 17.234)
2026-07-19 14:14:16                      [restDemo]                      [http-nio-8001-exec-1]                      INFO                       o.a.c.c.C.[Tomcat].[localhost].[/]                      - Initializing Spring DispatcherServlet 'dispatcherServlet'
2026-07-19 14:14:16                      [restDemo]                      [http-nio-8001-exec-1]                      INFO                       o.s.web.servlet.DispatcherServlet                      - Initializing Servlet 'dispatcherServlet'
2026-07-19 14:14:16                      [restDemo]                      [http-nio-8001-exec-1]                      INFO                       o.s.web.servlet.DispatcherServlet                      - Completed initialization in 1 ms
2026-07-19 14:14:16                      [restDemo]                      [http-nio-8001-exec-1]                      INFO                       com.restDemo.service.UserService                      - ERROR WHILE GETTING
2026-07-19 14:14:34                      [restDemo]                      [http-nio-8001-exec-3]                      INFO                       com.restDemo.service.UserService                      - ERROR WHILE GETTING
2026-07-19 14:17:15                      [restDemo]                      [SpringApplicationShutdownHook]                      INFO                       o.s.b.w.e.tomcat.GracefulShutdown                      - Commencing graceful shutdown. Waiting for active requests to complete
2026-07-19 14:17:15                      [restDemo]                      [tomcat-shutdown]                      INFO                       o.s.b.w.e.tomcat.GracefulShutdown                      - Graceful shutdown complete
2026-07-19 14:17:15                      [restDemo]                      [SpringApplicationShutdownHook]                      INFO                       o.s.o.j.LocalContainerEntityManagerFactoryBean                      - Closing JPA EntityManagerFactory for persistence unit 'default'
2026-07-19 14:17:15                      [restDemo]                      [SpringApplicationShutdownHook]                      INFO                       com.zaxxer.hikari.HikariDataSource                      - HikariPool-1 - Shutdown initiated...
2026-07-19 14:17:15                      [restDemo]                      [SpringApplicationShutdownHook]                      INFO                       com.zaxxer.hikari.HikariDataSource                      - HikariPool-1 - Shutdown completed.
2026-07-19 14:17:24                      [restDemo]                      [background-preinit]                      INFO                       o.h.validator.internal.util.Version                      - HV000001: Hibernate Validator 8.0.3.Final
2026-07-19 14:17:24                      [restDemo]                      [restartedMain]                      INFO                       com.restDemo.RestDemoApplication                      - Starting RestDemoApplication using Java 23.0.1 with PID 4396 (D:\Spring Boot\Spring boot Projects\restDemo\target\classes started by Zahir in D:\Spring Boot\Spring boot Projects\restDemo)
2026-07-19 14:17:24                      [restDemo]                      [restartedMain]                      INFO                       com.restDemo.RestDemoApplication                      - No active profile set, falling back to 1 default profile: "default"
2026-07-19 14:17:24                      [restDemo]                      [restartedMain]                      INFO                       o.s.b.d.e.DevToolsPropertyDefaultsPostProcessor                      - Devtools property defaults active! Set 'spring.devtools.add-properties' to 'false' to disable
2026-07-19 14:17:24                      [restDemo]                      [restartedMain]                      INFO                       o.s.b.d.e.DevToolsPropertyDefaultsPostProcessor                      - For additional web related logging consider setting the 'logging.level.web' property to 'DEBUG'
2026-07-19 14:17:27                      [restDemo]                      [restartedMain]                      INFO                       o.s.d.r.c.RepositoryConfigurationDelegate                      - Bootstrapping Spring Data JPA repositories in DEFAULT mode.
2026-07-19 14:17:27                      [restDemo]                      [restartedMain]                      INFO                       o.s.d.r.c.RepositoryConfigurationDelegate                      - Finished Spring Data repository scanning in 291 ms. Found 1 JPA repository interface.
2026-07-19 14:17:29                      [restDemo]                      [restartedMain]                      INFO                       o.s.b.w.e.tomcat.TomcatWebServer                      - Tomcat initialized with port 8001 (http)
2026-07-19 14:17:29                      [restDemo]                      [restartedMain]                      INFO                       o.a.coyote.http11.Http11NioProtocol                      - Initializing ProtocolHandler ["http-nio-8001"]
2026-07-19 14:17:29                      [restDemo]                      [restartedMain]                      INFO                       o.a.catalina.core.StandardService                      - Starting service [Tomcat]
2026-07-19 14:17:29                      [restDemo]                      [restartedMain]                      INFO                       o.a.catalina.core.StandardEngine                      - Starting Servlet engine: [Apache Tomcat/10.1.46]
2026-07-19 14:17:30                      [restDemo]                      [restartedMain]                      INFO                       o.a.c.c.C.[Tomcat].[localhost].[/]                      - Initializing Spring embedded WebApplicationContext
2026-07-19 14:17:30                      [restDemo]                      [restartedMain]                      INFO                       o.s.b.w.s.c.ServletWebServerApplicationContext                      - Root WebApplicationContext: initialization completed in 5522 ms
2026-07-19 14:17:30                      [restDemo]                      [restartedMain]                      INFO                       o.h.jpa.internal.util.LogHelper                      - HHH000204: Processing PersistenceUnitInfo [name: default]
2026-07-19 14:17:30                      [restDemo]                      [restartedMain]                      INFO                       org.hibernate.Version                      - HHH000412: Hibernate ORM core version 6.6.29.Final
2026-07-19 14:17:30                      [restDemo]                      [restartedMain]                      INFO                       o.h.c.i.RegionFactoryInitiator                      - HHH000026: Second-level cache disabled
2026-07-19 14:17:31                      [restDemo]                      [restartedMain]                      INFO                       o.s.o.j.p.SpringPersistenceUnitInfo                      - No LoadTimeWeaver setup: ignoring JPA class transformer
2026-07-19 14:17:31                      [restDemo]                      [restartedMain]                      INFO                       com.zaxxer.hikari.HikariDataSource                      - HikariPool-1 - Starting...
2026-07-19 14:17:32                      [restDemo]                      [restartedMain]                      INFO                       com.zaxxer.hikari.pool.HikariPool                      - HikariPool-1 - Added connection com.mysql.cj.jdbc.ConnectionImpl@4435239e
2026-07-19 14:17:32                      [restDemo]                      [restartedMain]                      INFO                       com.zaxxer.hikari.HikariDataSource                      - HikariPool-1 - Start completed.
2026-07-19 14:17:32                      [restDemo]                      [restartedMain]                      WARN                       org.hibernate.orm.deprecation                      - HHH90000025: MySQLDialect does not need to be specified explicitly using 'hibernate.dialect' (remove the property setting and it will be selected by default)
2026-07-19 14:17:32                      [restDemo]                      [restartedMain]                      INFO                       o.hibernate.orm.connections.pooling                      - HHH10001005: Database info:
	Database JDBC URL [undefined/unknown]
	Database driver: undefined/unknown
	Database version: 8.0.34
	Autocommit mode: undefined/unknown
	Isolation level: undefined/unknown
	Minimum pool size: undefined/unknown
	Maximum pool size: undefined/unknown
2026-07-19 14:17:33                      [restDemo]                      [restartedMain]                      INFO                       o.h.e.t.j.p.i.JtaPlatformInitiator                      - HHH000489: No JTA platform available (set 'hibernate.transaction.jta.platform' to enable JTA platform integration)
2026-07-19 14:17:34                      [restDemo]                      [restartedMain]                      INFO                       o.s.o.j.LocalContainerEntityManagerFactoryBean                      - Initialized JPA EntityManagerFactory for persistence unit 'default'
2026-07-19 14:17:35                      [restDemo]                      [restartedMain]                      WARN                       o.s.b.a.o.j.JpaBaseConfiguration$JpaWebConfiguration                      - spring.jpa.open-in-view is enabled by default. Therefore, database queries may be performed during view rendering. Explicitly configure spring.jpa.open-in-view to disable this warning
2026-07-19 14:17:36                      [restDemo]                      [restartedMain]                      WARN                       o.s.b.a.s.s.UserDetailsServiceAutoConfiguration                      - 

Using generated security password: 82f42332-c3c5-4e94-8b3a-c8ae5c8b1499

This generated password is for development use only. Your security configuration must be updated before running your application in production.

2026-07-19 14:17:36                      [restDemo]                      [restartedMain]                      INFO                       o.s.s.c.a.a.c.InitializeUserDetailsBeanManagerConfigurer$InitializeUserDetailsManagerConfigurer                      - Global AuthenticationManager configured with UserDetailsService bean with name inMemoryUserDetailsManager
2026-07-19 14:17:38                      [restDemo]                      [restartedMain]                      INFO                       o.s.b.d.a.OptionalLiveReloadServer                      - LiveReload server is running on port 35729
2026-07-19 14:17:38                      [restDemo]                      [restartedMain]                      INFO                       o.a.coyote.http11.Http11NioProtocol                      - Starting ProtocolHandler ["http-nio-8001"]
2026-07-19 14:17:38                      [restDemo]                      [restartedMain]                      INFO                       o.s.b.w.e.tomcat.TomcatWebServer                      - Tomcat started on port 8001 (http) with context path '/'
2026-07-19 14:17:38                      [restDemo]                      [restartedMain]                      INFO                       com.restDemo.RestDemoApplication                      - Started RestDemoApplication in 16.031 seconds (process running for 17.55)
2026-07-19 14:45:30                      [restDemo]                      [HikariPool-1:housekeeper]                      WARN                       com.zaxxer.hikari.pool.HikariPool                      - HikariPool-1 - Thread starvation or clock leap detected (housekeeper delta=7m57s331ms182µs400ns).
2026-07-19 14:48:28                      [restDemo]                      [HikariPool-1:housekeeper]                      WARN                       com.zaxxer.hikari.pool.HikariPool                      - HikariPool-1 - Thread starvation or clock leap detected (housekeeper delta=2m58s748ms935µs).
2026-07-19 14:54:06                      [restDemo]                      [SpringApplicationShutdownHook]                      INFO                       o.s.b.w.e.tomcat.GracefulShutdown                      - Commencing graceful shutdown. Waiting for active requests to complete
2026-07-19 14:54:06                      [restDemo]                      [tomcat-shutdown]                      INFO                       o.s.b.w.e.tomcat.GracefulShutdown                      - Graceful shutdown complete
2026-07-19 14:54:06                      [restDemo]                      [SpringApplicationShutdownHook]                      INFO                       o.s.o.j.LocalContainerEntityManagerFactoryBean                      - Closing JPA EntityManagerFactory for persistence unit 'default'
2026-07-19 14:54:06                      [restDemo]                      [SpringApplicationShutdownHook]                      INFO                       com.zaxxer.hikari.HikariDataSource                      - HikariPool-1 - Shutdown initiated...
2026-07-19 14:54:06                      [restDemo]                      [SpringApplicationShutdownHook]                      INFO                       com.zaxxer.hikari.HikariDataSource                      - HikariPool-1 - Shutdown completed.
2026-07-19 15:00:03                      [restDemo]                      [background-preinit]                      INFO                       o.h.validator.internal.util.Version                      - HV000001: Hibernate Validator 8.0.3.Final
2026-07-19 15:00:03                      [restDemo]                      [restartedMain]                      INFO                       com.restDemo.RestDemoApplication                      - Starting RestDemoApplication using Java 23.0.1 with PID 25456 (D:\Spring Boot\Spring boot Projects\restDemo\target\classes started by Zahir in D:\Spring Boot\Spring boot Projects\restDemo)
2026-07-19 15:00:03                      [restDemo]                      [restartedMain]                      INFO                       com.restDemo.RestDemoApplication                      - No active profile set, falling back to 1 default profile: "default"
2026-07-19 15:00:03                      [restDemo]                      [restartedMain]                      INFO                       o.s.b.d.e.DevToolsPropertyDefaultsPostProcessor                      - Devtools property defaults active! Set 'spring.devtools.add-properties' to 'false' to disable
2026-07-19 15:00:03                      [restDemo]                      [restartedMain]                      INFO                       o.s.b.d.e.DevToolsPropertyDefaultsPostProcessor                      - For additional web related logging consider setting the 'logging.level.web' property to 'DEBUG'
2026-07-19 15:00:05                      [restDemo]                      [restartedMain]                      INFO                       o.s.d.r.c.RepositoryConfigurationDelegate                      - Bootstrapping Spring Data JPA repositories in DEFAULT mode.
2026-07-19 15:00:05                      [restDemo]                      [restartedMain]                      INFO                       o.s.d.r.c.RepositoryConfigurationDelegate                      - Finished Spring Data repository scanning in 110 ms. Found 1 JPA repository interface.
2026-07-19 15:00:06                      [restDemo]                      [restartedMain]                      INFO                       o.s.b.w.e.tomcat.TomcatWebServer                      - Tomcat initialized with port 8001 (http)
2026-07-19 15:00:06                      [restDemo]                      [restartedMain]                      INFO                       o.a.coyote.http11.Http11NioProtocol                      - Initializing ProtocolHandler ["http-nio-8001"]
2026-07-19 15:00:06                      [restDemo]                      [restartedMain]                      INFO                       o.a.catalina.core.StandardService                      - Starting service [Tomcat]
2026-07-19 15:00:06                      [restDemo]                      [restartedMain]                      INFO                       o.a.catalina.core.StandardEngine                      - Starting Servlet engine: [Apache Tomcat/10.1.46]
2026-07-19 15:00:06                      [restDemo]                      [restartedMain]                      INFO                       o.a.c.c.C.[Tomcat].[localhost].[/]                      - Initializing Spring embedded WebApplicationContext
2026-07-19 15:00:06                      [restDemo]                      [restartedMain]                      INFO                       o.s.b.w.s.c.ServletWebServerApplicationContext                      - Root WebApplicationContext: initialization completed in 3200 ms
2026-07-19 15:00:07                      [restDemo]                      [restartedMain]                      INFO                       o.h.jpa.internal.util.LogHelper                      - HHH000204: Processing PersistenceUnitInfo [name: default]
2026-07-19 15:00:07                      [restDemo]                      [restartedMain]                      INFO                       org.hibernate.Version                      - HHH000412: Hibernate ORM core version 6.6.29.Final
2026-07-19 15:00:07                      [restDemo]                      [restartedMain]                      INFO                       o.h.c.i.RegionFactoryInitiator                      - HHH000026: Second-level cache disabled
2026-07-19 15:00:07                      [restDemo]                      [restartedMain]                      INFO                       o.s.o.j.p.SpringPersistenceUnitInfo                      - No LoadTimeWeaver setup: ignoring JPA class transformer
2026-07-19 15:00:07                      [restDemo]                      [restartedMain]                      INFO                       com.zaxxer.hikari.HikariDataSource                      - HikariPool-1 - Starting...
2026-07-19 15:00:08                      [restDemo]                      [restartedMain]                      INFO                       com.zaxxer.hikari.pool.HikariPool                      - HikariPool-1 - Added connection com.mysql.cj.jdbc.ConnectionImpl@6c504291
2026-07-19 15:00:08                      [restDemo]                      [restartedMain]                      INFO                       com.zaxxer.hikari.HikariDataSource                      - HikariPool-1 - Start completed.
2026-07-19 15:00:08                      [restDemo]                      [restartedMain]                      WARN                       org.hibernate.orm.deprecation                      - HHH90000025: MySQLDialect does not need to be specified explicitly using 'hibernate.dialect' (remove the property setting and it will be selected by default)
2026-07-19 15:00:08                      [restDemo]                      [restartedMain]                      INFO                       o.hibernate.orm.connections.pooling                      - HHH10001005: Database info:
	Database JDBC URL [undefined/unknown]
	Database driver: undefined/unknown
	Database version: 8.0.34
	Autocommit mode: undefined/unknown
	Isolation level: undefined/unknown
	Minimum pool size: undefined/unknown
	Maximum pool size: undefined/unknown
2026-07-19 15:00:09                      [restDemo]                      [restartedMain]                      INFO                       o.h.e.t.j.p.i.JtaPlatformInitiator                      - HHH000489: No JTA platform available (set 'hibernate.transaction.jta.platform' to enable JTA platform integration)
2026-07-19 15:00:09                      [restDemo]                      [restartedMain]                      INFO                       o.s.o.j.LocalContainerEntityManagerFactoryBean                      - Initialized JPA EntityManagerFactory for persistence unit 'default'
2026-07-19 15:00:10                      [restDemo]                      [restartedMain]                      WARN                       o.s.b.a.o.j.JpaBaseConfiguration$JpaWebConfiguration                      - spring.jpa.open-in-view is enabled by default. Therefore, database queries may be performed during view rendering. Explicitly configure spring.jpa.open-in-view to disable this warning
2026-07-19 15:00:10                      [restDemo]                      [restartedMain]                      WARN                       o.s.b.a.s.s.UserDetailsServiceAutoConfiguration                      - 

Using generated security password: 9f9e0ecd-4a87-4e3c-a166-0850c9f4bd70

This generated password is for development use only. Your security configuration must be updated before running your application in production.

2026-07-19 15:00:10                      [restDemo]                      [restartedMain]                      INFO                       o.s.s.c.a.a.c.InitializeUserDetailsBeanManagerConfigurer$InitializeUserDetailsManagerConfigurer                      - Global AuthenticationManager configured with UserDetailsService bean with name inMemoryUserDetailsManager
2026-07-19 15:00:11                      [restDemo]                      [restartedMain]                      INFO                       o.s.b.d.a.OptionalLiveReloadServer                      - LiveReload server is running on port 35729
2026-07-19 15:00:11                      [restDemo]                      [restartedMain]                      INFO                       o.a.coyote.http11.Http11NioProtocol                      - Starting ProtocolHandler ["http-nio-8001"]
2026-07-19 15:00:11                      [restDemo]                      [restartedMain]                      INFO                       o.s.b.w.e.tomcat.TomcatWebServer                      - Tomcat started on port 8001 (http) with context path '/'
2026-07-19 15:00:11                      [restDemo]                      [restartedMain]                      INFO                       com.restDemo.RestDemoApplication                      - Started RestDemoApplication in 9.331 seconds (process running for 10.105)
2026-07-19 15:00:15                      [restDemo]                      [http-nio-8001-exec-2]                      INFO                       o.a.c.c.C.[Tomcat].[localhost].[/]                      - Initializing Spring DispatcherServlet 'dispatcherServlet'
2026-07-19 15:00:15                      [restDemo]                      [http-nio-8001-exec-2]                      INFO                       o.s.web.servlet.DispatcherServlet                      - Initializing Servlet 'dispatcherServlet'
2026-07-19 15:00:15                      [restDemo]                      [http-nio-8001-exec-2]                      INFO                       o.s.web.servlet.DispatcherServlet                      - Completed initialization in 1 ms
2026-07-19 15:00:15                      [restDemo]                      [http-nio-8001-exec-2]                      ERROR                      c.r.a.GlobalExceptionHandler                      - Exception while processing request
java.sql.SQLDataException: Cannot determine value type from string 'USR001'
	at com.mysql.cj.jdbc.exceptions.SQLError.createSQLException(SQLError.java:106)
	at com.mysql.cj.jdbc.exceptions.SQLError.createSQLException(SQLError.java:89)
	at com.mysql.cj.jdbc.exceptions.SQLError.createSQLException(SQLError.java:81)
	at com.mysql.cj.jdbc.exceptions.SQLError.createSQLException(SQLError.java:55)
	at com.mysql.cj.jdbc.exceptions.SQLError.createSQLException(SQLError.java:65)
	at com.mysql.cj.jdbc.exceptions.SQLExceptionsMapping.translateException(SQLExceptionsMapping.java:88)
	at com.mysql.cj.jdbc.result.ResultSetImpl.getObject(ResultSetImpl.java:1412)
	at com.mysql.cj.jdbc.result.ResultSetImpl.getLong(ResultSetImpl.java:882)
	at com.mysql.cj.jdbc.result.ResultSetImpl.getLong(ResultSetImpl.java:888)
	at com.zaxxer.hikari.pool.HikariProxyResultSet.getLong(HikariProxyResultSet.java)
	at com.restDemo.mapper.UserMapper.mapRow(UserMapper.java:16)
	at com.restDemo.mapper.UserMapper.mapRow(UserMapper.java:10)
	at org.springframework.jdbc.core.RowMapperResultSetExtractor.extractData(RowMapperResultSetExtractor.java:94)
	at org.springframework.jdbc.core.RowMapperResultSetExtractor.extractData(RowMapperResultSetExtractor.java:61)
	at org.springframework.jdbc.core.JdbcTemplate$1QueryStatementCallback.doInStatement(JdbcTemplate.java:464)
	at org.springframework.jdbc.core.JdbcTemplate.execute(JdbcTemplate.java:393)
	at org.springframework.jdbc.core.JdbcTemplate.query(JdbcTemplate.java:476)
	at org.springframework.jdbc.core.JdbcTemplate.query(JdbcTemplate.java:486)
	at com.restDemo.repositoryImpl.UserRepositoryImpl.getUsers(UserRepositoryImpl.java:19)
	at com.restDemo.service.UserService.getAllUserDTO(UserService.java:83)
	at java.base/jdk.internal.reflect.DirectMethodHandleAccessor.invoke(DirectMethodHandleAccessor.java:103)
	at java.base/java.lang.reflect.Method.invoke(Method.java:580)
	at org.springframework.aop.support.AopUtils.invokeJoinpointUsingReflection(AopUtils.java:360)
	at org.springframework.aop.framework.CglibAopProxy$DynamicAdvisedInterceptor.intercept(CglibAopProxy.java:724)
	at com.restDemo.service.UserService$$SpringCGLIB$$0.getAllUserDTO(<generated>)
	at com.restDemo.controller.UserController.getAllUsersDTO(UserController.java:66)
	at java.base/jdk.internal.reflect.DirectMethodHandleAccessor.invoke(DirectMethodHandleAccessor.java:103)
	at java.base/java.lang.reflect.Method.invoke(Method.java:580)
	at org.springframework.web.method.support.InvocableHandlerMethod.doInvoke(InvocableHandlerMethod.java:258)
	at org.springframework.web.method.support.InvocableHandlerMethod.invokeForRequest(InvocableHandlerMethod.java:191)
	at org.springframework.web.servlet.mvc.method.annotation.ServletInvocableHandlerMethod.invokeAndHandle(ServletInvocableHandlerMethod.java:118)
	at org.springframework.web.servlet.mvc.method.annotation.RequestMappingHandlerAdapter.invokeHandlerMethod(RequestMappingHandlerAdapter.java:991)
	at org.springframework.web.servlet.mvc.method.annotation.RequestMappingHandlerAdapter.handleInternal(RequestMappingHandlerAdapter.java:896)
	at org.springframework.web.servlet.mvc.method.AbstractHandlerMethodAdapter.handle(AbstractHandlerMethodAdapter.java:87)
	at org.springframework.web.servlet.DispatcherServlet.doDispatch(DispatcherServlet.java:1089)
	at org.springframework.web.servlet.DispatcherServlet.doService(DispatcherServlet.java:979)
	at org.springframework.web.servlet.FrameworkServlet.processRequest(FrameworkServlet.java:1014)
	at org.springframework.web.servlet.FrameworkServlet.doGet(FrameworkServlet.java:903)
	at jakarta.servlet.http.HttpServlet.service(HttpServlet.java:564)
	at org.springframework.web.servlet.FrameworkServlet.service(FrameworkServlet.java:885)
	at jakarta.servlet.http.HttpServlet.service(HttpServlet.java:658)
	at org.apache.catalina.core.ApplicationFilterChain.internalDoFilter(ApplicationFilterChain.java:195)
	at org.apache.catalina.core.ApplicationFilterChain.doFilter(ApplicationFilterChain.java:140)
	at org.apache.tomcat.websocket.server.WsFilter.doFilter(WsFilter.java:51)
	at org.apache.catalina.core.ApplicationFilterChain.internalDoFilter(ApplicationFilterChain.java:164)
	at org.apache.catalina.core.ApplicationFilterChain.doFilter(ApplicationFilterChain.java:140)
	at com.restDemo.tenant.TenantFilter.doFilterInternal(TenantFilter.java:32)
	at org.springframework.web.filter.OncePerRequestFilter.doFilter(OncePerRequestFilter.java:116)
	at org.apache.catalina.core.ApplicationFilterChain.internalDoFilter(ApplicationFilterChain.java:164)
	at org.apache.catalina.core.ApplicationFilterChain.doFilter(ApplicationFilterChain.java:140)
	at org.springframework.web.filter.CompositeFilter$VirtualFilterChain.doFilter(CompositeFilter.java:108)
	at org.springframework.web.filter.CompositeFilter$VirtualFilterChain.doFilter(CompositeFilter.java:108)
	at org.springframework.security.web.FilterChainProxy.lambda$doFilterInternal$3(FilterChainProxy.java:231)
	at org.springframework.security.web.FilterChainProxy$VirtualFilterChain.doFilter(FilterChainProxy.java:365)
	at org.springframework.security.web.access.intercept.AuthorizationFilter.doFilter(AuthorizationFilter.java:101)
	at org.springframework.security.web.FilterChainProxy$VirtualFilterChain.doFilter(FilterChainProxy.java:374)
	at org.springframework.security.web.access.ExceptionTranslationFilter.doFilter(ExceptionTranslationFilter.java:125)
	at org.springframework.security.web.access.ExceptionTranslationFilter.doFilter(ExceptionTranslationFilter.java:119)
	at org.springframework.security.web.FilterChainProxy$VirtualFilterChain.doFilter(FilterChainProxy.java:374)
	at org.springframework.security.web.authentication.AnonymousAuthenticationFilter.doFilter(AnonymousAuthenticationFilter.java:100)
	at org.springframework.security.web.FilterChainProxy$VirtualFilterChain.doFilter(FilterChainProxy.java:374)
	at org.springframework.security.web.servletapi.SecurityContextHolderAwareRequestFilter.doFilter(SecurityContextHolderAwareRequestFilter.java:179)
	at org.springframework.security.web.FilterChainProxy$VirtualFilterChain.doFilter(FilterChainProxy.java:374)
	at org.springframework.security.web.savedrequest.RequestCacheAwareFilter.doFilter(RequestCacheAwareFilter.java:63)
	at org.springframework.security.web.FilterChainProxy$VirtualFilterChain.doFilter(FilterChainProxy.java:374)
	at org.springframework.security.web.authentication.logout.LogoutFilter.doFilter(LogoutFilter.java:107)
	at org.springframework.security.web.authentication.logout.LogoutFilter.doFilter(LogoutFilter.java:93)
	at org.springframework.security.web.FilterChainProxy$VirtualFilterChain.doFilter(FilterChainProxy.java:374)
	at org.springframework.security.web.header.HeaderWriterFilter.doHeadersAfter(HeaderWriterFilter.java:90)
	at org.springframework.security.web.header.HeaderWriterFilter.doFilterInternal(HeaderWriterFilter.java:75)
	at org.springframework.web.filter.OncePerRequestFilter.doFilter(OncePerRequestFilter.java:116)
	at org.springframework.security.web.FilterChainProxy$VirtualFilterChain.doFilter(FilterChainProxy.java:374)
	at org.springframework.security.web.context.SecurityContextHolderFilter.doFilter(SecurityContextHolderFilter.java:82)
	at org.springframework.security.web.context.SecurityContextHolderFilter.doFilter(SecurityContextHolderFilter.java:69)
	at org.springframework.security.web.FilterChainProxy$VirtualFilterChain.doFilter(FilterChainProxy.java:374)
	at org.springframework.security.web.context.request.async.WebAsyncManagerIntegrationFilter.doFilterInternal(WebAsyncManagerIntegrationFilter.java:62)
	at org.springframework.web.filter.OncePerRequestFilter.doFilter(OncePerRequestFilter.java:116)
	at org.springframework.security.web.FilterChainProxy$VirtualFilterChain.doFilter(FilterChainProxy.java:374)
	at org.springframework.security.web.session.DisableEncodeUrlFilter.doFilterInternal(DisableEncodeUrlFilter.java:42)
	at org.springframework.web.filter.OncePerRequestFilter.doFilter(OncePerRequestFilter.java:116)
	at org.springframework.security.web.FilterChainProxy$VirtualFilterChain.doFilter(FilterChainProxy.java:374)
	at org.springframework.security.web.FilterChainProxy.doFilterInternal(FilterChainProxy.java:233)
	at org.springframework.security.web.FilterChainProxy.doFilter(FilterChainProxy.java:191)
	at org.springframework.web.filter.CompositeFilter$VirtualFilterChain.doFilter(CompositeFilter.java:113)
	at org.springframework.web.filter.ServletRequestPathFilter.doFilter(ServletRequestPathFilter.java:52)
	at org.springframework.web.filter.CompositeFilter$VirtualFilterChain.doFilter(CompositeFilter.java:113)
	at org.springframework.web.filter.CompositeFilter.doFilter(CompositeFilter.java:74)
	at org.springframework.security.config.annotation.web.configuration.WebSecurityConfiguration$CompositeFilterChainProxy.doFilter(WebSecurityConfiguration.java:319)
	at org.springframework.web.filter.CompositeFilter$VirtualFilterChain.doFilter(CompositeFilter.java:113)
	at org.springframework.web.servlet.handler.HandlerMappingIntrospector.lambda$createCacheFilter$4(HandlerMappingIntrospector.java:267)
	at org.springframework.web.filter.CompositeFilter$VirtualFilterChain.doFilter(CompositeFilter.java:113)
	at org.springframework.web.filter.CompositeFilter.doFilter(CompositeFilter.java:74)
	at org.springframework.security.config.annotation.web.configuration.WebMvcSecurityConfiguration$CompositeFilterChainProxy.doFilter(WebMvcSecurityConfiguration.java:240)
	at org.springframework.web.filter.DelegatingFilterProxy.invokeDelegate(DelegatingFilterProxy.java:362)
	at org.springframework.web.filter.DelegatingFilterProxy.doFilter(DelegatingFilterProxy.java:278)
	at org.apache.catalina.core.ApplicationFilterChain.internalDoFilter(ApplicationFilterChain.java:164)
	at org.apache.catalina.core.ApplicationFilterChain.doFilter(ApplicationFilterChain.java:140)
	at org.springframework.web.filter.RequestContextFilter.doFilterInternal(RequestContextFilter.java:100)
	at org.springframework.web.filter.OncePerRequestFilter.doFilter(OncePerRequestFilter.java:116)
	at org.apache.catalina.core.ApplicationFilterChain.internalDoFilter(ApplicationFilterChain.java:164)
	at org.apache.catalina.core.ApplicationFilterChain.doFilter(ApplicationFilterChain.java:140)
	at org.springframework.web.filter.FormContentFilter.doFilterInternal(FormContentFilter.java:93)
	at org.springframework.web.filter.OncePerRequestFilter.doFilter(OncePerRequestFilter.java:116)
	at org.apache.catalina.core.ApplicationFilterChain.internalDoFilter(ApplicationFilterChain.java:164)
	at org.apache.catalina.core.ApplicationFilterChain.doFilter(ApplicationFilterChain.java:140)
	at org.springframework.web.filter.CharacterEncodingFilter.doFilterInternal(CharacterEncodingFilter.java:201)
	at org.springframework.web.filter.OncePerRequestFilter.doFilter(OncePerRequestFilter.java:116)
	at org.apache.catalina.core.ApplicationFilterChain.internalDoFilter(ApplicationFilterChain.java:164)
	at org.apache.catalina.core.ApplicationFilterChain.doFilter(ApplicationFilterChain.java:140)
	at org.apache.catalina.core.StandardWrapperValve.invoke(StandardWrapperValve.java:167)
	at org.apache.catalina.core.StandardContextValve.invoke(StandardContextValve.java:90)
	at org.apache.catalina.authenticator.AuthenticatorBase.invoke(AuthenticatorBase.java:483)
	at org.apache.catalina.core.StandardHostValve.invoke(StandardHostValve.java:116)
	at org.apache.catalina.valves.ErrorReportValve.invoke(ErrorReportValve.java:93)
	at org.apache.catalina.core.StandardEngineValve.invoke(StandardEngineValve.java:74)
	at org.apache.catalina.connector.CoyoteAdapter.service(CoyoteAdapter.java:344)
	at org.apache.coyote.http11.Http11Processor.service(Http11Processor.java:398)
	at org.apache.coyote.AbstractProcessorLight.process(AbstractProcessorLight.java:63)
	at org.apache.coyote.AbstractProtocol$ConnectionHandler.process(AbstractProtocol.java:903)
	at org.apache.tomcat.util.net.NioEndpoint$SocketProcessor.doRun(NioEndpoint.java:1776)
	at org.apache.tomcat.util.net.SocketProcessorBase.run(SocketProcessorBase.java:52)
	at org.apache.tomcat.util.threads.ThreadPoolExecutor.runWorker(ThreadPoolExecutor.java:975)
	at org.apache.tomcat.util.threads.ThreadPoolExecutor$Worker.run(ThreadPoolExecutor.java:493)
	at org.apache.tomcat.util.threads.TaskThread$WrappingRunnable.run(TaskThread.java:63)
	at java.base/java.lang.Thread.run(Thread.java:1575)
Caused by: com.mysql.cj.exceptions.DataConversionException: Cannot determine value type from string 'USR001'
	at com.mysql.cj.result.AbstractNumericValueFactory.createFromBytes(AbstractNumericValueFactory.java:66)
	at com.mysql.cj.protocol.a.MysqlTextValueDecoder.decodeByteArray(MysqlTextValueDecoder.java:151)
	at com.mysql.cj.protocol.result.AbstractResultsetRow.decodeAndCreateReturnValue(AbstractResultsetRow.java:127)
	at com.mysql.cj.protocol.result.AbstractResultsetRow.getValueFromBytes(AbstractResultsetRow.java:235)
	at com.mysql.cj.protocol.a.result.ByteArrayRow.getValue(ByteArrayRow.java:82)
	at com.mysql.cj.jdbc.result.ResultSetImpl.getObject(ResultSetImpl.java:1315)
	... 118 common frames omitted
2026-07-19 15:00:16                      [restDemo]                      [http-nio-8001-exec-2]                      WARN                       o.s.w.s.m.m.a.ExceptionHandlerExceptionResolver                      - Resolved [org.springframework.dao.DataIntegrityViolationException: StatementCallback; SQL [SELECT * FROM users]; Cannot determine value type from string 'USR001']
2026-07-19 15:00:38                      [restDemo]                      [SpringApplicationShutdownHook]                      INFO                       o.s.b.w.e.tomcat.GracefulShutdown                      - Commencing graceful shutdown. Waiting for active requests to complete
2026-07-19 15:00:38                      [restDemo]                      [tomcat-shutdown]                      INFO                       o.s.b.w.e.tomcat.GracefulShutdown                      - Graceful shutdown complete
2026-07-19 15:00:38                      [restDemo]                      [SpringApplicationShutdownHook]                      INFO                       o.s.o.j.LocalContainerEntityManagerFactoryBean                      - Closing JPA EntityManagerFactory for persistence unit 'default'
2026-07-19 15:00:41                      [restDemo]                      [background-preinit]                      INFO                       o.h.validator.internal.util.Version                      - HV000001: Hibernate Validator 8.0.3.Final
2026-07-19 15:00:41                      [restDemo]                      [restartedMain]                      INFO                       com.restDemo.RestDemoApplication                      - Starting RestDemoApplication using Java 23.0.1 with PID 6652 (D:\Spring Boot\Spring boot Projects\restDemo\target\classes started by Zahir in D:\Spring Boot\Spring boot Projects\restDemo)
2026-07-19 15:00:41                      [restDemo]                      [restartedMain]                      INFO                       com.restDemo.RestDemoApplication                      - No active profile set, falling back to 1 default profile: "default"
2026-07-19 15:00:41                      [restDemo]                      [restartedMain]                      INFO                       o.s.b.d.e.DevToolsPropertyDefaultsPostProcessor                      - Devtools property defaults active! Set 'spring.devtools.add-properties' to 'false' to disable
2026-07-19 15:00:41                      [restDemo]                      [restartedMain]                      INFO                       o.s.b.d.e.DevToolsPropertyDefaultsPostProcessor                      - For additional web related logging consider setting the 'logging.level.web' property to 'DEBUG'
2026-07-19 15:00:43                      [restDemo]                      [restartedMain]                      INFO                       o.s.d.r.c.RepositoryConfigurationDelegate                      - Bootstrapping Spring Data JPA repositories in DEFAULT mode.
2026-07-19 15:00:43                      [restDemo]                      [restartedMain]                      INFO                       o.s.d.r.c.RepositoryConfigurationDelegate                      - Finished Spring Data repository scanning in 111 ms. Found 1 JPA repository interface.
2026-07-19 15:00:45                      [restDemo]                      [restartedMain]                      INFO                       o.s.b.w.e.tomcat.TomcatWebServer                      - Tomcat initialized with port 8001 (http)
2026-07-19 15:00:45                      [restDemo]                      [restartedMain]                      INFO                       o.a.coyote.http11.Http11NioProtocol                      - Initializing ProtocolHandler ["http-nio-8001"]
2026-07-19 15:00:45                      [restDemo]                      [restartedMain]                      INFO                       o.a.catalina.core.StandardService                      - Starting service [Tomcat]
2026-07-19 15:00:45                      [restDemo]                      [restartedMain]                      INFO                       o.a.catalina.core.StandardEngine                      - Starting Servlet engine: [Apache Tomcat/10.1.46]
2026-07-19 15:00:45                      [restDemo]                      [restartedMain]                      INFO                       o.a.c.c.C.[Tomcat].[localhost].[/]                      - Initializing Spring embedded WebApplicationContext
2026-07-19 15:00:45                      [restDemo]                      [restartedMain]                      INFO                       o.s.b.w.s.c.ServletWebServerApplicationContext                      - Root WebApplicationContext: initialization completed in 3311 ms
2026-07-19 15:00:46                      [restDemo]                      [restartedMain]                      INFO                       o.h.jpa.internal.util.LogHelper                      - HHH000204: Processing PersistenceUnitInfo [name: default]
2026-07-19 15:00:46                      [restDemo]                      [restartedMain]                      INFO                       org.hibernate.Version                      - HHH000412: Hibernate ORM core version 6.6.29.Final
2026-07-19 15:00:46                      [restDemo]                      [restartedMain]                      INFO                       o.h.c.i.RegionFactoryInitiator                      - HHH000026: Second-level cache disabled
2026-07-19 15:00:47                      [restDemo]                      [restartedMain]                      INFO                       o.s.o.j.p.SpringPersistenceUnitInfo                      - No LoadTimeWeaver setup: ignoring JPA class transformer
2026-07-19 15:00:51                      [restDemo]                      [restartedMain]                      INFO                       com.zaxxer.hikari.HikariDataSource                      - HikariPool-1 - Starting...
2026-07-19 15:00:52                      [restDemo]                      [restartedMain]                      INFO                       com.zaxxer.hikari.pool.HikariPool                      - HikariPool-1 - Added connection com.mysql.cj.jdbc.ConnectionImpl@4ba93862
2026-07-19 15:00:52                      [restDemo]                      [restartedMain]                      INFO                       com.zaxxer.hikari.HikariDataSource                      - HikariPool-1 - Start completed.
2026-07-19 15:01:02                      [restDemo]                      [restartedMain]                      WARN                       org.hibernate.orm.deprecation                      - HHH90000025: MySQLDialect does not need to be specified explicitly using 'hibernate.dialect' (remove the property setting and it will be selected by default)
2026-07-19 15:01:02                      [restDemo]                      [restartedMain]                      INFO                       o.hibernate.orm.connections.pooling                      - HHH10001005: Database info:
	Database JDBC URL [undefined/unknown]
	Database driver: undefined/unknown
	Database version: 8.0.34
	Autocommit mode: undefined/unknown
	Isolation level: undefined/unknown
	Minimum pool size: undefined/unknown
	Maximum pool size: undefined/unknown
2026-07-19 15:01:05                      [restDemo]                      [restartedMain]                      INFO                       o.h.e.t.j.p.i.JtaPlatformInitiator                      - HHH000489: No JTA platform available (set 'hibernate.transaction.jta.platform' to enable JTA platform integration)
2026-07-19 15:01:08                      [restDemo]                      [restartedMain]                      INFO                       o.s.o.j.LocalContainerEntityManagerFactoryBean                      - Initialized JPA EntityManagerFactory for persistence unit 'default'
2026-07-19 15:01:10                      [restDemo]                      [restartedMain]                      WARN                       o.s.b.a.o.j.JpaBaseConfiguration$JpaWebConfiguration                      - spring.jpa.open-in-view is enabled by default. Therefore, database queries may be performed during view rendering. Explicitly configure spring.jpa.open-in-view to disable this warning
2026-07-19 15:01:11                      [restDemo]                      [restartedMain]                      WARN                       o.s.b.a.s.s.UserDetailsServiceAutoConfiguration                      - 

Using generated security password: 544ae37d-502b-4c22-a02a-10d74ca5a603

This generated password is for development use only. Your security configuration must be updated before running your application in production.

2026-07-19 15:01:11                      [restDemo]                      [restartedMain]                      INFO                       o.s.s.c.a.a.c.InitializeUserDetailsBeanManagerConfigurer$InitializeUserDetailsManagerConfigurer                      - Global AuthenticationManager configured with UserDetailsService bean with name inMemoryUserDetailsManager
2026-07-19 15:01:13                      [restDemo]                      [restartedMain]                      INFO                       o.s.b.d.a.OptionalLiveReloadServer                      - LiveReload server is running on port 35729
2026-07-19 15:01:13                      [restDemo]                      [restartedMain]                      INFO                       o.a.coyote.http11.Http11NioProtocol                      - Starting ProtocolHandler ["http-nio-8001"]
2026-07-19 15:01:13                      [restDemo]                      [restartedMain]                      INFO                       o.s.b.w.e.tomcat.TomcatWebServer                      - Tomcat started on port 8001 (http) with context path '/'
2026-07-19 15:01:13                      [restDemo]                      [restartedMain]                      INFO                       com.restDemo.RestDemoApplication                      - Started RestDemoApplication in 32.409 seconds (process running for 33.463)
2026-07-19 15:01:35                      [restDemo]                      [http-nio-8001-exec-2]                      INFO                       o.a.c.c.C.[Tomcat].[localhost].[/]                      - Initializing Spring DispatcherServlet 'dispatcherServlet'
2026-07-19 15:01:35                      [restDemo]                      [http-nio-8001-exec-2]                      INFO                       o.s.web.servlet.DispatcherServlet                      - Initializing Servlet 'dispatcherServlet'
2026-07-19 15:01:35                      [restDemo]                      [http-nio-8001-exec-2]                      INFO                       o.s.web.servlet.DispatcherServlet                      - Completed initialization in 2 ms
2026-07-19 15:03:23                      [restDemo]                      [HikariPool-1:housekeeper]                      WARN                       com.zaxxer.hikari.pool.HikariPool                      - HikariPool-1 - Thread starvation or clock leap detected (housekeeper delta=2m46ms516µs900ns).
2026-07-19 15:03:23                      [restDemo]                      [SpringApplicationShutdownHook]                      INFO                       o.s.b.w.e.tomcat.GracefulShutdown                      - Commencing graceful shutdown. Waiting for active requests to complete
2026-07-19 15:03:23                      [restDemo]                      [http-nio-8001-exec-2]                      ERROR                      c.r.a.GlobalExceptionHandler                      - Exception while processing request
java.sql.SQLDataException: Cannot determine value type from string 'USR001'
	at com.mysql.cj.jdbc.exceptions.SQLError.createSQLException(SQLError.java:106)
	at com.mysql.cj.jdbc.exceptions.SQLError.createSQLException(SQLError.java:89)
	at com.mysql.cj.jdbc.exceptions.SQLError.createSQLException(SQLError.java:81)
	at com.mysql.cj.jdbc.exceptions.SQLError.createSQLException(SQLError.java:55)
	at com.mysql.cj.jdbc.exceptions.SQLError.createSQLException(SQLError.java:65)
	at com.mysql.cj.jdbc.exceptions.SQLExceptionsMapping.translateException(SQLExceptionsMapping.java:88)
	at com.mysql.cj.jdbc.result.ResultSetImpl.getObject(ResultSetImpl.java:1412)
	at com.mysql.cj.jdbc.result.ResultSetImpl.getLong(ResultSetImpl.java:882)
	at com.mysql.cj.jdbc.result.ResultSetImpl.getLong(ResultSetImpl.java:888)
	at com.zaxxer.hikari.pool.HikariProxyResultSet.getLong(HikariProxyResultSet.java)
	at com.restDemo.mapper.UserMapper.mapRow(UserMapper.java:16)
	at com.restDemo.mapper.UserMapper.mapRow(UserMapper.java:10)
	at org.springframework.jdbc.core.RowMapperResultSetExtractor.extractData(RowMapperResultSetExtractor.java:94)
	at org.springframework.jdbc.core.RowMapperResultSetExtractor.extractData(RowMapperResultSetExtractor.java:61)
	at org.springframework.jdbc.core.JdbcTemplate$1QueryStatementCallback.doInStatement(JdbcTemplate.java:464)
	at org.springframework.jdbc.core.JdbcTemplate.execute(JdbcTemplate.java:393)
	at org.springframework.jdbc.core.JdbcTemplate.query(JdbcTemplate.java:476)
	at org.springframework.jdbc.core.JdbcTemplate.query(JdbcTemplate.java:486)
	at com.restDemo.repositoryImpl.UserRepositoryImpl.getUsers(UserRepositoryImpl.java:19)
	at com.restDemo.service.UserService.getAllUserDTO(UserService.java:83)
	at java.base/jdk.internal.reflect.DirectMethodHandleAccessor.invoke(DirectMethodHandleAccessor.java:103)
	at java.base/java.lang.reflect.Method.invoke(Method.java:580)
	at org.springframework.aop.support.AopUtils.invokeJoinpointUsingReflection(AopUtils.java:360)
	at org.springframework.aop.framework.CglibAopProxy$DynamicAdvisedInterceptor.intercept(CglibAopProxy.java:724)
	at com.restDemo.service.UserService$$SpringCGLIB$$0.getAllUserDTO(<generated>)
	at com.restDemo.controller.UserController.getAllUsersDTO(UserController.java:66)
	at java.base/jdk.internal.reflect.DirectMethodHandleAccessor.invoke(DirectMethodHandleAccessor.java:103)
	at java.base/java.lang.reflect.Method.invoke(Method.java:580)
	at org.springframework.web.method.support.InvocableHandlerMethod.doInvoke(InvocableHandlerMethod.java:258)
	at org.springframework.web.method.support.InvocableHandlerMethod.invokeForRequest(InvocableHandlerMethod.java:191)
	at org.springframework.web.servlet.mvc.method.annotation.ServletInvocableHandlerMethod.invokeAndHandle(ServletInvocableHandlerMethod.java:118)
	at org.springframework.web.servlet.mvc.method.annotation.RequestMappingHandlerAdapter.invokeHandlerMethod(RequestMappingHandlerAdapter.java:991)
	at org.springframework.web.servlet.mvc.method.annotation.RequestMappingHandlerAdapter.handleInternal(RequestMappingHandlerAdapter.java:896)
	at org.springframework.web.servlet.mvc.method.AbstractHandlerMethodAdapter.handle(AbstractHandlerMethodAdapter.java:87)
	at org.springframework.web.servlet.DispatcherServlet.doDispatch(DispatcherServlet.java:1089)
	at org.springframework.web.servlet.DispatcherServlet.doService(DispatcherServlet.java:979)
	at org.springframework.web.servlet.FrameworkServlet.processRequest(FrameworkServlet.java:1014)
	at org.springframework.web.servlet.FrameworkServlet.doGet(FrameworkServlet.java:903)
	at jakarta.servlet.http.HttpServlet.service(HttpServlet.java:564)
	at org.springframework.web.servlet.FrameworkServlet.service(FrameworkServlet.java:885)
	at jakarta.servlet.http.HttpServlet.service(HttpServlet.java:658)
	at org.apache.catalina.core.ApplicationFilterChain.internalDoFilter(ApplicationFilterChain.java:195)
	at org.apache.catalina.core.ApplicationFilterChain.doFilter(ApplicationFilterChain.java:140)
	at org.apache.tomcat.websocket.server.WsFilter.doFilter(WsFilter.java:51)
	at org.apache.catalina.core.ApplicationFilterChain.internalDoFilter(ApplicationFilterChain.java:164)
	at org.apache.catalina.core.ApplicationFilterChain.doFilter(ApplicationFilterChain.java:140)
	at com.restDemo.tenant.TenantFilter.doFilterInternal(TenantFilter.java:32)
	at org.springframework.web.filter.OncePerRequestFilter.doFilter(OncePerRequestFilter.java:116)
	at org.apache.catalina.core.ApplicationFilterChain.internalDoFilter(ApplicationFilterChain.java:164)
	at org.apache.catalina.core.ApplicationFilterChain.doFilter(ApplicationFilterChain.java:140)
	at org.springframework.web.filter.CompositeFilter$VirtualFilterChain.doFilter(CompositeFilter.java:108)
	at org.springframework.web.filter.CompositeFilter$VirtualFilterChain.doFilter(CompositeFilter.java:108)
	at org.springframework.security.web.FilterChainProxy.lambda$doFilterInternal$3(FilterChainProxy.java:231)
	at org.springframework.security.web.FilterChainProxy$VirtualFilterChain.doFilter(FilterChainProxy.java:365)
	at org.springframework.security.web.access.intercept.AuthorizationFilter.doFilter(AuthorizationFilter.java:101)
	at org.springframework.security.web.FilterChainProxy$VirtualFilterChain.doFilter(FilterChainProxy.java:374)
	at org.springframework.security.web.access.ExceptionTranslationFilter.doFilter(ExceptionTranslationFilter.java:125)
	at org.springframework.security.web.access.ExceptionTranslationFilter.doFilter(ExceptionTranslationFilter.java:119)
	at org.springframework.security.web.FilterChainProxy$VirtualFilterChain.doFilter(FilterChainProxy.java:374)
	at org.springframework.security.web.authentication.AnonymousAuthenticationFilter.doFilter(AnonymousAuthenticationFilter.java:100)
	at org.springframework.security.web.FilterChainProxy$VirtualFilterChain.doFilter(FilterChainProxy.java:374)
	at org.springframework.security.web.servletapi.SecurityContextHolderAwareRequestFilter.doFilter(SecurityContextHolderAwareRequestFilter.java:179)
	at org.springframework.security.web.FilterChainProxy$VirtualFilterChain.doFilter(FilterChainProxy.java:374)
	at org.springframework.security.web.savedrequest.RequestCacheAwareFilter.doFilter(RequestCacheAwareFilter.java:63)
	at org.springframework.security.web.FilterChainProxy$VirtualFilterChain.doFilter(FilterChainProxy.java:374)
	at org.springframework.security.web.authentication.logout.LogoutFilter.doFilter(LogoutFilter.java:107)
	at org.springframework.security.web.authentication.logout.LogoutFilter.doFilter(LogoutFilter.java:93)
	at org.springframework.security.web.FilterChainProxy$VirtualFilterChain.doFilter(FilterChainProxy.java:374)
	at org.springframework.security.web.header.HeaderWriterFilter.doHeadersAfter(HeaderWriterFilter.java:90)
	at org.springframework.security.web.header.HeaderWriterFilter.doFilterInternal(HeaderWriterFilter.java:75)
	at org.springframework.web.filter.OncePerRequestFilter.doFilter(OncePerRequestFilter.java:116)
	at org.springframework.security.web.FilterChainProxy$VirtualFilterChain.doFilter(FilterChainProxy.java:374)
	at org.springframework.security.web.context.SecurityContextHolderFilter.doFilter(SecurityContextHolderFilter.java:82)
	at org.springframework.security.web.context.SecurityContextHolderFilter.doFilter(SecurityContextHolderFilter.java:69)
	at org.springframework.security.web.FilterChainProxy$VirtualFilterChain.doFilter(FilterChainProxy.java:374)
	at org.springframework.security.web.context.request.async.WebAsyncManagerIntegrationFilter.doFilterInternal(WebAsyncManagerIntegrationFilter.java:62)
	at org.springframework.web.filter.OncePerRequestFilter.doFilter(OncePerRequestFilter.java:116)
	at org.springframework.security.web.FilterChainProxy$VirtualFilterChain.doFilter(FilterChainProxy.java:374)
	at org.springframework.security.web.session.DisableEncodeUrlFilter.doFilterInternal(DisableEncodeUrlFilter.java:42)
	at org.springframework.web.filter.OncePerRequestFilter.doFilter(OncePerRequestFilter.java:116)
	at org.springframework.security.web.FilterChainProxy$VirtualFilterChain.doFilter(FilterChainProxy.java:374)
	at org.springframework.security.web.FilterChainProxy.doFilterInternal(FilterChainProxy.java:233)
	at org.springframework.security.web.FilterChainProxy.doFilter(FilterChainProxy.java:191)
	at org.springframework.web.filter.CompositeFilter$VirtualFilterChain.doFilter(CompositeFilter.java:113)
	at org.springframework.web.filter.ServletRequestPathFilter.doFilter(ServletRequestPathFilter.java:52)
	at org.springframework.web.filter.CompositeFilter$VirtualFilterChain.doFilter(CompositeFilter.java:113)
	at org.springframework.web.filter.CompositeFilter.doFilter(CompositeFilter.java:74)
	at org.springframework.security.config.annotation.web.configuration.WebSecurityConfiguration$CompositeFilterChainProxy.doFilter(WebSecurityConfiguration.java:319)
	at org.springframework.web.filter.CompositeFilter$VirtualFilterChain.doFilter(CompositeFilter.java:113)
	at org.springframework.web.servlet.handler.HandlerMappingIntrospector.lambda$createCacheFilter$4(HandlerMappingIntrospector.java:267)
	at org.springframework.web.filter.CompositeFilter$VirtualFilterChain.doFilter(CompositeFilter.java:113)
	at org.springframework.web.filter.CompositeFilter.doFilter(CompositeFilter.java:74)
	at org.springframework.security.config.annotation.web.configuration.WebMvcSecurityConfiguration$CompositeFilterChainProxy.doFilter(WebMvcSecurityConfiguration.java:240)
	at org.springframework.web.filter.DelegatingFilterProxy.invokeDelegate(DelegatingFilterProxy.java:362)
	at org.springframework.web.filter.DelegatingFilterProxy.doFilter(DelegatingFilterProxy.java:278)
	at org.apache.catalina.core.ApplicationFilterChain.internalDoFilter(ApplicationFilterChain.java:164)
	at org.apache.catalina.core.ApplicationFilterChain.doFilter(ApplicationFilterChain.java:140)
	at org.springframework.web.filter.RequestContextFilter.doFilterInternal(RequestContextFilter.java:100)
	at org.springframework.web.filter.OncePerRequestFilter.doFilter(OncePerRequestFilter.java:116)
	at org.apache.catalina.core.ApplicationFilterChain.internalDoFilter(ApplicationFilterChain.java:164)
	at org.apache.catalina.core.ApplicationFilterChain.doFilter(ApplicationFilterChain.java:140)
	at org.springframework.web.filter.FormContentFilter.doFilterInternal(FormContentFilter.java:93)
	at org.springframework.web.filter.OncePerRequestFilter.doFilter(OncePerRequestFilter.java:116)
	at org.apache.catalina.core.ApplicationFilterChain.internalDoFilter(ApplicationFilterChain.java:164)
	at org.apache.catalina.core.ApplicationFilterChain.doFilter(ApplicationFilterChain.java:140)
	at org.springframework.web.filter.CharacterEncodingFilter.doFilterInternal(CharacterEncodingFilter.java:201)
	at org.springframework.web.filter.OncePerRequestFilter.doFilter(OncePerRequestFilter.java:116)
	at org.apache.catalina.core.ApplicationFilterChain.internalDoFilter(ApplicationFilterChain.java:164)
	at org.apache.catalina.core.ApplicationFilterChain.doFilter(ApplicationFilterChain.java:140)
	at org.apache.catalina.core.StandardWrapperValve.invoke(StandardWrapperValve.java:167)
	at org.apache.catalina.core.StandardContextValve.invoke(StandardContextValve.java:90)
	at org.apache.catalina.authenticator.AuthenticatorBase.invoke(AuthenticatorBase.java:483)
	at org.apache.catalina.core.StandardHostValve.invoke(StandardHostValve.java:116)
	at org.apache.catalina.valves.ErrorReportValve.invoke(ErrorReportValve.java:93)
	at org.apache.catalina.core.StandardEngineValve.invoke(StandardEngineValve.java:74)
	at org.apache.catalina.connector.CoyoteAdapter.service(CoyoteAdapter.java:344)
	at org.apache.coyote.http11.Http11Processor.service(Http11Processor.java:398)
	at org.apache.coyote.AbstractProcessorLight.process(AbstractProcessorLight.java:63)
	at org.apache.coyote.AbstractProtocol$ConnectionHandler.process(AbstractProtocol.java:903)
	at org.apache.tomcat.util.net.NioEndpoint$SocketProcessor.doRun(NioEndpoint.java:1776)
	at org.apache.tomcat.util.net.SocketProcessorBase.run(SocketProcessorBase.java:52)
	at org.apache.tomcat.util.threads.ThreadPoolExecutor.runWorker(ThreadPoolExecutor.java:975)
	at org.apache.tomcat.util.threads.ThreadPoolExecutor$Worker.run(ThreadPoolExecutor.java:493)
	at org.apache.tomcat.util.threads.TaskThread$WrappingRunnable.run(TaskThread.java:63)
	at java.base/java.lang.Thread.run(Thread.java:1575)
Caused by: com.mysql.cj.exceptions.DataConversionException: Cannot determine value type from string 'USR001'
	at com.mysql.cj.result.AbstractNumericValueFactory.createFromBytes(AbstractNumericValueFactory.java:66)
	at com.mysql.cj.protocol.a.MysqlTextValueDecoder.decodeByteArray(MysqlTextValueDecoder.java:151)
	at com.mysql.cj.protocol.result.AbstractResultsetRow.decodeAndCreateReturnValue(AbstractResultsetRow.java:127)
	at com.mysql.cj.protocol.result.AbstractResultsetRow.getValueFromBytes(AbstractResultsetRow.java:235)
	at com.mysql.cj.protocol.a.result.ByteArrayRow.getValue(ByteArrayRow.java:82)
	at com.mysql.cj.jdbc.result.ResultSetImpl.getObject(ResultSetImpl.java:1315)
	... 118 common frames omitted
2026-07-19 15:03:23                      [restDemo]                      [http-nio-8001-exec-2]                      WARN                       o.s.w.s.m.m.a.ExceptionHandlerExceptionResolver                      - Resolved [org.springframework.dao.DataIntegrityViolationException: StatementCallback; SQL [SELECT * FROM users]; Cannot determine value type from string 'USR001']
2026-07-19 15:03:23                      [restDemo]                      [tomcat-shutdown]                      INFO                       o.s.b.w.e.tomcat.GracefulShutdown                      - Graceful shutdown complete
2026-07-19 15:03:23                      [restDemo]                      [SpringApplicationShutdownHook]                      INFO                       o.s.o.j.LocalContainerEntityManagerFactoryBean                      - Closing JPA EntityManagerFactory for persistence unit 'default'
2026-07-19 15:03:29                      [restDemo]                      [background-preinit]                      INFO                       o.h.validator.internal.util.Version                      - HV000001: Hibernate Validator 8.0.3.Final
2026-07-19 15:03:29                      [restDemo]                      [restartedMain]                      INFO                       com.restDemo.RestDemoApplication                      - Starting RestDemoApplication using Java 23.0.1 with PID 20616 (D:\Spring Boot\Spring boot Projects\restDemo\target\classes started by Zahir in D:\Spring Boot\Spring boot Projects\restDemo)
2026-07-19 15:03:29                      [restDemo]                      [restartedMain]                      INFO                       com.restDemo.RestDemoApplication                      - No active profile set, falling back to 1 default profile: "default"
2026-07-19 15:03:29                      [restDemo]                      [restartedMain]                      INFO                       o.s.b.d.e.DevToolsPropertyDefaultsPostProcessor                      - Devtools property defaults active! Set 'spring.devtools.add-properties' to 'false' to disable
2026-07-19 15:03:29                      [restDemo]                      [restartedMain]                      INFO                       o.s.b.d.e.DevToolsPropertyDefaultsPostProcessor                      - For additional web related logging consider setting the 'logging.level.web' property to 'DEBUG'
2026-07-19 15:03:31                      [restDemo]                      [restartedMain]                      INFO                       o.s.d.r.c.RepositoryConfigurationDelegate                      - Bootstrapping Spring Data JPA repositories in DEFAULT mode.
2026-07-19 15:03:31                      [restDemo]                      [restartedMain]                      INFO                       o.s.d.r.c.RepositoryConfigurationDelegate                      - Finished Spring Data repository scanning in 112 ms. Found 1 JPA repository interface.
2026-07-19 15:03:32                      [restDemo]                      [restartedMain]                      INFO                       o.s.b.w.e.tomcat.TomcatWebServer                      - Tomcat initialized with port 8001 (http)
2026-07-19 15:03:32                      [restDemo]                      [restartedMain]                      INFO                       o.a.coyote.http11.Http11NioProtocol                      - Initializing ProtocolHandler ["http-nio-8001"]
2026-07-19 15:03:32                      [restDemo]                      [restartedMain]                      INFO                       o.a.catalina.core.StandardService                      - Starting service [Tomcat]
2026-07-19 15:03:32                      [restDemo]                      [restartedMain]                      INFO                       o.a.catalina.core.StandardEngine                      - Starting Servlet engine: [Apache Tomcat/10.1.46]
2026-07-19 15:03:32                      [restDemo]                      [restartedMain]                      INFO                       o.a.c.c.C.[Tomcat].[localhost].[/]                      - Initializing Spring embedded WebApplicationContext
2026-07-19 15:03:32                      [restDemo]                      [restartedMain]                      INFO                       o.s.b.w.s.c.ServletWebServerApplicationContext                      - Root WebApplicationContext: initialization completed in 3376 ms
2026-07-19 15:03:33                      [restDemo]                      [restartedMain]                      INFO                       o.h.jpa.internal.util.LogHelper                      - HHH000204: Processing PersistenceUnitInfo [name: default]
2026-07-19 15:03:33                      [restDemo]                      [restartedMain]                      INFO                       org.hibernate.Version                      - HHH000412: Hibernate ORM core version 6.6.29.Final
2026-07-19 15:03:33                      [restDemo]                      [restartedMain]                      INFO                       o.h.c.i.RegionFactoryInitiator                      - HHH000026: Second-level cache disabled
2026-07-19 15:03:33                      [restDemo]                      [restartedMain]                      INFO                       o.s.o.j.p.SpringPersistenceUnitInfo                      - No LoadTimeWeaver setup: ignoring JPA class transformer
2026-07-19 15:03:33                      [restDemo]                      [restartedMain]                      INFO                       com.zaxxer.hikari.HikariDataSource                      - HikariPool-1 - Starting...
2026-07-19 15:03:34                      [restDemo]                      [restartedMain]                      INFO                       com.zaxxer.hikari.pool.HikariPool                      - HikariPool-1 - Added connection com.mysql.cj.jdbc.ConnectionImpl@10f850e9
2026-07-19 15:03:34                      [restDemo]                      [restartedMain]                      INFO                       com.zaxxer.hikari.HikariDataSource                      - HikariPool-1 - Start completed.
2026-07-19 15:03:34                      [restDemo]                      [restartedMain]                      WARN                       org.hibernate.orm.deprecation                      - HHH90000025: MySQLDialect does not need to be specified explicitly using 'hibernate.dialect' (remove the property setting and it will be selected by default)
2026-07-19 15:03:34                      [restDemo]                      [restartedMain]                      INFO                       o.hibernate.orm.connections.pooling                      - HHH10001005: Database info:
	Database JDBC URL [undefined/unknown]
	Database driver: undefined/unknown
	Database version: 8.0.34
	Autocommit mode: undefined/unknown
	Isolation level: undefined/unknown
	Minimum pool size: undefined/unknown
	Maximum pool size: undefined/unknown
2026-07-19 15:03:35                      [restDemo]                      [restartedMain]                      INFO                       o.h.e.t.j.p.i.JtaPlatformInitiator                      - HHH000489: No JTA platform available (set 'hibernate.transaction.jta.platform' to enable JTA platform integration)
2026-07-19 15:03:35                      [restDemo]                      [restartedMain]                      INFO                       o.s.o.j.LocalContainerEntityManagerFactoryBean                      - Initialized JPA EntityManagerFactory for persistence unit 'default'
2026-07-19 15:03:38                      [restDemo]                      [restartedMain]                      WARN                       o.s.b.a.o.j.JpaBaseConfiguration$JpaWebConfiguration                      - spring.jpa.open-in-view is enabled by default. Therefore, database queries may be performed during view rendering. Explicitly configure spring.jpa.open-in-view to disable this warning
2026-07-19 15:03:39                      [restDemo]                      [restartedMain]                      WARN                       o.s.b.a.s.s.UserDetailsServiceAutoConfiguration                      - 

Using generated security password: a43c085b-9b29-4d6c-b0c8-415e7b6fa653

This generated password is for development use only. Your security configuration must be updated before running your application in production.

2026-07-19 15:03:39                      [restDemo]                      [restartedMain]                      INFO                       o.s.s.c.a.a.c.InitializeUserDetailsBeanManagerConfigurer$InitializeUserDetailsManagerConfigurer                      - Global AuthenticationManager configured with UserDetailsService bean with name inMemoryUserDetailsManager
2026-07-19 15:03:40                      [restDemo]                      [restartedMain]                      INFO                       o.s.b.d.a.OptionalLiveReloadServer                      - LiveReload server is running on port 35729
2026-07-19 15:03:40                      [restDemo]                      [restartedMain]                      INFO                       o.a.coyote.http11.Http11NioProtocol                      - Starting ProtocolHandler ["http-nio-8001"]
2026-07-19 15:03:40                      [restDemo]                      [restartedMain]                      INFO                       o.s.b.w.e.tomcat.TomcatWebServer                      - Tomcat started on port 8001 (http) with context path '/'
2026-07-19 15:03:40                      [restDemo]                      [restartedMain]                      INFO                       com.restDemo.RestDemoApplication                      - Started RestDemoApplication in 12.454 seconds (process running for 13.364)
2026-07-19 15:03:44                      [restDemo]                      [http-nio-8001-exec-3]                      INFO                       o.a.c.c.C.[Tomcat].[localhost].[/]                      - Initializing Spring DispatcherServlet 'dispatcherServlet'
2026-07-19 15:03:44                      [restDemo]                      [http-nio-8001-exec-3]                      INFO                       o.s.web.servlet.DispatcherServlet                      - Initializing Servlet 'dispatcherServlet'
2026-07-19 15:03:44                      [restDemo]                      [http-nio-8001-exec-3]                      INFO                       o.s.web.servlet.DispatcherServlet                      - Completed initialization in 1 ms
2026-07-19 15:03:48                      [restDemo]                      [http-nio-8001-exec-3]                      DEBUG                      org.hibernate.SQL                      - select u1_0.id,u1_0.city,u1_0.created_at,u1_0.created_by,u1_0.created_date,u1_0.email_id,u1_0.mobile_no,u1_0.name,u1_0.password,u1_0.updated_at,u1_0.updated_by,u1_0.updated_date,u1_0.user_id,u1_0.user_name from users u1_0 where u1_0.user_name=?
2026-07-19 15:03:49                      [restDemo]                      [http-nio-8001-exec-3]                      DEBUG                      org.hibernate.SQL                      - select u1_0.id from users u1_0 where u1_0.email_id=? limit ?
2026-07-19 15:03:55                      [restDemo]                      [http-nio-8001-exec-3]                      ERROR                      c.r.a.GlobalExceptionHandler                      - Exception while processing request
java.lang.IllegalStateException: Email id Already Exist
	at com.restDemo.service.UserService.insert(UserService.java:39)
	at java.base/jdk.internal.reflect.DirectMethodHandleAccessor.invoke(DirectMethodHandleAccessor.java:103)
	at java.base/java.lang.reflect.Method.invoke(Method.java:580)
	at org.springframework.aop.support.AopUtils.invokeJoinpointUsingReflection(AopUtils.java:360)
	at org.springframework.aop.framework.CglibAopProxy$DynamicAdvisedInterceptor.intercept(CglibAopProxy.java:724)
	at com.restDemo.service.UserService$$SpringCGLIB$$0.insert(<generated>)
	at com.restDemo.controller.UserController.insert(UserController.java:41)
	at java.base/jdk.internal.reflect.DirectMethodHandleAccessor.invoke(DirectMethodHandleAccessor.java:103)
	at java.base/java.lang.reflect.Method.invoke(Method.java:580)
	at org.springframework.web.method.support.InvocableHandlerMethod.doInvoke(InvocableHandlerMethod.java:258)
	at org.springframework.web.method.support.InvocableHandlerMethod.invokeForRequest(InvocableHandlerMethod.java:191)
	at org.springframework.web.servlet.mvc.method.annotation.ServletInvocableHandlerMethod.invokeAndHandle(ServletInvocableHandlerMethod.java:118)
	at org.springframework.web.servlet.mvc.method.annotation.RequestMappingHandlerAdapter.invokeHandlerMethod(RequestMappingHandlerAdapter.java:991)
	at org.springframework.web.servlet.mvc.method.annotation.RequestMappingHandlerAdapter.handleInternal(RequestMappingHandlerAdapter.java:896)
	at org.springframework.web.servlet.mvc.method.AbstractHandlerMethodAdapter.handle(AbstractHandlerMethodAdapter.java:87)
	at org.springframework.web.servlet.DispatcherServlet.doDispatch(DispatcherServlet.java:1089)
	at org.springframework.web.servlet.DispatcherServlet.doService(DispatcherServlet.java:979)
	at org.springframework.web.servlet.FrameworkServlet.processRequest(FrameworkServlet.java:1014)
	at org.springframework.web.servlet.FrameworkServlet.doPost(FrameworkServlet.java:914)
	at jakarta.servlet.http.HttpServlet.service(HttpServlet.java:590)
	at org.springframework.web.servlet.FrameworkServlet.service(FrameworkServlet.java:885)
	at jakarta.servlet.http.HttpServlet.service(HttpServlet.java:658)
	at org.apache.catalina.core.ApplicationFilterChain.internalDoFilter(ApplicationFilterChain.java:195)
	at org.apache.catalina.core.ApplicationFilterChain.doFilter(ApplicationFilterChain.java:140)
	at org.apache.tomcat.websocket.server.WsFilter.doFilter(WsFilter.java:51)
	at org.apache.catalina.core.ApplicationFilterChain.internalDoFilter(ApplicationFilterChain.java:164)
	at org.apache.catalina.core.ApplicationFilterChain.doFilter(ApplicationFilterChain.java:140)
	at com.restDemo.tenant.TenantFilter.doFilterInternal(TenantFilter.java:32)
	at org.springframework.web.filter.OncePerRequestFilter.doFilter(OncePerRequestFilter.java:116)
	at org.apache.catalina.core.ApplicationFilterChain.internalDoFilter(ApplicationFilterChain.java:164)
	at org.apache.catalina.core.ApplicationFilterChain.doFilter(ApplicationFilterChain.java:140)
	at org.springframework.web.filter.CompositeFilter$VirtualFilterChain.doFilter(CompositeFilter.java:108)
	at org.springframework.web.filter.CompositeFilter$VirtualFilterChain.doFilter(CompositeFilter.java:108)
	at org.springframework.security.web.FilterChainProxy.lambda$doFilterInternal$3(FilterChainProxy.java:231)
	at org.springframework.security.web.FilterChainProxy$VirtualFilterChain.doFilter(FilterChainProxy.java:365)
	at org.springframework.security.web.access.intercept.AuthorizationFilter.doFilter(AuthorizationFilter.java:101)
	at org.springframework.security.web.FilterChainProxy$VirtualFilterChain.doFilter(FilterChainProxy.java:374)
	at org.springframework.security.web.access.ExceptionTranslationFilter.doFilter(ExceptionTranslationFilter.java:125)
	at org.springframework.security.web.access.ExceptionTranslationFilter.doFilter(ExceptionTranslationFilter.java:119)
	at org.springframework.security.web.FilterChainProxy$VirtualFilterChain.doFilter(FilterChainProxy.java:374)
	at org.springframework.security.web.authentication.AnonymousAuthenticationFilter.doFilter(AnonymousAuthenticationFilter.java:100)
	at org.springframework.security.web.FilterChainProxy$VirtualFilterChain.doFilter(FilterChainProxy.java:374)
	at org.springframework.security.web.servletapi.SecurityContextHolderAwareRequestFilter.doFilter(SecurityContextHolderAwareRequestFilter.java:179)
	at org.springframework.security.web.FilterChainProxy$VirtualFilterChain.doFilter(FilterChainProxy.java:374)
	at org.springframework.security.web.savedrequest.RequestCacheAwareFilter.doFilter(RequestCacheAwareFilter.java:63)
	at org.springframework.security.web.FilterChainProxy$VirtualFilterChain.doFilter(FilterChainProxy.java:374)
	at org.springframework.security.web.authentication.logout.LogoutFilter.doFilter(LogoutFilter.java:107)
	at org.springframework.security.web.authentication.logout.LogoutFilter.doFilter(LogoutFilter.java:93)
	at org.springframework.security.web.FilterChainProxy$VirtualFilterChain.doFilter(FilterChainProxy.java:374)
	at org.springframework.security.web.header.HeaderWriterFilter.doHeadersAfter(HeaderWriterFilter.java:90)
	at org.springframework.security.web.header.HeaderWriterFilter.doFilterInternal(HeaderWriterFilter.java:75)
	at org.springframework.web.filter.OncePerRequestFilter.doFilter(OncePerRequestFilter.java:116)
	at org.springframework.security.web.FilterChainProxy$VirtualFilterChain.doFilter(FilterChainProxy.java:374)
	at org.springframework.security.web.context.SecurityContextHolderFilter.doFilter(SecurityContextHolderFilter.java:82)
	at org.springframework.security.web.context.SecurityContextHolderFilter.doFilter(SecurityContextHolderFilter.java:69)
	at org.springframework.security.web.FilterChainProxy$VirtualFilterChain.doFilter(FilterChainProxy.java:374)
	at org.springframework.security.web.context.request.async.WebAsyncManagerIntegrationFilter.doFilterInternal(WebAsyncManagerIntegrationFilter.java:62)
	at org.springframework.web.filter.OncePerRequestFilter.doFilter(OncePerRequestFilter.java:116)
	at org.springframework.security.web.FilterChainProxy$VirtualFilterChain.doFilter(FilterChainProxy.java:374)
	at org.springframework.security.web.session.DisableEncodeUrlFilter.doFilterInternal(DisableEncodeUrlFilter.java:42)
	at org.springframework.web.filter.OncePerRequestFilter.doFilter(OncePerRequestFilter.java:116)
	at org.springframework.security.web.FilterChainProxy$VirtualFilterChain.doFilter(FilterChainProxy.java:374)
	at org.springframework.security.web.FilterChainProxy.doFilterInternal(FilterChainProxy.java:233)
	at org.springframework.security.web.FilterChainProxy.doFilter(FilterChainProxy.java:191)
	at org.springframework.web.filter.CompositeFilter$VirtualFilterChain.doFilter(CompositeFilter.java:113)
	at org.springframework.web.filter.ServletRequestPathFilter.doFilter(ServletRequestPathFilter.java:52)
	at org.springframework.web.filter.CompositeFilter$VirtualFilterChain.doFilter(CompositeFilter.java:113)
	at org.springframework.web.filter.CompositeFilter.doFilter(CompositeFilter.java:74)
	at org.springframework.security.config.annotation.web.configuration.WebSecurityConfiguration$CompositeFilterChainProxy.doFilter(WebSecurityConfiguration.java:319)
	at org.springframework.web.filter.CompositeFilter$VirtualFilterChain.doFilter(CompositeFilter.java:113)
	at org.springframework.web.servlet.handler.HandlerMappingIntrospector.lambda$createCacheFilter$4(HandlerMappingIntrospector.java:267)
	at org.springframework.web.filter.CompositeFilter$VirtualFilterChain.doFilter(CompositeFilter.java:113)
	at org.springframework.web.filter.CompositeFilter.doFilter(CompositeFilter.java:74)
	at org.springframework.security.config.annotation.web.configuration.WebMvcSecurityConfiguration$CompositeFilterChainProxy.doFilter(WebMvcSecurityConfiguration.java:240)
	at org.springframework.web.filter.DelegatingFilterProxy.invokeDelegate(DelegatingFilterProxy.java:362)
	at org.springframework.web.filter.DelegatingFilterProxy.doFilter(DelegatingFilterProxy.java:278)
	at org.apache.catalina.core.ApplicationFilterChain.internalDoFilter(ApplicationFilterChain.java:164)
	at org.apache.catalina.core.ApplicationFilterChain.doFilter(ApplicationFilterChain.java:140)
	at org.springframework.web.filter.RequestContextFilter.doFilterInternal(RequestContextFilter.java:100)
	at org.springframework.web.filter.OncePerRequestFilter.doFilter(OncePerRequestFilter.java:116)
	at org.apache.catalina.core.ApplicationFilterChain.internalDoFilter(ApplicationFilterChain.java:164)
	at org.apache.catalina.core.ApplicationFilterChain.doFilter(ApplicationFilterChain.java:140)
	at org.springframework.web.filter.FormContentFilter.doFilterInternal(FormContentFilter.java:93)
	at org.springframework.web.filter.OncePerRequestFilter.doFilter(OncePerRequestFilter.java:116)
	at org.apache.catalina.core.ApplicationFilterChain.internalDoFilter(ApplicationFilterChain.java:164)
	at org.apache.catalina.core.ApplicationFilterChain.doFilter(ApplicationFilterChain.java:140)
	at org.springframework.web.filter.CharacterEncodingFilter.doFilterInternal(CharacterEncodingFilter.java:201)
	at org.springframework.web.filter.OncePerRequestFilter.doFilter(OncePerRequestFilter.java:116)
	at org.apache.catalina.core.ApplicationFilterChain.internalDoFilter(ApplicationFilterChain.java:164)
	at org.apache.catalina.core.ApplicationFilterChain.doFilter(ApplicationFilterChain.java:140)
	at org.apache.catalina.core.StandardWrapperValve.invoke(StandardWrapperValve.java:167)
	at org.apache.catalina.core.StandardContextValve.invoke(StandardContextValve.java:90)
	at org.apache.catalina.authenticator.AuthenticatorBase.invoke(AuthenticatorBase.java:483)
	at org.apache.catalina.core.StandardHostValve.invoke(StandardHostValve.java:116)
	at org.apache.catalina.valves.ErrorReportValve.invoke(ErrorReportValve.java:93)
	at org.apache.catalina.core.StandardEngineValve.invoke(StandardEngineValve.java:74)
	at org.apache.catalina.connector.CoyoteAdapter.service(CoyoteAdapter.java:344)
	at org.apache.coyote.http11.Http11Processor.service(Http11Processor.java:398)
	at org.apache.coyote.AbstractProcessorLight.process(AbstractProcessorLight.java:63)
	at org.apache.coyote.AbstractProtocol$ConnectionHandler.process(AbstractProtocol.java:903)
	at org.apache.tomcat.util.net.NioEndpoint$SocketProcessor.doRun(NioEndpoint.java:1776)
	at org.apache.tomcat.util.net.SocketProcessorBase.run(SocketProcessorBase.java:52)
	at org.apache.tomcat.util.threads.ThreadPoolExecutor.runWorker(ThreadPoolExecutor.java:975)
	at org.apache.tomcat.util.threads.ThreadPoolExecutor$Worker.run(ThreadPoolExecutor.java:493)
	at org.apache.tomcat.util.threads.TaskThread$WrappingRunnable.run(TaskThread.java:63)
	at java.base/java.lang.Thread.run(Thread.java:1575)
2026-07-19 15:03:55                      [restDemo]                      [http-nio-8001-exec-3]                      WARN                       o.s.w.s.m.m.a.ExceptionHandlerExceptionResolver                      - Resolved [com.restDemo.apiexceptions.ApiException: java.lang.IllegalStateException: Email id Already Exist]
2026-07-19 15:05:08                      [restDemo]                      [HikariPool-1:housekeeper]                      WARN                       com.zaxxer.hikari.pool.HikariPool                      - HikariPool-1 - Thread starvation or clock leap detected (housekeeper delta=1m2s681ms728µs300ns).
2026-07-19 15:05:12                      [restDemo]                      [http-nio-8001-exec-10]                      INFO                       com.restDemo.service.UserService                      - ERROR WHILE GETTING
2026-07-19 15:20:25                      [restDemo]                      [SpringApplicationShutdownHook]                      INFO                       o.s.b.w.e.tomcat.GracefulShutdown                      - Commencing graceful shutdown. Waiting for active requests to complete
2026-07-19 15:20:25                      [restDemo]                      [tomcat-shutdown]                      INFO                       o.s.b.w.e.tomcat.GracefulShutdown                      - Graceful shutdown complete
2026-07-19 15:20:25                      [restDemo]                      [SpringApplicationShutdownHook]                      INFO                       o.s.o.j.LocalContainerEntityManagerFactoryBean                      - Closing JPA EntityManagerFactory for persistence unit 'default'
2026-07-19 15:20:31                      [restDemo]                      [background-preinit]                      INFO                       o.h.validator.internal.util.Version                      - HV000001: Hibernate Validator 8.0.3.Final
2026-07-19 15:20:31                      [restDemo]                      [restartedMain]                      INFO                       com.restDemo.RestDemoApplication                      - Starting RestDemoApplication using Java 23.0.1 with PID 21236 (D:\Spring Boot\Spring boot Projects\restDemo\target\classes started by Zahir in D:\Spring Boot\Spring boot Projects\restDemo)
2026-07-19 15:20:31                      [restDemo]                      [restartedMain]                      INFO                       com.restDemo.RestDemoApplication                      - No active profile set, falling back to 1 default profile: "default"
2026-07-19 15:20:31                      [restDemo]                      [restartedMain]                      INFO                       o.s.b.d.e.DevToolsPropertyDefaultsPostProcessor                      - Devtools property defaults active! Set 'spring.devtools.add-properties' to 'false' to disable
2026-07-19 15:20:31                      [restDemo]                      [restartedMain]                      INFO                       o.s.b.d.e.DevToolsPropertyDefaultsPostProcessor                      - For additional web related logging consider setting the 'logging.level.web' property to 'DEBUG'
2026-07-19 15:20:33                      [restDemo]                      [restartedMain]                      INFO                       o.s.d.r.c.RepositoryConfigurationDelegate                      - Bootstrapping Spring Data JPA repositories in DEFAULT mode.
2026-07-19 15:20:33                      [restDemo]                      [restartedMain]                      INFO                       o.s.d.r.c.RepositoryConfigurationDelegate                      - Finished Spring Data repository scanning in 124 ms. Found 1 JPA repository interface.
2026-07-19 15:20:35                      [restDemo]                      [restartedMain]                      INFO                       o.s.b.w.e.tomcat.TomcatWebServer                      - Tomcat initialized with port 8001 (http)
2026-07-19 15:20:35                      [restDemo]                      [restartedMain]                      INFO                       o.a.coyote.http11.Http11NioProtocol                      - Initializing ProtocolHandler ["http-nio-8001"]
2026-07-19 15:20:35                      [restDemo]                      [restartedMain]                      INFO                       o.a.catalina.core.StandardService                      - Starting service [Tomcat]
2026-07-19 15:20:35                      [restDemo]                      [restartedMain]                      INFO                       o.a.catalina.core.StandardEngine                      - Starting Servlet engine: [Apache Tomcat/10.1.46]
2026-07-19 15:20:35                      [restDemo]                      [restartedMain]                      INFO                       o.a.c.c.C.[Tomcat].[localhost].[/]                      - Initializing Spring embedded WebApplicationContext
2026-07-19 15:20:35                      [restDemo]                      [restartedMain]                      INFO                       o.s.b.w.s.c.ServletWebServerApplicationContext                      - Root WebApplicationContext: initialization completed in 4230 ms
2026-07-19 15:20:36                      [restDemo]                      [restartedMain]                      INFO                       o.h.jpa.internal.util.LogHelper                      - HHH000204: Processing PersistenceUnitInfo [name: default]
2026-07-19 15:20:36                      [restDemo]                      [restartedMain]                      INFO                       org.hibernate.Version                      - HHH000412: Hibernate ORM core version 6.6.29.Final
2026-07-19 15:20:36                      [restDemo]                      [restartedMain]                      INFO                       o.h.c.i.RegionFactoryInitiator                      - HHH000026: Second-level cache disabled
2026-07-19 15:20:36                      [restDemo]                      [restartedMain]                      INFO                       o.s.o.j.p.SpringPersistenceUnitInfo                      - No LoadTimeWeaver setup: ignoring JPA class transformer
2026-07-19 15:20:36                      [restDemo]                      [restartedMain]                      INFO                       com.zaxxer.hikari.HikariDataSource                      - HikariPool-1 - Starting...
2026-07-19 15:20:37                      [restDemo]                      [restartedMain]                      INFO                       com.zaxxer.hikari.pool.HikariPool                      - HikariPool-1 - Added connection com.mysql.cj.jdbc.ConnectionImpl@10f850e9
2026-07-19 15:20:37                      [restDemo]                      [restartedMain]                      INFO                       com.zaxxer.hikari.HikariDataSource                      - HikariPool-1 - Start completed.
2026-07-19 15:20:37                      [restDemo]                      [restartedMain]                      WARN                       org.hibernate.orm.deprecation                      - HHH90000025: MySQLDialect does not need to be specified explicitly using 'hibernate.dialect' (remove the property setting and it will be selected by default)
2026-07-19 15:20:37                      [restDemo]                      [restartedMain]                      INFO                       o.hibernate.orm.connections.pooling                      - HHH10001005: Database info:
	Database JDBC URL [undefined/unknown]
	Database driver: undefined/unknown
	Database version: 8.0.34
	Autocommit mode: undefined/unknown
	Isolation level: undefined/unknown
	Minimum pool size: undefined/unknown
	Maximum pool size: undefined/unknown
2026-07-19 15:20:38                      [restDemo]                      [restartedMain]                      INFO                       o.h.e.t.j.p.i.JtaPlatformInitiator                      - HHH000489: No JTA platform available (set 'hibernate.transaction.jta.platform' to enable JTA platform integration)
2026-07-19 15:20:38                      [restDemo]                      [restartedMain]                      INFO                       o.s.o.j.LocalContainerEntityManagerFactoryBean                      - Initialized JPA EntityManagerFactory for persistence unit 'default'
2026-07-19 15:20:41                      [restDemo]                      [restartedMain]                      WARN                       o.s.b.a.o.j.JpaBaseConfiguration$JpaWebConfiguration                      - spring.jpa.open-in-view is enabled by default. Therefore, database queries may be performed during view rendering. Explicitly configure spring.jpa.open-in-view to disable this warning
2026-07-19 15:20:42                      [restDemo]                      [restartedMain]                      WARN                       o.s.b.a.s.s.UserDetailsServiceAutoConfiguration                      - 

Using generated security password: fb7fcc1a-a1f5-45ee-b14c-f5a9ca1c3e67

This generated password is for development use only. Your security configuration must be updated before running your application in production.

2026-07-19 15:20:42                      [restDemo]                      [restartedMain]                      INFO                       o.s.s.c.a.a.c.InitializeUserDetailsBeanManagerConfigurer$InitializeUserDetailsManagerConfigurer                      - Global AuthenticationManager configured with UserDetailsService bean with name inMemoryUserDetailsManager
2026-07-19 15:20:43                      [restDemo]                      [restartedMain]                      INFO                       o.s.b.d.a.OptionalLiveReloadServer                      - LiveReload server is running on port 35729
2026-07-19 15:20:43                      [restDemo]                      [restartedMain]                      INFO                       o.a.coyote.http11.Http11NioProtocol                      - Starting ProtocolHandler ["http-nio-8001"]
2026-07-19 15:20:43                      [restDemo]                      [restartedMain]                      INFO                       o.s.b.w.e.tomcat.TomcatWebServer                      - Tomcat started on port 8001 (http) with context path '/'
2026-07-19 15:20:43                      [restDemo]                      [restartedMain]                      INFO                       com.restDemo.RestDemoApplication                      - Started RestDemoApplication in 13.195 seconds (process running for 14.128)
2026-07-19 15:20:49                      [restDemo]                      [http-nio-8001-exec-2]                      INFO                       o.a.c.c.C.[Tomcat].[localhost].[/]                      - Initializing Spring DispatcherServlet 'dispatcherServlet'
2026-07-19 15:20:49                      [restDemo]                      [http-nio-8001-exec-2]                      INFO                       o.s.web.servlet.DispatcherServlet                      - Initializing Servlet 'dispatcherServlet'
2026-07-19 15:20:49                      [restDemo]                      [http-nio-8001-exec-2]                      INFO                       o.s.web.servlet.DispatcherServlet                      - Completed initialization in 1 ms
2026-07-19 15:20:52                      [restDemo]                      [http-nio-8001-exec-2]                      DEBUG                      org.hibernate.SQL                      - select u1_0.id,u1_0.city,u1_0.created_at,u1_0.created_by,u1_0.created_date,u1_0.email_id,u1_0.mobile_no,u1_0.name,u1_0.password,u1_0.updated_at,u1_0.updated_by,u1_0.updated_date,u1_0.user_id,u1_0.user_name from users u1_0
2026-07-19 15:20:54                      [restDemo]                      [http-nio-8001-exec-2]                      DEBUG                      org.hibernate.SQL                      - select u1_0.id,u1_0.city,u1_0.created_at,u1_0.created_by,u1_0.created_date,u1_0.email_id,u1_0.mobile_no,u1_0.name,u1_0.password,u1_0.updated_at,u1_0.updated_by,u1_0.updated_date,u1_0.user_id,u1_0.user_name from users u1_0
2026-07-19 15:23:00                      [restDemo]                      [SpringApplicationShutdownHook]                      INFO                       o.s.b.w.e.tomcat.GracefulShutdown                      - Commencing graceful shutdown. Waiting for active requests to complete
2026-07-19 15:23:00                      [restDemo]                      [tomcat-shutdown]                      INFO                       o.s.b.w.e.tomcat.GracefulShutdown                      - Graceful shutdown complete
2026-07-19 15:23:00                      [restDemo]                      [SpringApplicationShutdownHook]                      INFO                       o.s.o.j.LocalContainerEntityManagerFactoryBean                      - Closing JPA EntityManagerFactory for persistence unit 'default'
2026-07-19 15:23:06                      [restDemo]                      [background-preinit]                      INFO                       o.h.validator.internal.util.Version                      - HV000001: Hibernate Validator 8.0.3.Final
2026-07-19 15:23:06                      [restDemo]                      [restartedMain]                      INFO                       com.restDemo.RestDemoApplication                      - Starting RestDemoApplication using Java 23.0.1 with PID 20688 (D:\Spring Boot\Spring boot Projects\restDemo\target\classes started by Zahir in D:\Spring Boot\Spring boot Projects\restDemo)
2026-07-19 15:23:06                      [restDemo]                      [restartedMain]                      INFO                       com.restDemo.RestDemoApplication                      - No active profile set, falling back to 1 default profile: "default"
2026-07-19 15:23:06                      [restDemo]                      [restartedMain]                      INFO                       o.s.b.d.e.DevToolsPropertyDefaultsPostProcessor                      - Devtools property defaults active! Set 'spring.devtools.add-properties' to 'false' to disable
2026-07-19 15:23:06                      [restDemo]                      [restartedMain]                      INFO                       o.s.b.d.e.DevToolsPropertyDefaultsPostProcessor                      - For additional web related logging consider setting the 'logging.level.web' property to 'DEBUG'
2026-07-19 15:23:08                      [restDemo]                      [restartedMain]                      INFO                       o.s.d.r.c.RepositoryConfigurationDelegate                      - Bootstrapping Spring Data JPA repositories in DEFAULT mode.
2026-07-19 15:23:08                      [restDemo]                      [restartedMain]                      INFO                       o.s.d.r.c.RepositoryConfigurationDelegate                      - Finished Spring Data repository scanning in 102 ms. Found 1 JPA repository interface.
2026-07-19 15:23:09                      [restDemo]                      [restartedMain]                      INFO                       o.s.b.w.e.tomcat.TomcatWebServer                      - Tomcat initialized with port 8001 (http)
2026-07-19 15:23:09                      [restDemo]                      [restartedMain]                      INFO                       o.a.coyote.http11.Http11NioProtocol                      - Initializing ProtocolHandler ["http-nio-8001"]
2026-07-19 15:23:09                      [restDemo]                      [restartedMain]                      INFO                       o.a.catalina.core.StandardService                      - Starting service [Tomcat]
2026-07-19 15:23:09                      [restDemo]                      [restartedMain]                      INFO                       o.a.catalina.core.StandardEngine                      - Starting Servlet engine: [Apache Tomcat/10.1.46]
2026-07-19 15:23:09                      [restDemo]                      [restartedMain]                      INFO                       o.a.c.c.C.[Tomcat].[localhost].[/]                      - Initializing Spring embedded WebApplicationContext
2026-07-19 15:23:09                      [restDemo]                      [restartedMain]                      INFO                       o.s.b.w.s.c.ServletWebServerApplicationContext                      - Root WebApplicationContext: initialization completed in 3305 ms
2026-07-19 15:23:10                      [restDemo]                      [restartedMain]                      INFO                       o.h.jpa.internal.util.LogHelper                      - HHH000204: Processing PersistenceUnitInfo [name: default]
2026-07-19 15:23:10                      [restDemo]                      [restartedMain]                      INFO                       org.hibernate.Version                      - HHH000412: Hibernate ORM core version 6.6.29.Final
2026-07-19 15:23:10                      [restDemo]                      [restartedMain]                      INFO                       o.h.c.i.RegionFactoryInitiator                      - HHH000026: Second-level cache disabled
2026-07-19 15:23:10                      [restDemo]                      [restartedMain]                      INFO                       o.s.o.j.p.SpringPersistenceUnitInfo                      - No LoadTimeWeaver setup: ignoring JPA class transformer
2026-07-19 15:23:10                      [restDemo]                      [restartedMain]                      INFO                       com.zaxxer.hikari.HikariDataSource                      - HikariPool-1 - Starting...
2026-07-19 15:23:11                      [restDemo]                      [restartedMain]                      INFO                       com.zaxxer.hikari.pool.HikariPool                      - HikariPool-1 - Added connection com.mysql.cj.jdbc.ConnectionImpl@751410ae
2026-07-19 15:23:11                      [restDemo]                      [restartedMain]                      INFO                       com.zaxxer.hikari.HikariDataSource                      - HikariPool-1 - Start completed.
2026-07-19 15:23:11                      [restDemo]                      [restartedMain]                      WARN                       org.hibernate.orm.deprecation                      - HHH90000025: MySQLDialect does not need to be specified explicitly using 'hibernate.dialect' (remove the property setting and it will be selected by default)
2026-07-19 15:23:11                      [restDemo]                      [restartedMain]                      INFO                       o.hibernate.orm.connections.pooling                      - HHH10001005: Database info:
	Database JDBC URL [undefined/unknown]
	Database driver: undefined/unknown
	Database version: 8.0.34
	Autocommit mode: undefined/unknown
	Isolation level: undefined/unknown
	Minimum pool size: undefined/unknown
	Maximum pool size: undefined/unknown
2026-07-19 15:23:12                      [restDemo]                      [restartedMain]                      INFO                       o.h.e.t.j.p.i.JtaPlatformInitiator                      - HHH000489: No JTA platform available (set 'hibernate.transaction.jta.platform' to enable JTA platform integration)
2026-07-19 15:23:12                      [restDemo]                      [restartedMain]                      INFO                       o.s.o.j.LocalContainerEntityManagerFactoryBean                      - Initialized JPA EntityManagerFactory for persistence unit 'default'
2026-07-19 15:23:14                      [restDemo]                      [restartedMain]                      WARN                       o.s.b.a.o.j.JpaBaseConfiguration$JpaWebConfiguration                      - spring.jpa.open-in-view is enabled by default. Therefore, database queries may be performed during view rendering. Explicitly configure spring.jpa.open-in-view to disable this warning
2026-07-19 15:23:15                      [restDemo]                      [restartedMain]                      WARN                       o.s.b.a.s.s.UserDetailsServiceAutoConfiguration                      - 

Using generated security password: 9d0f3d53-ef6c-4c05-bd91-560caef2ce0d

This generated password is for development use only. Your security configuration must be updated before running your application in production.

2026-07-19 15:23:15                      [restDemo]                      [restartedMain]                      INFO                       o.s.s.c.a.a.c.InitializeUserDetailsBeanManagerConfigurer$InitializeUserDetailsManagerConfigurer                      - Global AuthenticationManager configured with UserDetailsService bean with name inMemoryUserDetailsManager
2026-07-19 15:23:16                      [restDemo]                      [restartedMain]                      INFO                       o.s.b.d.a.OptionalLiveReloadServer                      - LiveReload server is running on port 35729
2026-07-19 15:23:16                      [restDemo]                      [restartedMain]                      INFO                       o.a.coyote.http11.Http11NioProtocol                      - Starting ProtocolHandler ["http-nio-8001"]
2026-07-19 15:23:17                      [restDemo]                      [restartedMain]                      INFO                       o.s.b.w.e.tomcat.TomcatWebServer                      - Tomcat started on port 8001 (http) with context path '/'
2026-07-19 15:23:17                      [restDemo]                      [restartedMain]                      INFO                       com.restDemo.RestDemoApplication                      - Started RestDemoApplication in 11.856 seconds (process running for 12.755)
2026-07-19 15:23:25                      [restDemo]                      [http-nio-8001-exec-4]                      INFO                       o.a.c.c.C.[Tomcat].[localhost].[/]                      - Initializing Spring DispatcherServlet 'dispatcherServlet'
2026-07-19 15:23:25                      [restDemo]                      [http-nio-8001-exec-4]                      INFO                       o.s.web.servlet.DispatcherServlet                      - Initializing Servlet 'dispatcherServlet'
2026-07-19 15:23:25                      [restDemo]                      [http-nio-8001-exec-4]                      INFO                       o.s.web.servlet.DispatcherServlet                      - Completed initialization in 1 ms
2026-07-19 15:23:27                      [restDemo]                      [http-nio-8001-exec-4]                      DEBUG                      org.hibernate.SQL                      - select u1_0.id,u1_0.city,u1_0.created_at,u1_0.created_by,u1_0.created_date,u1_0.email_id,u1_0.mobile_no,u1_0.name,u1_0.password,u1_0.updated_at,u1_0.updated_by,u1_0.updated_date,u1_0.user_id,u1_0.user_name from users u1_0
2026-07-19 15:23:30                      [restDemo]                      [http-nio-8001-exec-4]                      DEBUG                      org.hibernate.SQL                      - select u1_0.id,u1_0.city,u1_0.created_at,u1_0.created_by,u1_0.created_date,u1_0.email_id,u1_0.mobile_no,u1_0.name,u1_0.password,u1_0.updated_at,u1_0.updated_by,u1_0.updated_date,u1_0.user_id,u1_0.user_name from users u1_0
2026-07-19 15:24:29                      [restDemo]                      [HikariPool-1:housekeeper]                      WARN                       com.zaxxer.hikari.pool.HikariPool                      - HikariPool-1 - Thread starvation or clock leap detected (housekeeper delta=1m17s964ms790µs500ns).
2026-07-19 15:24:29                      [restDemo]                      [SpringApplicationShutdownHook]                      INFO                       o.s.b.w.e.tomcat.GracefulShutdown                      - Commencing graceful shutdown. Waiting for active requests to complete
2026-07-19 15:24:29                      [restDemo]                      [tomcat-shutdown]                      INFO                       o.s.b.w.e.tomcat.GracefulShutdown                      - Graceful shutdown complete
2026-07-19 15:24:29                      [restDemo]                      [SpringApplicationShutdownHook]                      INFO                       o.s.o.j.LocalContainerEntityManagerFactoryBean                      - Closing JPA EntityManagerFactory for persistence unit 'default'
2026-07-19 15:24:35                      [restDemo]                      [background-preinit]                      INFO                       o.h.validator.internal.util.Version                      - HV000001: Hibernate Validator 8.0.3.Final
2026-07-19 15:24:35                      [restDemo]                      [restartedMain]                      INFO                       com.restDemo.RestDemoApplication                      - Starting RestDemoApplication using Java 23.0.1 with PID 18612 (D:\Spring Boot\Spring boot Projects\restDemo\target\classes started by Zahir in D:\Spring Boot\Spring boot Projects\restDemo)
2026-07-19 15:24:35                      [restDemo]                      [restartedMain]                      INFO                       com.restDemo.RestDemoApplication                      - No active profile set, falling back to 1 default profile: "default"
2026-07-19 15:24:35                      [restDemo]                      [restartedMain]                      INFO                       o.s.b.d.e.DevToolsPropertyDefaultsPostProcessor                      - Devtools property defaults active! Set 'spring.devtools.add-properties' to 'false' to disable
2026-07-19 15:24:35                      [restDemo]                      [restartedMain]                      INFO                       o.s.b.d.e.DevToolsPropertyDefaultsPostProcessor                      - For additional web related logging consider setting the 'logging.level.web' property to 'DEBUG'
2026-07-19 15:24:37                      [restDemo]                      [restartedMain]                      INFO                       o.s.d.r.c.RepositoryConfigurationDelegate                      - Bootstrapping Spring Data JPA repositories in DEFAULT mode.
2026-07-19 15:24:37                      [restDemo]                      [restartedMain]                      INFO                       o.s.d.r.c.RepositoryConfigurationDelegate                      - Finished Spring Data repository scanning in 96 ms. Found 1 JPA repository interface.
2026-07-19 15:24:38                      [restDemo]                      [restartedMain]                      INFO                       o.s.b.w.e.tomcat.TomcatWebServer                      - Tomcat initialized with port 8001 (http)
2026-07-19 15:24:38                      [restDemo]                      [restartedMain]                      INFO                       o.a.coyote.http11.Http11NioProtocol                      - Initializing ProtocolHandler ["http-nio-8001"]
2026-07-19 15:24:38                      [restDemo]                      [restartedMain]                      INFO                       o.a.catalina.core.StandardService                      - Starting service [Tomcat]
2026-07-19 15:24:38                      [restDemo]                      [restartedMain]                      INFO                       o.a.catalina.core.StandardEngine                      - Starting Servlet engine: [Apache Tomcat/10.1.46]
2026-07-19 15:24:39                      [restDemo]                      [restartedMain]                      INFO                       o.a.c.c.C.[Tomcat].[localhost].[/]                      - Initializing Spring embedded WebApplicationContext
2026-07-19 15:24:39                      [restDemo]                      [restartedMain]                      INFO                       o.s.b.w.s.c.ServletWebServerApplicationContext                      - Root WebApplicationContext: initialization completed in 3135 ms
2026-07-19 15:24:39                      [restDemo]                      [restartedMain]                      INFO                       o.h.jpa.internal.util.LogHelper                      - HHH000204: Processing PersistenceUnitInfo [name: default]
2026-07-19 15:24:39                      [restDemo]                      [restartedMain]                      INFO                       org.hibernate.Version                      - HHH000412: Hibernate ORM core version 6.6.29.Final
2026-07-19 15:24:39                      [restDemo]                      [restartedMain]                      INFO                       o.h.c.i.RegionFactoryInitiator                      - HHH000026: Second-level cache disabled
2026-07-19 15:24:40                      [restDemo]                      [restartedMain]                      INFO                       o.s.o.j.p.SpringPersistenceUnitInfo                      - No LoadTimeWeaver setup: ignoring JPA class transformer
2026-07-19 15:24:40                      [restDemo]                      [restartedMain]                      INFO                       com.zaxxer.hikari.HikariDataSource                      - HikariPool-1 - Starting...
2026-07-19 15:24:40                      [restDemo]                      [restartedMain]                      INFO                       com.zaxxer.hikari.pool.HikariPool                      - HikariPool-1 - Added connection com.mysql.cj.jdbc.ConnectionImpl@10f850e9
2026-07-19 15:24:40                      [restDemo]                      [restartedMain]                      INFO                       com.zaxxer.hikari.HikariDataSource                      - HikariPool-1 - Start completed.
2026-07-19 15:24:40                      [restDemo]                      [restartedMain]                      WARN                       org.hibernate.orm.deprecation                      - HHH90000025: MySQLDialect does not need to be specified explicitly using 'hibernate.dialect' (remove the property setting and it will be selected by default)
2026-07-19 15:24:40                      [restDemo]                      [restartedMain]                      INFO                       o.hibernate.orm.connections.pooling                      - HHH10001005: Database info:
	Database JDBC URL [undefined/unknown]
	Database driver: undefined/unknown
	Database version: 8.0.34
	Autocommit mode: undefined/unknown
	Isolation level: undefined/unknown
	Minimum pool size: undefined/unknown
	Maximum pool size: undefined/unknown
2026-07-19 15:24:41                      [restDemo]                      [restartedMain]                      INFO                       o.h.e.t.j.p.i.JtaPlatformInitiator                      - HHH000489: No JTA platform available (set 'hibernate.transaction.jta.platform' to enable JTA platform integration)
2026-07-19 15:24:41                      [restDemo]                      [restartedMain]                      INFO                       o.s.o.j.LocalContainerEntityManagerFactoryBean                      - Initialized JPA EntityManagerFactory for persistence unit 'default'
2026-07-19 15:24:44                      [restDemo]                      [restartedMain]                      WARN                       o.s.b.a.o.j.JpaBaseConfiguration$JpaWebConfiguration                      - spring.jpa.open-in-view is enabled by default. Therefore, database queries may be performed during view rendering. Explicitly configure spring.jpa.open-in-view to disable this warning
2026-07-19 15:24:45                      [restDemo]                      [restartedMain]                      WARN                       o.s.b.a.s.s.UserDetailsServiceAutoConfiguration                      - 

Using generated security password: 0f486a64-cb86-4277-91f6-aeb43e9551a9

This generated password is for development use only. Your security configuration must be updated before running your application in production.

2026-07-19 15:24:45                      [restDemo]                      [restartedMain]                      INFO                       o.s.s.c.a.a.c.InitializeUserDetailsBeanManagerConfigurer$InitializeUserDetailsManagerConfigurer                      - Global AuthenticationManager configured with UserDetailsService bean with name inMemoryUserDetailsManager
2026-07-19 15:24:46                      [restDemo]                      [restartedMain]                      INFO                       o.s.b.d.a.OptionalLiveReloadServer                      - LiveReload server is running on port 35729
2026-07-19 15:24:46                      [restDemo]                      [restartedMain]                      INFO                       o.a.coyote.http11.Http11NioProtocol                      - Starting ProtocolHandler ["http-nio-8001"]
2026-07-19 15:24:46                      [restDemo]                      [restartedMain]                      INFO                       o.s.b.w.e.tomcat.TomcatWebServer                      - Tomcat started on port 8001 (http) with context path '/'
2026-07-19 15:24:46                      [restDemo]                      [restartedMain]                      INFO                       com.restDemo.RestDemoApplication                      - Started RestDemoApplication in 12.324 seconds (process running for 13.244)
2026-07-19 15:25:09                      [restDemo]                      [http-nio-8001-exec-3]                      INFO                       o.a.c.c.C.[Tomcat].[localhost].[/]                      - Initializing Spring DispatcherServlet 'dispatcherServlet'
2026-07-19 15:25:09                      [restDemo]                      [http-nio-8001-exec-3]                      INFO                       o.s.web.servlet.DispatcherServlet                      - Initializing Servlet 'dispatcherServlet'
2026-07-19 15:25:09                      [restDemo]                      [http-nio-8001-exec-3]                      INFO                       o.s.web.servlet.DispatcherServlet                      - Completed initialization in 2 ms
2026-07-19 15:25:24                      [restDemo]                      [http-nio-8001-exec-3]                      DEBUG                      org.hibernate.SQL                      - select u1_0.id,u1_0.city,u1_0.created_at,u1_0.created_by,u1_0.created_date,u1_0.email_id,u1_0.mobile_no,u1_0.name,u1_0.password,u1_0.updated_at,u1_0.updated_by,u1_0.updated_date,u1_0.user_id,u1_0.user_name from users u1_0
2026-07-19 15:26:32                      [restDemo]                      [HikariPool-1:housekeeper]                      WARN                       com.zaxxer.hikari.pool.HikariPool                      - HikariPool-1 - Thread starvation or clock leap detected (housekeeper delta=1m17s940ms669µs).
2026-07-19 15:26:32                      [restDemo]                      [http-nio-8001-exec-3]                      DEBUG                      org.hibernate.SQL                      - select u1_0.id,u1_0.city,u1_0.created_at,u1_0.created_by,u1_0.created_date,u1_0.email_id,u1_0.mobile_no,u1_0.name,u1_0.password,u1_0.updated_at,u1_0.updated_by,u1_0.updated_date,u1_0.user_id,u1_0.user_name from users u1_0
2026-07-19 15:28:21                      [restDemo]                      [HikariPool-1:housekeeper]                      WARN                       com.zaxxer.hikari.pool.HikariPool                      - HikariPool-1 - Thread starvation or clock leap detected (housekeeper delta=1m48s781ms220µs300ns).
2026-07-19 15:35:53                      [restDemo]                      [SpringApplicationShutdownHook]                      INFO                       o.s.b.w.e.tomcat.GracefulShutdown                      - Commencing graceful shutdown. Waiting for active requests to complete
2026-07-19 15:35:53                      [restDemo]                      [tomcat-shutdown]                      INFO                       o.s.b.w.e.tomcat.GracefulShutdown                      - Graceful shutdown complete
2026-07-19 15:35:53                      [restDemo]                      [SpringApplicationShutdownHook]                      INFO                       o.s.o.j.LocalContainerEntityManagerFactoryBean                      - Closing JPA EntityManagerFactory for persistence unit 'default'
2026-07-19 15:35:59                      [restDemo]                      [background-preinit]                      INFO                       o.h.validator.internal.util.Version                      - HV000001: Hibernate Validator 8.0.3.Final
2026-07-19 15:35:59                      [restDemo]                      [restartedMain]                      INFO                       com.restDemo.RestDemoApplication                      - Starting RestDemoApplication using Java 23.0.1 with PID 3820 (D:\Spring Boot\Spring boot Projects\restDemo\target\classes started by Zahir in D:\Spring Boot\Spring boot Projects\restDemo)
2026-07-19 15:35:59                      [restDemo]                      [restartedMain]                      INFO                       com.restDemo.RestDemoApplication                      - No active profile set, falling back to 1 default profile: "default"
2026-07-19 15:35:59                      [restDemo]                      [restartedMain]                      INFO                       o.s.b.d.e.DevToolsPropertyDefaultsPostProcessor                      - Devtools property defaults active! Set 'spring.devtools.add-properties' to 'false' to disable
2026-07-19 15:35:59                      [restDemo]                      [restartedMain]                      INFO                       o.s.b.d.e.DevToolsPropertyDefaultsPostProcessor                      - For additional web related logging consider setting the 'logging.level.web' property to 'DEBUG'
2026-07-19 15:36:01                      [restDemo]                      [restartedMain]                      INFO                       o.s.d.r.c.RepositoryConfigurationDelegate                      - Bootstrapping Spring Data JPA repositories in DEFAULT mode.
2026-07-19 15:36:01                      [restDemo]                      [restartedMain]                      INFO                       o.s.d.r.c.RepositoryConfigurationDelegate                      - Finished Spring Data repository scanning in 126 ms. Found 1 JPA repository interface.
2026-07-19 15:36:02                      [restDemo]                      [restartedMain]                      INFO                       o.s.b.w.e.tomcat.TomcatWebServer                      - Tomcat initialized with port 8001 (http)
2026-07-19 15:36:03                      [restDemo]                      [restartedMain]                      INFO                       o.a.coyote.http11.Http11NioProtocol                      - Initializing ProtocolHandler ["http-nio-8001"]
2026-07-19 15:36:03                      [restDemo]                      [restartedMain]                      INFO                       o.a.catalina.core.StandardService                      - Starting service [Tomcat]
2026-07-19 15:36:03                      [restDemo]                      [restartedMain]                      INFO                       o.a.catalina.core.StandardEngine                      - Starting Servlet engine: [Apache Tomcat/10.1.46]
2026-07-19 15:36:03                      [restDemo]                      [restartedMain]                      INFO                       o.a.c.c.C.[Tomcat].[localhost].[/]                      - Initializing Spring embedded WebApplicationContext
2026-07-19 15:36:03                      [restDemo]                      [restartedMain]                      INFO                       o.s.b.w.s.c.ServletWebServerApplicationContext                      - Root WebApplicationContext: initialization completed in 3515 ms
2026-07-19 15:36:03                      [restDemo]                      [restartedMain]                      INFO                       o.h.jpa.internal.util.LogHelper                      - HHH000204: Processing PersistenceUnitInfo [name: default]
2026-07-19 15:36:03                      [restDemo]                      [restartedMain]                      INFO                       org.hibernate.Version                      - HHH000412: Hibernate ORM core version 6.6.29.Final
2026-07-19 15:36:03                      [restDemo]                      [restartedMain]                      INFO                       o.h.c.i.RegionFactoryInitiator                      - HHH000026: Second-level cache disabled
2026-07-19 15:36:04                      [restDemo]                      [restartedMain]                      INFO                       o.s.o.j.p.SpringPersistenceUnitInfo                      - No LoadTimeWeaver setup: ignoring JPA class transformer
2026-07-19 15:36:04                      [restDemo]                      [restartedMain]                      INFO                       com.zaxxer.hikari.HikariDataSource                      - HikariPool-1 - Starting...
2026-07-19 15:36:04                      [restDemo]                      [restartedMain]                      INFO                       com.zaxxer.hikari.pool.HikariPool                      - HikariPool-1 - Added connection com.mysql.cj.jdbc.ConnectionImpl@4b253f48
2026-07-19 15:36:04                      [restDemo]                      [restartedMain]                      INFO                       com.zaxxer.hikari.HikariDataSource                      - HikariPool-1 - Start completed.
2026-07-19 15:36:04                      [restDemo]                      [restartedMain]                      WARN                       org.hibernate.orm.deprecation                      - HHH90000025: MySQLDialect does not need to be specified explicitly using 'hibernate.dialect' (remove the property setting and it will be selected by default)
2026-07-19 15:36:04                      [restDemo]                      [restartedMain]                      INFO                       o.hibernate.orm.connections.pooling                      - HHH10001005: Database info:
	Database JDBC URL [undefined/unknown]
	Database driver: undefined/unknown
	Database version: 8.0.34
	Autocommit mode: undefined/unknown
	Isolation level: undefined/unknown
	Minimum pool size: undefined/unknown
	Maximum pool size: undefined/unknown
2026-07-19 15:36:05                      [restDemo]                      [restartedMain]                      INFO                       o.h.e.t.j.p.i.JtaPlatformInitiator                      - HHH000489: No JTA platform available (set 'hibernate.transaction.jta.platform' to enable JTA platform integration)
2026-07-19 15:36:05                      [restDemo]                      [restartedMain]                      INFO                       o.s.o.j.LocalContainerEntityManagerFactoryBean                      - Initialized JPA EntityManagerFactory for persistence unit 'default'
2026-07-19 15:36:08                      [restDemo]                      [restartedMain]                      WARN                       o.s.b.a.o.j.JpaBaseConfiguration$JpaWebConfiguration                      - spring.jpa.open-in-view is enabled by default. Therefore, database queries may be performed during view rendering. Explicitly configure spring.jpa.open-in-view to disable this warning
2026-07-19 15:36:09                      [restDemo]                      [restartedMain]                      WARN                       o.s.b.a.s.s.UserDetailsServiceAutoConfiguration                      - 

Using generated security password: f3d4c266-6337-465e-a1f1-ee2c2f9629a8

This generated password is for development use only. Your security configuration must be updated before running your application in production.

2026-07-19 15:36:09                      [restDemo]                      [restartedMain]                      INFO                       o.s.s.c.a.a.c.InitializeUserDetailsBeanManagerConfigurer$InitializeUserDetailsManagerConfigurer                      - Global AuthenticationManager configured with UserDetailsService bean with name inMemoryUserDetailsManager
2026-07-19 15:36:10                      [restDemo]                      [restartedMain]                      INFO                       o.s.b.d.a.OptionalLiveReloadServer                      - LiveReload server is running on port 35729
2026-07-19 15:36:10                      [restDemo]                      [restartedMain]                      INFO                       o.a.coyote.http11.Http11NioProtocol                      - Starting ProtocolHandler ["http-nio-8001"]
2026-07-19 15:36:10                      [restDemo]                      [restartedMain]                      INFO                       o.s.b.w.e.tomcat.TomcatWebServer                      - Tomcat started on port 8001 (http) with context path '/'
2026-07-19 15:36:10                      [restDemo]                      [restartedMain]                      INFO                       com.restDemo.RestDemoApplication                      - Started RestDemoApplication in 12.411 seconds (process running for 13.347)
2026-07-19 15:36:16                      [restDemo]                      [http-nio-8001-exec-2]                      INFO                       o.a.c.c.C.[Tomcat].[localhost].[/]                      - Initializing Spring DispatcherServlet 'dispatcherServlet'
2026-07-19 15:36:16                      [restDemo]                      [http-nio-8001-exec-2]                      INFO                       o.s.web.servlet.DispatcherServlet                      - Initializing Servlet 'dispatcherServlet'
2026-07-19 15:36:16                      [restDemo]                      [http-nio-8001-exec-2]                      INFO                       o.s.web.servlet.DispatcherServlet                      - Completed initialization in 1 ms
2026-07-19 15:36:25                      [restDemo]                      [http-nio-8001-exec-2]                      DEBUG                      org.hibernate.SQL                      - select u1_0.id,u1_0.city,u1_0.created_at,u1_0.created_by,u1_0.created_date,u1_0.email_id,u1_0.mobile_no,u1_0.name,u1_0.password,u1_0.updated_at,u1_0.updated_by,u1_0.updated_date,u1_0.user_id,u1_0.user_name from users u1_0
2026-07-19 15:36:33                      [restDemo]                      [http-nio-8001-exec-2]                      DEBUG                      org.hibernate.SQL                      - select u1_0.id,u1_0.city,u1_0.created_at,u1_0.created_by,u1_0.created_date,u1_0.email_id,u1_0.mobile_no,u1_0.name,u1_0.password,u1_0.updated_at,u1_0.updated_by,u1_0.updated_date,u1_0.user_id,u1_0.user_name from users u1_0
2026-07-19 15:45:31                      [restDemo]                      [SpringApplicationShutdownHook]                      INFO                       o.s.b.w.e.tomcat.GracefulShutdown                      - Commencing graceful shutdown. Waiting for active requests to complete
2026-07-19 15:45:31                      [restDemo]                      [tomcat-shutdown]                      INFO                       o.s.b.w.e.tomcat.GracefulShutdown                      - Graceful shutdown complete
2026-07-19 15:45:31                      [restDemo]                      [SpringApplicationShutdownHook]                      INFO                       o.s.o.j.LocalContainerEntityManagerFactoryBean                      - Closing JPA EntityManagerFactory for persistence unit 'default'
2026-07-19 15:45:37                      [restDemo]                      [background-preinit]                      INFO                       o.h.validator.internal.util.Version                      - HV000001: Hibernate Validator 8.0.3.Final
2026-07-19 15:45:37                      [restDemo]                      [restartedMain]                      INFO                       com.restDemo.RestDemoApplication                      - Starting RestDemoApplication using Java 23.0.1 with PID 14368 (D:\Spring Boot\Spring boot Projects\restDemo\target\classes started by Zahir in D:\Spring Boot\Spring boot Projects\restDemo)
2026-07-19 15:45:37                      [restDemo]                      [restartedMain]                      INFO                       com.restDemo.RestDemoApplication                      - No active profile set, falling back to 1 default profile: "default"
2026-07-19 15:45:37                      [restDemo]                      [restartedMain]                      INFO                       o.s.b.d.e.DevToolsPropertyDefaultsPostProcessor                      - Devtools property defaults active! Set 'spring.devtools.add-properties' to 'false' to disable
2026-07-19 15:45:37                      [restDemo]                      [restartedMain]                      INFO                       o.s.b.d.e.DevToolsPropertyDefaultsPostProcessor                      - For additional web related logging consider setting the 'logging.level.web' property to 'DEBUG'
2026-07-19 15:45:38                      [restDemo]                      [restartedMain]                      INFO                       o.s.d.r.c.RepositoryConfigurationDelegate                      - Bootstrapping Spring Data JPA repositories in DEFAULT mode.
2026-07-19 15:45:39                      [restDemo]                      [restartedMain]                      INFO                       o.s.d.r.c.RepositoryConfigurationDelegate                      - Finished Spring Data repository scanning in 95 ms. Found 1 JPA repository interface.
2026-07-19 15:45:40                      [restDemo]                      [restartedMain]                      INFO                       o.s.b.w.e.tomcat.TomcatWebServer                      - Tomcat initialized with port 8001 (http)
2026-07-19 15:45:40                      [restDemo]                      [restartedMain]                      INFO                       o.a.coyote.http11.Http11NioProtocol                      - Initializing ProtocolHandler ["http-nio-8001"]
2026-07-19 15:45:40                      [restDemo]                      [restartedMain]                      INFO                       o.a.catalina.core.StandardService                      - Starting service [Tomcat]
2026-07-19 15:45:40                      [restDemo]                      [restartedMain]                      INFO                       o.a.catalina.core.StandardEngine                      - Starting Servlet engine: [Apache Tomcat/10.1.46]
2026-07-19 15:45:40                      [restDemo]                      [restartedMain]                      INFO                       o.a.c.c.C.[Tomcat].[localhost].[/]                      - Initializing Spring embedded WebApplicationContext
2026-07-19 15:45:40                      [restDemo]                      [restartedMain]                      INFO                       o.s.b.w.s.c.ServletWebServerApplicationContext                      - Root WebApplicationContext: initialization completed in 3112 ms
2026-07-19 15:45:40                      [restDemo]                      [restartedMain]                      INFO                       o.h.jpa.internal.util.LogHelper                      - HHH000204: Processing PersistenceUnitInfo [name: default]
2026-07-19 15:45:40                      [restDemo]                      [restartedMain]                      INFO                       org.hibernate.Version                      - HHH000412: Hibernate ORM core version 6.6.29.Final
2026-07-19 15:45:40                      [restDemo]                      [restartedMain]                      INFO                       o.h.c.i.RegionFactoryInitiator                      - HHH000026: Second-level cache disabled
2026-07-19 15:45:41                      [restDemo]                      [restartedMain]                      INFO                       o.s.o.j.p.SpringPersistenceUnitInfo                      - No LoadTimeWeaver setup: ignoring JPA class transformer
2026-07-19 15:45:41                      [restDemo]                      [restartedMain]                      INFO                       com.zaxxer.hikari.HikariDataSource                      - HikariPool-1 - Starting...
2026-07-19 15:45:41                      [restDemo]                      [restartedMain]                      INFO                       com.zaxxer.hikari.pool.HikariPool                      - HikariPool-1 - Added connection com.mysql.cj.jdbc.ConnectionImpl@58eb300b
2026-07-19 15:45:41                      [restDemo]                      [restartedMain]                      INFO                       com.zaxxer.hikari.HikariDataSource                      - HikariPool-1 - Start completed.
2026-07-19 15:45:42                      [restDemo]                      [restartedMain]                      WARN                       org.hibernate.orm.deprecation                      - HHH90000025: MySQLDialect does not need to be specified explicitly using 'hibernate.dialect' (remove the property setting and it will be selected by default)
2026-07-19 15:45:42                      [restDemo]                      [restartedMain]                      INFO                       o.hibernate.orm.connections.pooling                      - HHH10001005: Database info:
	Database JDBC URL [undefined/unknown]
	Database driver: undefined/unknown
	Database version: 8.0.34
	Autocommit mode: undefined/unknown
	Isolation level: undefined/unknown
	Minimum pool size: undefined/unknown
	Maximum pool size: undefined/unknown
2026-07-19 15:45:43                      [restDemo]                      [restartedMain]                      INFO                       o.h.e.t.j.p.i.JtaPlatformInitiator                      - HHH000489: No JTA platform available (set 'hibernate.transaction.jta.platform' to enable JTA platform integration)
2026-07-19 15:45:43                      [restDemo]                      [restartedMain]                      INFO                       o.s.o.j.LocalContainerEntityManagerFactoryBean                      - Initialized JPA EntityManagerFactory for persistence unit 'default'
2026-07-19 15:45:46                      [restDemo]                      [restartedMain]                      WARN                       o.s.b.a.o.j.JpaBaseConfiguration$JpaWebConfiguration                      - spring.jpa.open-in-view is enabled by default. Therefore, database queries may be performed during view rendering. Explicitly configure spring.jpa.open-in-view to disable this warning
2026-07-19 15:45:46                      [restDemo]                      [restartedMain]                      WARN                       o.s.b.a.s.s.UserDetailsServiceAutoConfiguration                      - 

Using generated security password: ba9ac830-03be-412d-858b-57aee7fda208

This generated password is for development use only. Your security configuration must be updated before running your application in production.

2026-07-19 15:45:46                      [restDemo]                      [restartedMain]                      INFO                       o.s.s.c.a.a.c.InitializeUserDetailsBeanManagerConfigurer$InitializeUserDetailsManagerConfigurer                      - Global AuthenticationManager configured with UserDetailsService bean with name inMemoryUserDetailsManager
2026-07-19 15:45:48                      [restDemo]                      [restartedMain]                      INFO                       o.s.b.d.a.OptionalLiveReloadServer                      - LiveReload server is running on port 35729
2026-07-19 15:45:48                      [restDemo]                      [restartedMain]                      INFO                       o.a.coyote.http11.Http11NioProtocol                      - Starting ProtocolHandler ["http-nio-8001"]
2026-07-19 15:45:48                      [restDemo]                      [restartedMain]                      INFO                       o.s.b.w.e.tomcat.TomcatWebServer                      - Tomcat started on port 8001 (http) with context path '/'
2026-07-19 15:45:48                      [restDemo]                      [restartedMain]                      INFO                       com.restDemo.RestDemoApplication                      - Started RestDemoApplication in 12.351 seconds (process running for 13.271)
2026-07-19 15:45:54                      [restDemo]                      [http-nio-8001-exec-1]                      INFO                       o.a.c.c.C.[Tomcat].[localhost].[/]                      - Initializing Spring DispatcherServlet 'dispatcherServlet'
2026-07-19 15:45:54                      [restDemo]                      [http-nio-8001-exec-1]                      INFO                       o.s.web.servlet.DispatcherServlet                      - Initializing Servlet 'dispatcherServlet'
2026-07-19 15:45:54                      [restDemo]                      [http-nio-8001-exec-1]                      INFO                       o.s.web.servlet.DispatcherServlet                      - Completed initialization in 1 ms
2026-07-19 15:45:59                      [restDemo]                      [http-nio-8001-exec-1]                      DEBUG                      org.hibernate.SQL                      - select u1_0.id,u1_0.city,u1_0.created_at,u1_0.created_by,u1_0.created_date,u1_0.email_id,u1_0.mobile_no,u1_0.name,u1_0.password,u1_0.updated_at,u1_0.updated_by,u1_0.updated_date,u1_0.user_id,u1_0.user_name from users u1_0
2026-07-19 15:46:03                      [restDemo]                      [http-nio-8001-exec-1]                      DEBUG                      org.hibernate.SQL                      - select u1_0.id,u1_0.city,u1_0.created_at,u1_0.created_by,u1_0.created_date,u1_0.email_id,u1_0.mobile_no,u1_0.name,u1_0.password,u1_0.updated_at,u1_0.updated_by,u1_0.updated_date,u1_0.user_id,u1_0.user_name from users u1_0
2026-07-19 15:46:39                      [restDemo]                      [HikariPool-1:housekeeper]                      WARN                       com.zaxxer.hikari.pool.HikariPool                      - HikariPool-1 - Thread starvation or clock leap detected (housekeeper delta=57s352ms981µs).
2026-07-19 15:47:53                      [restDemo]                      [HikariPool-1:housekeeper]                      WARN                       com.zaxxer.hikari.pool.HikariPool                      - HikariPool-1 - Thread starvation or clock leap detected (housekeeper delta=1m14s423ms871µs800ns).
2026-07-19 15:47:53                      [restDemo]                      [SpringApplicationShutdownHook]                      INFO                       o.s.b.w.e.tomcat.GracefulShutdown                      - Commencing graceful shutdown. Waiting for active requests to complete
2026-07-19 15:47:53                      [restDemo]                      [tomcat-shutdown]                      INFO                       o.s.b.w.e.tomcat.GracefulShutdown                      - Graceful shutdown complete
2026-07-19 15:47:53                      [restDemo]                      [SpringApplicationShutdownHook]                      INFO                       o.s.o.j.LocalContainerEntityManagerFactoryBean                      - Closing JPA EntityManagerFactory for persistence unit 'default'
2026-07-19 15:48:00                      [restDemo]                      [background-preinit]                      INFO                       o.h.validator.internal.util.Version                      - HV000001: Hibernate Validator 8.0.3.Final
2026-07-19 15:48:00                      [restDemo]                      [restartedMain]                      INFO                       com.restDemo.RestDemoApplication                      - Starting RestDemoApplication using Java 23.0.1 with PID 25288 (D:\Spring Boot\Spring boot Projects\restDemo\target\classes started by Zahir in D:\Spring Boot\Spring boot Projects\restDemo)
2026-07-19 15:48:00                      [restDemo]                      [restartedMain]                      INFO                       com.restDemo.RestDemoApplication                      - No active profile set, falling back to 1 default profile: "default"
2026-07-19 15:48:00                      [restDemo]                      [restartedMain]                      INFO                       o.s.b.d.e.DevToolsPropertyDefaultsPostProcessor                      - Devtools property defaults active! Set 'spring.devtools.add-properties' to 'false' to disable
2026-07-19 15:48:00                      [restDemo]                      [restartedMain]                      INFO                       o.s.b.d.e.DevToolsPropertyDefaultsPostProcessor                      - For additional web related logging consider setting the 'logging.level.web' property to 'DEBUG'
2026-07-19 15:48:02                      [restDemo]                      [restartedMain]                      INFO                       o.s.d.r.c.RepositoryConfigurationDelegate                      - Bootstrapping Spring Data JPA repositories in DEFAULT mode.
2026-07-19 15:48:03                      [restDemo]                      [restartedMain]                      INFO                       o.s.d.r.c.RepositoryConfigurationDelegate                      - Finished Spring Data repository scanning in 261 ms. Found 1 JPA repository interface.
2026-07-19 15:48:04                      [restDemo]                      [restartedMain]                      INFO                       o.s.b.w.e.tomcat.TomcatWebServer                      - Tomcat initialized with port 8001 (http)
2026-07-19 15:48:04                      [restDemo]                      [restartedMain]                      INFO                       o.a.coyote.http11.Http11NioProtocol                      - Initializing ProtocolHandler ["http-nio-8001"]
2026-07-19 15:48:04                      [restDemo]                      [restartedMain]                      INFO                       o.a.catalina.core.StandardService                      - Starting service [Tomcat]
2026-07-19 15:48:04                      [restDemo]                      [restartedMain]                      INFO                       o.a.catalina.core.StandardEngine                      - Starting Servlet engine: [Apache Tomcat/10.1.46]
2026-07-19 15:48:04                      [restDemo]                      [restartedMain]                      INFO                       o.a.c.c.C.[Tomcat].[localhost].[/]                      - Initializing Spring embedded WebApplicationContext
2026-07-19 15:48:04                      [restDemo]                      [restartedMain]                      INFO                       o.s.b.w.s.c.ServletWebServerApplicationContext                      - Root WebApplicationContext: initialization completed in 4103 ms
2026-07-19 15:48:05                      [restDemo]                      [restartedMain]                      INFO                       o.h.jpa.internal.util.LogHelper                      - HHH000204: Processing PersistenceUnitInfo [name: default]
2026-07-19 15:48:05                      [restDemo]                      [restartedMain]                      INFO                       org.hibernate.Version                      - HHH000412: Hibernate ORM core version 6.6.29.Final
2026-07-19 15:48:05                      [restDemo]                      [restartedMain]                      INFO                       o.h.c.i.RegionFactoryInitiator                      - HHH000026: Second-level cache disabled
2026-07-19 15:48:06                      [restDemo]                      [restartedMain]                      INFO                       o.s.o.j.p.SpringPersistenceUnitInfo                      - No LoadTimeWeaver setup: ignoring JPA class transformer
2026-07-19 15:48:06                      [restDemo]                      [restartedMain]                      INFO                       com.zaxxer.hikari.HikariDataSource                      - HikariPool-1 - Starting...
2026-07-19 15:48:06                      [restDemo]                      [restartedMain]                      INFO                       com.zaxxer.hikari.pool.HikariPool                      - HikariPool-1 - Added connection com.mysql.cj.jdbc.ConnectionImpl@35b600a5
2026-07-19 15:48:06                      [restDemo]                      [restartedMain]                      INFO                       com.zaxxer.hikari.HikariDataSource                      - HikariPool-1 - Start completed.
2026-07-19 15:48:07                      [restDemo]                      [restartedMain]                      WARN                       org.hibernate.orm.deprecation                      - HHH90000025: MySQLDialect does not need to be specified explicitly using 'hibernate.dialect' (remove the property setting and it will be selected by default)
2026-07-19 15:48:07                      [restDemo]                      [restartedMain]                      INFO                       o.hibernate.orm.connections.pooling                      - HHH10001005: Database info:
	Database JDBC URL [undefined/unknown]
	Database driver: undefined/unknown
	Database version: 8.0.34
	Autocommit mode: undefined/unknown
	Isolation level: undefined/unknown
	Minimum pool size: undefined/unknown
	Maximum pool size: undefined/unknown
2026-07-19 15:48:08                      [restDemo]                      [restartedMain]                      INFO                       o.h.e.t.j.p.i.JtaPlatformInitiator                      - HHH000489: No JTA platform available (set 'hibernate.transaction.jta.platform' to enable JTA platform integration)
2026-07-19 15:48:09                      [restDemo]                      [restartedMain]                      INFO                       o.s.o.j.LocalContainerEntityManagerFactoryBean                      - Initialized JPA EntityManagerFactory for persistence unit 'default'
2026-07-19 15:48:12                      [restDemo]                      [restartedMain]                      WARN                       o.s.b.a.o.j.JpaBaseConfiguration$JpaWebConfiguration                      - spring.jpa.open-in-view is enabled by default. Therefore, database queries may be performed during view rendering. Explicitly configure spring.jpa.open-in-view to disable this warning
2026-07-19 15:48:13                      [restDemo]                      [restartedMain]                      WARN                       o.s.b.a.s.s.UserDetailsServiceAutoConfiguration                      - 

Using generated security password: 26d1c06d-43aa-4407-9337-497e4818d179

This generated password is for development use only. Your security configuration must be updated before running your application in production.

2026-07-19 15:48:13                      [restDemo]                      [restartedMain]                      INFO                       o.s.s.c.a.a.c.InitializeUserDetailsBeanManagerConfigurer$InitializeUserDetailsManagerConfigurer                      - Global AuthenticationManager configured with UserDetailsService bean with name inMemoryUserDetailsManager
2026-07-19 15:48:15                      [restDemo]                      [restartedMain]                      INFO                       o.s.b.d.a.OptionalLiveReloadServer                      - LiveReload server is running on port 35729
2026-07-19 15:48:15                      [restDemo]                      [restartedMain]                      INFO                       o.a.coyote.http11.Http11NioProtocol                      - Starting ProtocolHandler ["http-nio-8001"]
2026-07-19 15:48:15                      [restDemo]                      [restartedMain]                      INFO                       o.s.b.w.e.tomcat.TomcatWebServer                      - Tomcat started on port 8001 (http) with context path '/'
2026-07-19 15:48:15                      [restDemo]                      [restartedMain]                      INFO                       com.restDemo.RestDemoApplication                      - Started RestDemoApplication in 15.805 seconds (process running for 16.753)
2026-07-19 15:48:23                      [restDemo]                      [http-nio-8001-exec-2]                      INFO                       o.a.c.c.C.[Tomcat].[localhost].[/]                      - Initializing Spring DispatcherServlet 'dispatcherServlet'
2026-07-19 15:48:23                      [restDemo]                      [http-nio-8001-exec-2]                      INFO                       o.s.web.servlet.DispatcherServlet                      - Initializing Servlet 'dispatcherServlet'
2026-07-19 15:48:23                      [restDemo]                      [http-nio-8001-exec-2]                      INFO                       o.s.web.servlet.DispatcherServlet                      - Completed initialization in 2 ms
2026-07-19 15:48:33                      [restDemo]                      [http-nio-8001-exec-2]                      DEBUG                      org.hibernate.SQL                      - select u1_0.id,u1_0.city,u1_0.created_at,u1_0.created_by,u1_0.created_date,u1_0.email_id,u1_0.mobile_no,u1_0.name,u1_0.password,u1_0.updated_at,u1_0.updated_by,u1_0.updated_date,u1_0.user_id,u1_0.user_name from users u1_0
2026-07-19 15:48:41                      [restDemo]                      [http-nio-8001-exec-2]                      DEBUG                      org.hibernate.SQL                      - select u1_0.id,u1_0.city,u1_0.created_at,u1_0.created_by,u1_0.created_date,u1_0.email_id,u1_0.mobile_no,u1_0.name,u1_0.password,u1_0.updated_at,u1_0.updated_by,u1_0.updated_date,u1_0.user_id,u1_0.user_name from users u1_0
2026-07-19 15:49:06                      [restDemo]                      [SpringApplicationShutdownHook]                      INFO                       o.s.b.w.e.tomcat.GracefulShutdown                      - Commencing graceful shutdown. Waiting for active requests to complete
2026-07-19 15:49:07                      [restDemo]                      [tomcat-shutdown]                      INFO                       o.s.b.w.e.tomcat.GracefulShutdown                      - Graceful shutdown complete
2026-07-19 15:49:07                      [restDemo]                      [SpringApplicationShutdownHook]                      INFO                       o.s.o.j.LocalContainerEntityManagerFactoryBean                      - Closing JPA EntityManagerFactory for persistence unit 'default'
2026-07-19 15:49:12                      [restDemo]                      [background-preinit]                      INFO                       o.h.validator.internal.util.Version                      - HV000001: Hibernate Validator 8.0.3.Final
2026-07-19 15:49:12                      [restDemo]                      [restartedMain]                      INFO                       com.restDemo.RestDemoApplication                      - Starting RestDemoApplication using Java 23.0.1 with PID 12140 (D:\Spring Boot\Spring boot Projects\restDemo\target\classes started by Zahir in D:\Spring Boot\Spring boot Projects\restDemo)
2026-07-19 15:49:12                      [restDemo]                      [restartedMain]                      INFO                       com.restDemo.RestDemoApplication                      - No active profile set, falling back to 1 default profile: "default"
2026-07-19 15:49:13                      [restDemo]                      [restartedMain]                      INFO                       o.s.b.d.e.DevToolsPropertyDefaultsPostProcessor                      - Devtools property defaults active! Set 'spring.devtools.add-properties' to 'false' to disable
2026-07-19 15:49:13                      [restDemo]                      [restartedMain]                      INFO                       o.s.b.d.e.DevToolsPropertyDefaultsPostProcessor                      - For additional web related logging consider setting the 'logging.level.web' property to 'DEBUG'
2026-07-19 15:49:14                      [restDemo]                      [restartedMain]                      INFO                       o.s.d.r.c.RepositoryConfigurationDelegate                      - Bootstrapping Spring Data JPA repositories in DEFAULT mode.
2026-07-19 15:49:14                      [restDemo]                      [restartedMain]                      INFO                       o.s.d.r.c.RepositoryConfigurationDelegate                      - Finished Spring Data repository scanning in 103 ms. Found 1 JPA repository interface.
2026-07-19 15:49:15                      [restDemo]                      [restartedMain]                      INFO                       o.s.b.w.e.tomcat.TomcatWebServer                      - Tomcat initialized with port 8001 (http)
2026-07-19 15:49:15                      [restDemo]                      [restartedMain]                      INFO                       o.a.coyote.http11.Http11NioProtocol                      - Initializing ProtocolHandler ["http-nio-8001"]
2026-07-19 15:49:15                      [restDemo]                      [restartedMain]                      INFO                       o.a.catalina.core.StandardService                      - Starting service [Tomcat]
2026-07-19 15:49:15                      [restDemo]                      [restartedMain]                      INFO                       o.a.catalina.core.StandardEngine                      - Starting Servlet engine: [Apache Tomcat/10.1.46]
2026-07-19 15:49:16                      [restDemo]                      [restartedMain]                      INFO                       o.a.c.c.C.[Tomcat].[localhost].[/]                      - Initializing Spring embedded WebApplicationContext
2026-07-19 15:49:16                      [restDemo]                      [restartedMain]                      INFO                       o.s.b.w.s.c.ServletWebServerApplicationContext                      - Root WebApplicationContext: initialization completed in 3039 ms
2026-07-19 15:49:16                      [restDemo]                      [restartedMain]                      INFO                       o.h.jpa.internal.util.LogHelper                      - HHH000204: Processing PersistenceUnitInfo [name: default]
2026-07-19 15:49:16                      [restDemo]                      [restartedMain]                      INFO                       org.hibernate.Version                      - HHH000412: Hibernate ORM core version 6.6.29.Final
2026-07-19 15:49:16                      [restDemo]                      [restartedMain]                      INFO                       o.h.c.i.RegionFactoryInitiator                      - HHH000026: Second-level cache disabled
2026-07-19 15:49:17                      [restDemo]                      [restartedMain]                      INFO                       o.s.o.j.p.SpringPersistenceUnitInfo                      - No LoadTimeWeaver setup: ignoring JPA class transformer
2026-07-19 15:49:17                      [restDemo]                      [restartedMain]                      INFO                       com.zaxxer.hikari.HikariDataSource                      - HikariPool-1 - Starting...
2026-07-19 15:49:17                      [restDemo]                      [restartedMain]                      INFO                       com.zaxxer.hikari.pool.HikariPool                      - HikariPool-1 - Added connection com.mysql.cj.jdbc.ConnectionImpl@4b253f48
2026-07-19 15:49:17                      [restDemo]                      [restartedMain]                      INFO                       com.zaxxer.hikari.HikariDataSource                      - HikariPool-1 - Start completed.
2026-07-19 15:49:17                      [restDemo]                      [restartedMain]                      WARN                       org.hibernate.orm.deprecation                      - HHH90000025: MySQLDialect does not need to be specified explicitly using 'hibernate.dialect' (remove the property setting and it will be selected by default)
2026-07-19 15:49:17                      [restDemo]                      [restartedMain]                      INFO                       o.hibernate.orm.connections.pooling                      - HHH10001005: Database info:
	Database JDBC URL [undefined/unknown]
	Database driver: undefined/unknown
	Database version: 8.0.34
	Autocommit mode: undefined/unknown
	Isolation level: undefined/unknown
	Minimum pool size: undefined/unknown
	Maximum pool size: undefined/unknown
2026-07-19 15:49:18                      [restDemo]                      [restartedMain]                      INFO                       o.h.e.t.j.p.i.JtaPlatformInitiator                      - HHH000489: No JTA platform available (set 'hibernate.transaction.jta.platform' to enable JTA platform integration)
2026-07-19 15:49:19                      [restDemo]                      [restartedMain]                      INFO                       o.s.o.j.LocalContainerEntityManagerFactoryBean                      - Initialized JPA EntityManagerFactory for persistence unit 'default'
2026-07-19 15:49:21                      [restDemo]                      [restartedMain]                      WARN                       o.s.b.a.o.j.JpaBaseConfiguration$JpaWebConfiguration                      - spring.jpa.open-in-view is enabled by default. Therefore, database queries may be performed during view rendering. Explicitly configure spring.jpa.open-in-view to disable this warning
2026-07-19 15:49:22                      [restDemo]                      [restartedMain]                      WARN                       o.s.b.a.s.s.UserDetailsServiceAutoConfiguration                      - 

Using generated security password: d1d73b09-57af-4b29-94d2-6298e82b20f4

This generated password is for development use only. Your security configuration must be updated before running your application in production.

2026-07-19 15:49:22                      [restDemo]                      [restartedMain]                      INFO                       o.s.s.c.a.a.c.InitializeUserDetailsBeanManagerConfigurer$InitializeUserDetailsManagerConfigurer                      - Global AuthenticationManager configured with UserDetailsService bean with name inMemoryUserDetailsManager
2026-07-19 15:49:23                      [restDemo]                      [restartedMain]                      INFO                       o.s.b.d.a.OptionalLiveReloadServer                      - LiveReload server is running on port 35729
2026-07-19 15:49:23                      [restDemo]                      [restartedMain]                      INFO                       o.a.coyote.http11.Http11NioProtocol                      - Starting ProtocolHandler ["http-nio-8001"]
2026-07-19 15:49:23                      [restDemo]                      [restartedMain]                      INFO                       o.s.b.w.e.tomcat.TomcatWebServer                      - Tomcat started on port 8001 (http) with context path '/'
2026-07-19 15:49:23                      [restDemo]                      [restartedMain]                      INFO                       com.restDemo.RestDemoApplication                      - Started RestDemoApplication in 11.996 seconds (process running for 12.956)
2026-07-19 15:49:31                      [restDemo]                      [http-nio-8001-exec-3]                      INFO                       o.a.c.c.C.[Tomcat].[localhost].[/]                      - Initializing Spring DispatcherServlet 'dispatcherServlet'
2026-07-19 15:49:31                      [restDemo]                      [http-nio-8001-exec-3]                      INFO                       o.s.web.servlet.DispatcherServlet                      - Initializing Servlet 'dispatcherServlet'
2026-07-19 15:49:31                      [restDemo]                      [http-nio-8001-exec-3]                      INFO                       o.s.web.servlet.DispatcherServlet                      - Completed initialization in 1 ms
2026-07-19 15:49:40                      [restDemo]                      [http-nio-8001-exec-3]                      DEBUG                      org.hibernate.SQL                      - select u1_0.id,u1_0.city,u1_0.created_at,u1_0.created_by,u1_0.created_date,u1_0.email_id,u1_0.mobile_no,u1_0.name,u1_0.password,u1_0.updated_at,u1_0.updated_by,u1_0.updated_date,u1_0.user_id,u1_0.user_name from users u1_0
2026-07-19 15:49:44                      [restDemo]                      [http-nio-8001-exec-3]                      DEBUG                      org.hibernate.SQL                      - select u1_0.id,u1_0.city,u1_0.created_at,u1_0.created_by,u1_0.created_date,u1_0.email_id,u1_0.mobile_no,u1_0.name,u1_0.password,u1_0.updated_at,u1_0.updated_by,u1_0.updated_date,u1_0.user_id,u1_0.user_name from users u1_0
2026-07-19 16:12:51                      [restDemo]                      [HikariPool-1:housekeeper]                      WARN                       com.zaxxer.hikari.pool.HikariPool                      - HikariPool-1 - Thread starvation or clock leap detected (housekeeper delta=23m2s565ms4µs900ns).
2026-07-19 16:47:12                      [restDemo]                      [SpringApplicationShutdownHook]                      INFO                       o.s.b.w.e.tomcat.GracefulShutdown                      - Commencing graceful shutdown. Waiting for active requests to complete
2026-07-19 16:47:12                      [restDemo]                      [tomcat-shutdown]                      INFO                       o.s.b.w.e.tomcat.GracefulShutdown                      - Graceful shutdown complete
2026-07-19 16:47:12                      [restDemo]                      [SpringApplicationShutdownHook]                      INFO                       o.s.o.j.LocalContainerEntityManagerFactoryBean                      - Closing JPA EntityManagerFactory for persistence unit 'default'
2026-07-19 16:58:39                      [restDemo]                      [background-preinit]                      INFO                       o.h.validator.internal.util.Version                      - HV000001: Hibernate Validator 8.0.3.Final
2026-07-19 16:58:39                      [restDemo]                      [restartedMain]                      INFO                       com.restDemo.RestDemoApplication                      - Starting RestDemoApplication using Java 23.0.1 with PID 23140 (D:\Spring Boot\Spring boot Projects\restDemo\target\classes started by Zahir in D:\Spring Boot\Spring boot Projects\restDemo)
2026-07-19 16:58:39                      [restDemo]                      [restartedMain]                      INFO                       com.restDemo.RestDemoApplication                      - No active profile set, falling back to 1 default profile: "default"
2026-07-19 16:58:39                      [restDemo]                      [restartedMain]                      INFO                       o.s.b.d.e.DevToolsPropertyDefaultsPostProcessor                      - Devtools property defaults active! Set 'spring.devtools.add-properties' to 'false' to disable
2026-07-19 16:58:39                      [restDemo]                      [restartedMain]                      INFO                       o.s.b.d.e.DevToolsPropertyDefaultsPostProcessor                      - For additional web related logging consider setting the 'logging.level.web' property to 'DEBUG'
2026-07-19 16:58:41                      [restDemo]                      [restartedMain]                      INFO                       o.s.d.r.c.RepositoryConfigurationDelegate                      - Bootstrapping Spring Data JPA repositories in DEFAULT mode.
2026-07-19 16:58:41                      [restDemo]                      [restartedMain]                      INFO                       o.s.d.r.c.RepositoryConfigurationDelegate                      - Finished Spring Data repository scanning in 112 ms. Found 1 JPA repository interface.
2026-07-19 16:58:42                      [restDemo]                      [restartedMain]                      INFO                       o.s.b.w.e.tomcat.TomcatWebServer                      - Tomcat initialized with port 8001 (http)
2026-07-19 16:58:42                      [restDemo]                      [restartedMain]                      INFO                       o.a.coyote.http11.Http11NioProtocol                      - Initializing ProtocolHandler ["http-nio-8001"]
2026-07-19 16:58:42                      [restDemo]                      [restartedMain]                      INFO                       o.a.catalina.core.StandardService                      - Starting service [Tomcat]
2026-07-19 16:58:42                      [restDemo]                      [restartedMain]                      INFO                       o.a.catalina.core.StandardEngine                      - Starting Servlet engine: [Apache Tomcat/10.1.46]
2026-07-19 16:58:42                      [restDemo]                      [restartedMain]                      INFO                       o.a.c.c.C.[Tomcat].[localhost].[/]                      - Initializing Spring embedded WebApplicationContext
2026-07-19 16:58:42                      [restDemo]                      [restartedMain]                      INFO                       o.s.b.w.s.c.ServletWebServerApplicationContext                      - Root WebApplicationContext: initialization completed in 3126 ms
2026-07-19 16:58:43                      [restDemo]                      [restartedMain]                      INFO                       o.h.jpa.internal.util.LogHelper                      - HHH000204: Processing PersistenceUnitInfo [name: default]
2026-07-19 16:58:43                      [restDemo]                      [restartedMain]                      INFO                       org.hibernate.Version                      - HHH000412: Hibernate ORM core version 6.6.29.Final
2026-07-19 16:58:43                      [restDemo]                      [restartedMain]                      INFO                       o.h.c.i.RegionFactoryInitiator                      - HHH000026: Second-level cache disabled
2026-07-19 16:58:43                      [restDemo]                      [restartedMain]                      INFO                       o.s.o.j.p.SpringPersistenceUnitInfo                      - No LoadTimeWeaver setup: ignoring JPA class transformer
2026-07-19 16:58:43                      [restDemo]                      [restartedMain]                      INFO                       com.zaxxer.hikari.HikariDataSource                      - HikariPool-1 - Starting...
2026-07-19 16:58:44                      [restDemo]                      [restartedMain]                      INFO                       com.zaxxer.hikari.pool.HikariPool                      - HikariPool-1 - Added connection com.mysql.cj.jdbc.ConnectionImpl@3ba196b8
2026-07-19 16:58:44                      [restDemo]                      [restartedMain]                      INFO                       com.zaxxer.hikari.HikariDataSource                      - HikariPool-1 - Start completed.
2026-07-19 16:58:44                      [restDemo]                      [restartedMain]                      WARN                       org.hibernate.orm.deprecation                      - HHH90000025: MySQLDialect does not need to be specified explicitly using 'hibernate.dialect' (remove the property setting and it will be selected by default)
2026-07-19 16:58:44                      [restDemo]                      [restartedMain]                      INFO                       o.hibernate.orm.connections.pooling                      - HHH10001005: Database info:
	Database JDBC URL [undefined/unknown]
	Database driver: undefined/unknown
	Database version: 8.0.34
	Autocommit mode: undefined/unknown
	Isolation level: undefined/unknown
	Minimum pool size: undefined/unknown
	Maximum pool size: undefined/unknown
2026-07-19 16:58:45                      [restDemo]                      [restartedMain]                      INFO                       o.h.e.t.j.p.i.JtaPlatformInitiator                      - HHH000489: No JTA platform available (set 'hibernate.transaction.jta.platform' to enable JTA platform integration)
2026-07-19 16:58:45                      [restDemo]                      [restartedMain]                      INFO                       o.s.o.j.LocalContainerEntityManagerFactoryBean                      - Initialized JPA EntityManagerFactory for persistence unit 'default'
2026-07-19 16:58:46                      [restDemo]                      [restartedMain]                      WARN                       o.s.b.a.o.j.JpaBaseConfiguration$JpaWebConfiguration                      - spring.jpa.open-in-view is enabled by default. Therefore, database queries may be performed during view rendering. Explicitly configure spring.jpa.open-in-view to disable this warning
2026-07-19 16:58:47                      [restDemo]                      [restartedMain]                      WARN                       o.s.b.a.s.s.UserDetailsServiceAutoConfiguration                      - 

Using generated security password: fee2a7cb-48f7-4b66-9de4-4e8465fb7760

This generated password is for development use only. Your security configuration must be updated before running your application in production.

2026-07-19 16:58:47                      [restDemo]                      [restartedMain]                      INFO                       o.s.s.c.a.a.c.InitializeUserDetailsBeanManagerConfigurer$InitializeUserDetailsManagerConfigurer                      - Global AuthenticationManager configured with UserDetailsService bean with name inMemoryUserDetailsManager
2026-07-19 16:58:47                      [restDemo]                      [restartedMain]                      INFO                       o.s.b.d.a.OptionalLiveReloadServer                      - LiveReload server is running on port 35729
2026-07-19 16:58:47                      [restDemo]                      [restartedMain]                      INFO                       o.a.coyote.http11.Http11NioProtocol                      - Starting ProtocolHandler ["http-nio-8001"]
2026-07-19 16:58:47                      [restDemo]                      [restartedMain]                      INFO                       o.s.b.w.e.tomcat.TomcatWebServer                      - Tomcat started on port 8001 (http) with context path '/'
2026-07-19 16:58:47                      [restDemo]                      [restartedMain]                      INFO                       com.restDemo.RestDemoApplication                      - Started RestDemoApplication in 9.547 seconds (process running for 11.319)
2026-07-19 16:58:51                      [restDemo]                      [SpringApplicationShutdownHook]                      INFO                       o.s.b.w.e.tomcat.GracefulShutdown                      - Commencing graceful shutdown. Waiting for active requests to complete
2026-07-19 16:58:51                      [restDemo]                      [tomcat-shutdown]                      INFO                       o.s.b.w.e.tomcat.GracefulShutdown                      - Graceful shutdown complete
2026-07-19 16:58:51                      [restDemo]                      [SpringApplicationShutdownHook]                      INFO                       o.s.o.j.LocalContainerEntityManagerFactoryBean                      - Closing JPA EntityManagerFactory for persistence unit 'default'
